solid OpenSCAD_Model
  facet normal -0.887006 0.461758 0
    outer loop
      vertex 3.5074 -2.025 0.299999
      vertex 3.67055 -1.7116 7.7
      vertex 3.67055 -1.7116 0.299999
    endloop
  endfacet
  facet normal -0.887006 0.461758 0
    outer loop
      vertex 3.67055 -1.7116 7.7
      vertex 3.5074 -2.025 0.299999
      vertex 3.5074 -2.025 7.7
    endloop
  endfacet
  facet normal -0.991444 -0.130534 0
    outer loop
      vertex 4.03459 0.352981 0.299999
      vertex 3.98847 0.703275 7.7
      vertex 3.98847 0.703275 0.299999
    endloop
  endfacet
  facet normal -0.991444 -0.130534 0
    outer loop
      vertex 3.98847 0.703275 7.7
      vertex 4.03459 0.352981 0.299999
      vertex 4.03459 0.352981 7.7
    endloop
  endfacet
  facet normal -0.999048 -0.0436152 0
    outer loop
      vertex 4.05 0 0.299999
      vertex 4.03459 0.352981 7.7
      vertex 4.03459 0.352981 0.299999
    endloop
  endfacet
  facet normal -0.999048 -0.0436152 0
    outer loop
      vertex 4.03459 0.352981 7.7
      vertex 4.05 0 0.299999
      vertex 4.05 0 7.7
    endloop
  endfacet
  facet normal -0.976297 -0.216433 0
    outer loop
      vertex 3.98847 0.703275 0.299999
      vertex 3.912 1.04822 7.7
      vertex 3.912 1.04822 0.299999
    endloop
  endfacet
  facet normal -0.976297 -0.216433 0
    outer loop
      vertex 3.912 1.04822 7.7
      vertex 3.98847 0.703275 0.299999
      vertex 3.98847 0.703275 7.7
    endloop
  endfacet
  facet normal -0.608745 -0.793366 0
    outer loop
      vertex 2.32298 3.31756 0.299999
      vertex 2.60329 3.10248 7.7
      vertex 2.32298 3.31756 7.7
    endloop
  endfacet
  facet normal -0.608745 -0.793366 -0
    outer loop
      vertex 2.60329 3.10248 7.7
      vertex 2.32298 3.31756 0.299999
      vertex 2.60329 3.10248 0.299999
    endloop
  endfacet
  facet normal 0.923887 0.382665 0
    outer loop
      vertex -3.67055 -1.7116 7.7
      vertex -3.80575 -1.38518 0.299999
      vertex -3.80575 -1.38518 7.7
    endloop
  endfacet
  facet normal 0.923887 0.382665 0
    outer loop
      vertex -3.80575 -1.38518 0.299999
      vertex -3.67055 -1.7116 7.7
      vertex -3.67055 -1.7116 0.299999
    endloop
  endfacet
  facet normal -0.461758 -0.887006 0
    outer loop
      vertex 1.7116 3.67055 0.299999
      vertex 2.025 3.5074 7.7
      vertex 1.7116 3.67055 7.7
    endloop
  endfacet
  facet normal -0.461758 -0.887006 -0
    outer loop
      vertex 2.025 3.5074 7.7
      vertex 1.7116 3.67055 0.299999
      vertex 2.025 3.5074 0.299999
    endloop
  endfacet
  facet normal -0.675598 -0.73727 0
    outer loop
      vertex 2.60329 3.10248 0.299999
      vertex 2.86378 2.86378 7.7
      vertex 2.60329 3.10248 7.7
    endloop
  endfacet
  facet normal -0.675598 -0.73727 -0
    outer loop
      vertex 2.86378 2.86378 7.7
      vertex 2.60329 3.10248 0.299999
      vertex 2.86378 2.86378 0.299999
    endloop
  endfacet
  facet normal -0.991444 0.130534 0
    outer loop
      vertex 3.98847 -0.703275 0.299999
      vertex 4.03459 -0.352981 7.7
      vertex 4.03459 -0.352981 0.299999
    endloop
  endfacet
  facet normal -0.991444 0.130534 0
    outer loop
      vertex 4.03459 -0.352981 7.7
      vertex 3.98847 -0.703275 0.299999
      vertex 3.98847 -0.703275 7.7
    endloop
  endfacet
  facet normal 0.300724 0.953711 -0
    outer loop
      vertex -1.04822 -3.912 0.299999
      vertex -1.38518 -3.80575 7.7
      vertex -1.04822 -3.912 7.7
    endloop
  endfacet
  facet normal 0.300724 0.953711 0
    outer loop
      vertex -1.38518 -3.80575 7.7
      vertex -1.04822 -3.912 0.299999
      vertex -1.38518 -3.80575 0.299999
    endloop
  endfacet
  facet normal -0.953711 -0.300724 0
    outer loop
      vertex 3.912 1.04822 0.299999
      vertex 3.80575 1.38518 7.7
      vertex 3.80575 1.38518 0.299999
    endloop
  endfacet
  facet normal -0.953711 -0.300724 0
    outer loop
      vertex 3.80575 1.38518 7.7
      vertex 3.912 1.04822 0.299999
      vertex 3.912 1.04822 7.7
    endloop
  endfacet
  facet normal 0.843384 0.537311 0
    outer loop
      vertex -3.31756 -2.32298 7.7
      vertex -3.5074 -2.025 0.299999
      vertex -3.5074 -2.025 7.7
    endloop
  endfacet
  facet normal 0.843384 0.537311 0
    outer loop
      vertex -3.5074 -2.025 0.299999
      vertex -3.31756 -2.32298 7.7
      vertex -3.31756 -2.32298 0.299999
    endloop
  endfacet
  facet normal 0.793366 0.608745 0
    outer loop
      vertex -3.10248 -2.60329 7.7
      vertex -3.31756 -2.32298 0.299999
      vertex -3.31756 -2.32298 7.7
    endloop
  endfacet
  facet normal 0.793366 0.608745 0
    outer loop
      vertex -3.31756 -2.32298 0.299999
      vertex -3.10248 -2.60329 7.7
      vertex -3.10248 -2.60329 0.299999
    endloop
  endfacet
  facet normal -0.382665 -0.923887 0
    outer loop
      vertex 1.38518 3.80575 0.299999
      vertex 1.7116 3.67055 7.7
      vertex 1.38518 3.80575 7.7
    endloop
  endfacet
  facet normal -0.382665 -0.923887 -0
    outer loop
      vertex 1.7116 3.67055 7.7
      vertex 1.38518 3.80575 0.299999
      vertex 1.7116 3.67055 0.299999
    endloop
  endfacet
  facet normal 0.793366 -0.608745 0
    outer loop
      vertex -3.31756 2.32298 7.7
      vertex -3.10248 2.60329 0.299999
      vertex -3.10248 2.60329 7.7
    endloop
  endfacet
  facet normal 0.793366 -0.608745 0
    outer loop
      vertex -3.10248 2.60329 0.299999
      vertex -3.31756 2.32298 7.7
      vertex -3.31756 2.32298 0.299999
    endloop
  endfacet
  facet normal -0.976297 0.216433 0
    outer loop
      vertex 3.912 -1.04822 0.299999
      vertex 3.98847 -0.703275 7.7
      vertex 3.98847 -0.703275 0.299999
    endloop
  endfacet
  facet normal -0.976297 0.216433 0
    outer loop
      vertex 3.98847 -0.703275 7.7
      vertex 3.912 -1.04822 0.299999
      vertex 3.912 -1.04822 7.7
    endloop
  endfacet
  facet normal 0.130534 0.991444 -0
    outer loop
      vertex -0.352981 -4.03459 0.299999
      vertex -0.703275 -3.98847 7.7
      vertex -0.352981 -4.03459 7.7
    endloop
  endfacet
  facet normal 0.130534 0.991444 0
    outer loop
      vertex -0.703275 -3.98847 7.7
      vertex -0.352981 -4.03459 0.299999
      vertex -0.703275 -3.98847 0.299999
    endloop
  endfacet
  facet normal -0.843384 0.537311 0
    outer loop
      vertex 3.31756 -2.32298 0.299999
      vertex 3.5074 -2.025 7.7
      vertex 3.5074 -2.025 0.299999
    endloop
  endfacet
  facet normal -0.843384 0.537311 0
    outer loop
      vertex 3.5074 -2.025 7.7
      vertex 3.31756 -2.32298 0.299999
      vertex 3.31756 -2.32298 7.7
    endloop
  endfacet
  facet normal 0.843384 -0.537311 0
    outer loop
      vertex -3.5074 2.025 7.7
      vertex -3.31756 2.32298 0.299999
      vertex -3.31756 2.32298 7.7
    endloop
  endfacet
  facet normal 0.843384 -0.537311 0
    outer loop
      vertex -3.31756 2.32298 0.299999
      vertex -3.5074 2.025 7.7
      vertex -3.5074 2.025 0.299999
    endloop
  endfacet
  facet normal -0.0436152 0.999048 0
    outer loop
      vertex 0.352981 -4.03459 0.299999
      vertex 0 -4.05 7.7
      vertex 0.352981 -4.03459 7.7
    endloop
  endfacet
  facet normal -0.0436152 0.999048 0
    outer loop
      vertex 0 -4.05 7.7
      vertex 0.352981 -4.03459 0.299999
      vertex 0 -4.05 0.299999
    endloop
  endfacet
  facet normal 0.461758 0.887006 -0
    outer loop
      vertex -1.7116 -3.67055 0.299999
      vertex -2.025 -3.5074 7.7
      vertex -1.7116 -3.67055 7.7
    endloop
  endfacet
  facet normal 0.461758 0.887006 0
    outer loop
      vertex -2.025 -3.5074 7.7
      vertex -1.7116 -3.67055 0.299999
      vertex -2.025 -3.5074 0.299999
    endloop
  endfacet
  facet normal -0.73727 -0.675598 0
    outer loop
      vertex 3.10248 2.60329 0.299999
      vertex 2.86378 2.86378 7.7
      vertex 2.86378 2.86378 0.299999
    endloop
  endfacet
  facet normal -0.73727 -0.675598 0
    outer loop
      vertex 2.86378 2.86378 7.7
      vertex 3.10248 2.60329 0.299999
      vertex 3.10248 2.60329 7.7
    endloop
  endfacet
  facet normal -0.843384 -0.537311 0
    outer loop
      vertex 3.5074 2.025 0.299999
      vertex 3.31756 2.32298 7.7
      vertex 3.31756 2.32298 0.299999
    endloop
  endfacet
  facet normal -0.843384 -0.537311 0
    outer loop
      vertex 3.31756 2.32298 7.7
      vertex 3.5074 2.025 0.299999
      vertex 3.5074 2.025 7.7
    endloop
  endfacet
  facet normal 0.0436152 0.999048 -0
    outer loop
      vertex 0 -4.05 0.299999
      vertex -0.352981 -4.03459 7.7
      vertex 0 -4.05 7.7
    endloop
  endfacet
  facet normal 0.0436152 0.999048 0
    outer loop
      vertex -0.352981 -4.03459 7.7
      vertex 0 -4.05 0.299999
      vertex -0.352981 -4.03459 0.299999
    endloop
  endfacet
  facet normal -0.300724 0.953711 0
    outer loop
      vertex 1.38518 -3.80575 0.299999
      vertex 1.04822 -3.912 7.7
      vertex 1.38518 -3.80575 7.7
    endloop
  endfacet
  facet normal -0.300724 0.953711 0
    outer loop
      vertex 1.04822 -3.912 7.7
      vertex 1.38518 -3.80575 0.299999
      vertex 1.04822 -3.912 0.299999
    endloop
  endfacet
  facet normal -0.608745 0.793366 0
    outer loop
      vertex 2.60329 -3.10248 0.299999
      vertex 2.32298 -3.31756 7.7
      vertex 2.60329 -3.10248 7.7
    endloop
  endfacet
  facet normal -0.608745 0.793366 0
    outer loop
      vertex 2.32298 -3.31756 7.7
      vertex 2.60329 -3.10248 0.299999
      vertex 2.32298 -3.31756 0.299999
    endloop
  endfacet
  facet normal -0.130534 0.991444 0
    outer loop
      vertex 0.703275 -3.98847 0.299999
      vertex 0.352981 -4.03459 7.7
      vertex 0.703275 -3.98847 7.7
    endloop
  endfacet
  facet normal -0.130534 0.991444 0
    outer loop
      vertex 0.352981 -4.03459 7.7
      vertex 0.703275 -3.98847 0.299999
      vertex 0.352981 -4.03459 0.299999
    endloop
  endfacet
  facet normal 0.675598 -0.73727 0
    outer loop
      vertex -2.86378 2.86378 0.299999
      vertex -2.60329 3.10248 7.7
      vertex -2.86378 2.86378 7.7
    endloop
  endfacet
  facet normal 0.675598 -0.73727 0
    outer loop
      vertex -2.60329 3.10248 7.7
      vertex -2.86378 2.86378 0.299999
      vertex -2.60329 3.10248 0.299999
    endloop
  endfacet
  facet normal -0.953711 0.300724 0
    outer loop
      vertex 3.80575 -1.38518 0.299999
      vertex 3.912 -1.04822 7.7
      vertex 3.912 -1.04822 0.299999
    endloop
  endfacet
  facet normal -0.953711 0.300724 0
    outer loop
      vertex 3.912 -1.04822 7.7
      vertex 3.80575 -1.38518 0.299999
      vertex 3.80575 -1.38518 7.7
    endloop
  endfacet
  facet normal 0.999048 0.0436152 0
    outer loop
      vertex -4.03459 -0.352981 7.7
      vertex -4.05 0 0.299999
      vertex -4.05 0 7.7
    endloop
  endfacet
  facet normal 0.999048 0.0436152 0
    outer loop
      vertex -4.05 0 0.299999
      vertex -4.03459 -0.352981 7.7
      vertex -4.03459 -0.352981 0.299999
    endloop
  endfacet
  facet normal -0.382665 0.923887 0
    outer loop
      vertex 1.7116 -3.67055 0.299999
      vertex 1.38518 -3.80575 7.7
      vertex 1.7116 -3.67055 7.7
    endloop
  endfacet
  facet normal -0.382665 0.923887 0
    outer loop
      vertex 1.38518 -3.80575 7.7
      vertex 1.7116 -3.67055 0.299999
      vertex 1.38518 -3.80575 0.299999
    endloop
  endfacet
  facet normal 0.216433 0.976297 -0
    outer loop
      vertex -0.703275 -3.98847 0.299999
      vertex -1.04822 -3.912 7.7
      vertex -0.703275 -3.98847 7.7
    endloop
  endfacet
  facet normal 0.216433 0.976297 0
    outer loop
      vertex -1.04822 -3.912 7.7
      vertex -0.703275 -3.98847 0.299999
      vertex -1.04822 -3.912 0.299999
    endloop
  endfacet
  facet normal 0.675598 0.73727 -0
    outer loop
      vertex -2.60329 -3.10248 0.299999
      vertex -2.86378 -2.86378 7.7
      vertex -2.60329 -3.10248 7.7
    endloop
  endfacet
  facet normal 0.675598 0.73727 0
    outer loop
      vertex -2.86378 -2.86378 7.7
      vertex -2.60329 -3.10248 0.299999
      vertex -2.86378 -2.86378 0.299999
    endloop
  endfacet
  facet normal 0.537311 -0.843384 0
    outer loop
      vertex -2.32298 3.31756 0.299999
      vertex -2.025 3.5074 7.7
      vertex -2.32298 3.31756 7.7
    endloop
  endfacet
  facet normal 0.537311 -0.843384 0
    outer loop
      vertex -2.025 3.5074 7.7
      vertex -2.32298 3.31756 0.299999
      vertex -2.025 3.5074 0.299999
    endloop
  endfacet
  facet normal 0.999048 -0.0436152 0
    outer loop
      vertex -4.05 0 7.7
      vertex -4.03459 0.352981 0.299999
      vertex -4.03459 0.352981 7.7
    endloop
  endfacet
  facet normal 0.999048 -0.0436152 0
    outer loop
      vertex -4.03459 0.352981 0.299999
      vertex -4.05 0 7.7
      vertex -4.05 0 0.299999
    endloop
  endfacet
  facet normal -0.0436152 -0.999048 0
    outer loop
      vertex 0 4.05 0.299999
      vertex 0.352981 4.03459 7.7
      vertex 0 4.05 7.7
    endloop
  endfacet
  facet normal -0.0436152 -0.999048 -0
    outer loop
      vertex 0.352981 4.03459 7.7
      vertex 0 4.05 0.299999
      vertex 0.352981 4.03459 0.299999
    endloop
  endfacet
  facet normal -0.793366 0.608745 0
    outer loop
      vertex 3.10248 -2.60329 0.299999
      vertex 3.31756 -2.32298 7.7
      vertex 3.31756 -2.32298 0.299999
    endloop
  endfacet
  facet normal -0.793366 0.608745 0
    outer loop
      vertex 3.31756 -2.32298 7.7
      vertex 3.10248 -2.60329 0.299999
      vertex 3.10248 -2.60329 7.7
    endloop
  endfacet
  facet normal -0.130534 -0.991444 0
    outer loop
      vertex 0.352981 4.03459 0.299999
      vertex 0.703275 3.98847 7.7
      vertex 0.352981 4.03459 7.7
    endloop
  endfacet
  facet normal -0.130534 -0.991444 -0
    outer loop
      vertex 0.703275 3.98847 7.7
      vertex 0.352981 4.03459 0.299999
      vertex 0.703275 3.98847 0.299999
    endloop
  endfacet
  facet normal -0.537311 -0.843384 0
    outer loop
      vertex 2.025 3.5074 0.299999
      vertex 2.32298 3.31756 7.7
      vertex 2.025 3.5074 7.7
    endloop
  endfacet
  facet normal -0.537311 -0.843384 -0
    outer loop
      vertex 2.32298 3.31756 7.7
      vertex 2.025 3.5074 0.299999
      vertex 2.32298 3.31756 0.299999
    endloop
  endfacet
  facet normal 0.953711 0.300724 0
    outer loop
      vertex -3.80575 -1.38518 7.7
      vertex -3.912 -1.04822 0.299999
      vertex -3.912 -1.04822 7.7
    endloop
  endfacet
  facet normal 0.953711 0.300724 0
    outer loop
      vertex -3.912 -1.04822 0.299999
      vertex -3.80575 -1.38518 7.7
      vertex -3.80575 -1.38518 0.299999
    endloop
  endfacet
  facet normal 0.216433 -0.976297 0
    outer loop
      vertex -1.04822 3.912 0.299999
      vertex -0.703275 3.98847 7.7
      vertex -1.04822 3.912 7.7
    endloop
  endfacet
  facet normal 0.216433 -0.976297 0
    outer loop
      vertex -0.703275 3.98847 7.7
      vertex -1.04822 3.912 0.299999
      vertex -0.703275 3.98847 0.299999
    endloop
  endfacet
  facet normal 0.976297 -0.216433 0
    outer loop
      vertex -3.98847 0.703275 7.7
      vertex -3.912 1.04822 0.299999
      vertex -3.912 1.04822 7.7
    endloop
  endfacet
  facet normal 0.976297 -0.216433 0
    outer loop
      vertex -3.912 1.04822 0.299999
      vertex -3.98847 0.703275 7.7
      vertex -3.98847 0.703275 0.299999
    endloop
  endfacet
  facet normal 0.300724 -0.953711 0
    outer loop
      vertex -1.38518 3.80575 0.299999
      vertex -1.04822 3.912 7.7
      vertex -1.38518 3.80575 7.7
    endloop
  endfacet
  facet normal 0.300724 -0.953711 0
    outer loop
      vertex -1.04822 3.912 7.7
      vertex -1.38518 3.80575 0.299999
      vertex -1.04822 3.912 0.299999
    endloop
  endfacet
  facet normal -0.923887 -0.382665 0
    outer loop
      vertex 3.80575 1.38518 0.299999
      vertex 3.67055 1.7116 7.7
      vertex 3.67055 1.7116 0.299999
    endloop
  endfacet
  facet normal -0.923887 -0.382665 0
    outer loop
      vertex 3.67055 1.7116 7.7
      vertex 3.80575 1.38518 0.299999
      vertex 3.80575 1.38518 7.7
    endloop
  endfacet
  facet normal 0.73727 0.675598 0
    outer loop
      vertex -2.86378 -2.86378 7.7
      vertex -3.10248 -2.60329 0.299999
      vertex -3.10248 -2.60329 7.7
    endloop
  endfacet
  facet normal 0.73727 0.675598 0
    outer loop
      vertex -3.10248 -2.60329 0.299999
      vertex -2.86378 -2.86378 7.7
      vertex -2.86378 -2.86378 0.299999
    endloop
  endfacet
  facet normal -0.73727 0.675598 0
    outer loop
      vertex 2.86378 -2.86378 0.299999
      vertex 3.10248 -2.60329 7.7
      vertex 3.10248 -2.60329 0.299999
    endloop
  endfacet
  facet normal -0.73727 0.675598 0
    outer loop
      vertex 3.10248 -2.60329 7.7
      vertex 2.86378 -2.86378 0.299999
      vertex 2.86378 -2.86378 7.7
    endloop
  endfacet
  facet normal -0.461758 0.887006 0
    outer loop
      vertex 2.025 -3.5074 0.299999
      vertex 1.7116 -3.67055 7.7
      vertex 2.025 -3.5074 7.7
    endloop
  endfacet
  facet normal -0.461758 0.887006 0
    outer loop
      vertex 1.7116 -3.67055 7.7
      vertex 2.025 -3.5074 0.299999
      vertex 1.7116 -3.67055 0.299999
    endloop
  endfacet
  facet normal -0.887006 -0.461758 0
    outer loop
      vertex 3.67055 1.7116 0.299999
      vertex 3.5074 2.025 7.7
      vertex 3.5074 2.025 0.299999
    endloop
  endfacet
  facet normal -0.887006 -0.461758 0
    outer loop
      vertex 3.5074 2.025 7.7
      vertex 3.67055 1.7116 0.299999
      vertex 3.67055 1.7116 7.7
    endloop
  endfacet
  facet normal 0.73727 -0.675598 0
    outer loop
      vertex -3.10248 2.60329 7.7
      vertex -2.86378 2.86378 0.299999
      vertex -2.86378 2.86378 7.7
    endloop
  endfacet
  facet normal 0.73727 -0.675598 0
    outer loop
      vertex -2.86378 2.86378 0.299999
      vertex -3.10248 2.60329 7.7
      vertex -3.10248 2.60329 0.299999
    endloop
  endfacet
  facet normal -0.216433 -0.976297 0
    outer loop
      vertex 0.703275 3.98847 0.299999
      vertex 1.04822 3.912 7.7
      vertex 0.703275 3.98847 7.7
    endloop
  endfacet
  facet normal -0.216433 -0.976297 -0
    outer loop
      vertex 1.04822 3.912 7.7
      vertex 0.703275 3.98847 0.299999
      vertex 1.04822 3.912 0.299999
    endloop
  endfacet
  facet normal -0.999048 0.0436152 0
    outer loop
      vertex 4.03459 -0.352981 0.299999
      vertex 4.05 0 7.7
      vertex 4.05 0 0.299999
    endloop
  endfacet
  facet normal -0.999048 0.0436152 0
    outer loop
      vertex 4.05 0 7.7
      vertex 4.03459 -0.352981 0.299999
      vertex 4.03459 -0.352981 7.7
    endloop
  endfacet
  facet normal 0.382665 -0.923887 0
    outer loop
      vertex -1.7116 3.67055 0.299999
      vertex -1.38518 3.80575 7.7
      vertex -1.7116 3.67055 7.7
    endloop
  endfacet
  facet normal 0.382665 -0.923887 0
    outer loop
      vertex -1.38518 3.80575 7.7
      vertex -1.7116 3.67055 0.299999
      vertex -1.38518 3.80575 0.299999
    endloop
  endfacet
  facet normal -0.300724 -0.953711 0
    outer loop
      vertex 1.04822 3.912 0.299999
      vertex 1.38518 3.80575 7.7
      vertex 1.04822 3.912 7.7
    endloop
  endfacet
  facet normal -0.300724 -0.953711 -0
    outer loop
      vertex 1.38518 3.80575 7.7
      vertex 1.04822 3.912 0.299999
      vertex 1.38518 3.80575 0.299999
    endloop
  endfacet
  facet normal -0.675598 0.73727 0
    outer loop
      vertex 2.86378 -2.86378 0.299999
      vertex 2.60329 -3.10248 7.7
      vertex 2.86378 -2.86378 7.7
    endloop
  endfacet
  facet normal -0.675598 0.73727 0
    outer loop
      vertex 2.60329 -3.10248 7.7
      vertex 2.86378 -2.86378 0.299999
      vertex 2.60329 -3.10248 0.299999
    endloop
  endfacet
  facet normal 0.461758 -0.887006 0
    outer loop
      vertex -2.025 3.5074 0.299999
      vertex -1.7116 3.67055 7.7
      vertex -2.025 3.5074 7.7
    endloop
  endfacet
  facet normal 0.461758 -0.887006 0
    outer loop
      vertex -1.7116 3.67055 7.7
      vertex -2.025 3.5074 0.299999
      vertex -1.7116 3.67055 0.299999
    endloop
  endfacet
  facet normal 0.130534 -0.991444 0
    outer loop
      vertex -0.703275 3.98847 0.299999
      vertex -0.352981 4.03459 7.7
      vertex -0.703275 3.98847 7.7
    endloop
  endfacet
  facet normal 0.130534 -0.991444 0
    outer loop
      vertex -0.352981 4.03459 7.7
      vertex -0.703275 3.98847 0.299999
      vertex -0.352981 4.03459 0.299999
    endloop
  endfacet
  facet normal 0.887006 -0.461758 0
    outer loop
      vertex -3.67055 1.7116 7.7
      vertex -3.5074 2.025 0.299999
      vertex -3.5074 2.025 7.7
    endloop
  endfacet
  facet normal 0.887006 -0.461758 0
    outer loop
      vertex -3.5074 2.025 0.299999
      vertex -3.67055 1.7116 7.7
      vertex -3.67055 1.7116 0.299999
    endloop
  endfacet
  facet normal 0.608745 0.793366 -0
    outer loop
      vertex -2.32298 -3.31756 0.299999
      vertex -2.60329 -3.10248 7.7
      vertex -2.32298 -3.31756 7.7
    endloop
  endfacet
  facet normal 0.608745 0.793366 0
    outer loop
      vertex -2.60329 -3.10248 7.7
      vertex -2.32298 -3.31756 0.299999
      vertex -2.60329 -3.10248 0.299999
    endloop
  endfacet
  facet normal 0.0436152 -0.999048 0
    outer loop
      vertex -0.352981 4.03459 0.299999
      vertex 0 4.05 7.7
      vertex -0.352981 4.03459 7.7
    endloop
  endfacet
  facet normal 0.0436152 -0.999048 0
    outer loop
      vertex 0 4.05 7.7
      vertex -0.352981 4.03459 0.299999
      vertex 0 4.05 0.299999
    endloop
  endfacet
  facet normal -0.537311 0.843384 0
    outer loop
      vertex 2.32298 -3.31756 0.299999
      vertex 2.025 -3.5074 7.7
      vertex 2.32298 -3.31756 7.7
    endloop
  endfacet
  facet normal -0.537311 0.843384 0
    outer loop
      vertex 2.025 -3.5074 7.7
      vertex 2.32298 -3.31756 0.299999
      vertex 2.025 -3.5074 0.299999
    endloop
  endfacet
  facet normal -0.923887 0.382665 0
    outer loop
      vertex 3.67055 -1.7116 0.299999
      vertex 3.80575 -1.38518 7.7
      vertex 3.80575 -1.38518 0.299999
    endloop
  endfacet
  facet normal -0.923887 0.382665 0
    outer loop
      vertex 3.80575 -1.38518 7.7
      vertex 3.67055 -1.7116 0.299999
      vertex 3.67055 -1.7116 7.7
    endloop
  endfacet
  facet normal 0.953711 -0.300724 0
    outer loop
      vertex -3.912 1.04822 7.7
      vertex -3.80575 1.38518 0.299999
      vertex -3.80575 1.38518 7.7
    endloop
  endfacet
  facet normal 0.953711 -0.300724 0
    outer loop
      vertex -3.80575 1.38518 0.299999
      vertex -3.912 1.04822 7.7
      vertex -3.912 1.04822 0.299999
    endloop
  endfacet
  facet normal -0.793366 -0.608745 0
    outer loop
      vertex 3.31756 2.32298 0.299999
      vertex 3.10248 2.60329 7.7
      vertex 3.10248 2.60329 0.299999
    endloop
  endfacet
  facet normal -0.793366 -0.608745 0
    outer loop
      vertex 3.10248 2.60329 7.7
      vertex 3.31756 2.32298 0.299999
      vertex 3.31756 2.32298 7.7
    endloop
  endfacet
  facet normal 0.991444 0.130534 0
    outer loop
      vertex -3.98847 -0.703275 7.7
      vertex -4.03459 -0.352981 0.299999
      vertex -4.03459 -0.352981 7.7
    endloop
  endfacet
  facet normal 0.991444 0.130534 0
    outer loop
      vertex -4.03459 -0.352981 0.299999
      vertex -3.98847 -0.703275 7.7
      vertex -3.98847 -0.703275 0.299999
    endloop
  endfacet
  facet normal 0.537311 0.843384 -0
    outer loop
      vertex -2.025 -3.5074 0.299999
      vertex -2.32298 -3.31756 7.7
      vertex -2.025 -3.5074 7.7
    endloop
  endfacet
  facet normal 0.537311 0.843384 0
    outer loop
      vertex -2.32298 -3.31756 7.7
      vertex -2.025 -3.5074 0.299999
      vertex -2.32298 -3.31756 0.299999
    endloop
  endfacet
  facet normal 0.991444 -0.130534 0
    outer loop
      vertex -4.03459 0.352981 7.7
      vertex -3.98847 0.703275 0.299999
      vertex -3.98847 0.703275 7.7
    endloop
  endfacet
  facet normal 0.991444 -0.130534 0
    outer loop
      vertex -3.98847 0.703275 0.299999
      vertex -4.03459 0.352981 7.7
      vertex -4.03459 0.352981 0.299999
    endloop
  endfacet
  facet normal -0.216433 0.976297 0
    outer loop
      vertex 1.04822 -3.912 0.299999
      vertex 0.703275 -3.98847 7.7
      vertex 1.04822 -3.912 7.7
    endloop
  endfacet
  facet normal -0.216433 0.976297 0
    outer loop
      vertex 0.703275 -3.98847 7.7
      vertex 1.04822 -3.912 0.299999
      vertex 0.703275 -3.98847 0.299999
    endloop
  endfacet
  facet normal 0.382665 0.923887 -0
    outer loop
      vertex -1.38518 -3.80575 0.299999
      vertex -1.7116 -3.67055 7.7
      vertex -1.38518 -3.80575 7.7
    endloop
  endfacet
  facet normal 0.382665 0.923887 0
    outer loop
      vertex -1.7116 -3.67055 7.7
      vertex -1.38518 -3.80575 0.299999
      vertex -1.7116 -3.67055 0.299999
    endloop
  endfacet
  facet normal 0.608745 -0.793366 0
    outer loop
      vertex -2.60329 3.10248 0.299999
      vertex -2.32298 3.31756 7.7
      vertex -2.60329 3.10248 7.7
    endloop
  endfacet
  facet normal 0.608745 -0.793366 0
    outer loop
      vertex -2.32298 3.31756 7.7
      vertex -2.60329 3.10248 0.299999
      vertex -2.32298 3.31756 0.299999
    endloop
  endfacet
  facet normal 0.887006 0.461758 0
    outer loop
      vertex -3.5074 -2.025 7.7
      vertex -3.67055 -1.7116 0.299999
      vertex -3.67055 -1.7116 7.7
    endloop
  endfacet
  facet normal 0.887006 0.461758 0
    outer loop
      vertex -3.67055 -1.7116 0.299999
      vertex -3.5074 -2.025 7.7
      vertex -3.5074 -2.025 0.299999
    endloop
  endfacet
  facet normal 0.976297 0.216433 0
    outer loop
      vertex -3.912 -1.04822 7.7
      vertex -3.98847 -0.703275 0.299999
      vertex -3.98847 -0.703275 7.7
    endloop
  endfacet
  facet normal 0.976297 0.216433 0
    outer loop
      vertex -3.98847 -0.703275 0.299999
      vertex -3.912 -1.04822 7.7
      vertex -3.912 -1.04822 0.299999
    endloop
  endfacet
  facet normal 0.923887 -0.382665 0
    outer loop
      vertex -3.80575 1.38518 7.7
      vertex -3.67055 1.7116 0.299999
      vertex -3.67055 1.7116 7.7
    endloop
  endfacet
  facet normal 0.923887 -0.382665 0
    outer loop
      vertex -3.67055 1.7116 0.299999
      vertex -3.80575 1.38518 7.7
      vertex -3.80575 1.38518 0.299999
    endloop
  endfacet
  facet normal -0.0453007 0.0446548 -0.997975
    outer loop
      vertex -1.62884 -3.71669 0.299999
      vertex -1.89432 -3.98601 0.299999
      vertex -1.86481 -3.62319 0.314894
    endloop
  endfacet
  facet normal -0.0294646 0.0433948 -0.998623
    outer loop
      vertex -2.84805 -4.29081 0.314894
      vertex -1.89432 -3.98601 0.299999
      vertex -2.5647 -4.44119 0.299999
    endloop
  endfacet
  facet normal -0.0294641 0.0433934 -0.998623
    outer loop
      vertex -1.89432 -3.98601 0.299999
      vertex -2.84805 -4.29081 0.314894
      vertex -1.86481 -3.62319 0.314894
    endloop
  endfacet
  facet normal -0.371571 -0.904196 -0.210627
    outer loop
      vertex -1.86481 -3.62319 0.314894
      vertex -1.89372 -3.60784 0.299999
      vertex -1.62884 -3.71669 0.299999
    endloop
  endfacet
  facet normal -0.540626 -0.81448 0.210582
    outer loop
      vertex -2.40497 -3.2685 0.299999
      vertex -1.86481 -3.62319 0.314894
      vertex -2.61465 -3.12547 0.314894
    endloop
  endfacet
  facet normal -0.540689 -0.814603 0.209948
    outer loop
      vertex -1.86481 -3.62319 0.314894
      vertex -2.40497 -3.2685 0.299999
      vertex -1.89372 -3.60784 0.299999
    endloop
  endfacet
  facet normal 0.052451 -8.32203e-05 0.998623
    outer loop
      vertex -2.5641 -4.06303 0.299999
      vertex -2.84805 -4.29081 0.314894
      vertex -2.5647 -4.44119 0.299999
    endloop
  endfacet
  facet normal 0.0623718 -0.0124919 0.997975
    outer loop
      vertex -2.61465 -3.12547 0.314894
      vertex -2.5641 -4.06303 0.299999
      vertex -2.40497 -3.2685 0.299999
    endloop
  endfacet
  facet normal 0.062371 -0.012492 0.997975
    outer loop
      vertex -2.5641 -4.06303 0.299999
      vertex -2.61465 -3.12547 0.314894
      vertex -2.84805 -4.29081 0.314894
    endloop
  endfacet
  facet normal -0.0357293 0.0526205 -0.997975
    outer loop
      vertex -1.86481 -3.62319 0.314894
      vertex -2.84805 -4.29081 0.314894
      vertex -2.53494 -3.19047 0.361702
    endloop
  endfacet
  facet normal -0.0204441 0.0482986 -0.998624
    outer loop
      vertex -2.84805 -4.29081 0.314894
      vertex -3.6294 -3.65374 0.361702
      vertex -2.53494 -3.19047 0.361702
    endloop
  endfacet
  facet normal -0.540648 -0.814513 -0.210398
    outer loop
      vertex -2.53494 -3.19047 0.361702
      vertex -2.61465 -3.12547 0.314894
      vertex -1.86481 -3.62319 0.314894
    endloop
  endfacet
  facet normal -0.689009 -0.693626 0.210118
    outer loop
      vertex -2.53494 -3.19047 0.361702
      vertex -3.17345 -2.55621 0.361702
      vertex -2.61465 -3.12547 0.314894
    endloop
  endfacet
  facet normal 0.0514262 -0.0102999 0.998624
    outer loop
      vertex -2.61465 -3.12547 0.314894
      vertex -3.6294 -3.65374 0.361702
      vertex -2.84805 -4.29081 0.314894
    endloop
  endfacet
  facet normal 0.0587374 -0.0244014 0.997975
    outer loop
      vertex -3.17345 -2.55621 0.361702
      vertex -3.6294 -3.65374 0.361702
      vertex -2.61465 -3.12547 0.314894
    endloop
  endfacet
  facet normal -0.0247934 0.0585735 -0.997975
    outer loop
      vertex -2.53494 -3.19047 0.361702
      vertex -3.6294 -3.65374 0.361702
      vertex -3.10792 -2.63549 0.40851
    endloop
  endfacet
  facet normal -0.0106433 0.0513566 -0.998624
    outer loop
      vertex -3.6294 -3.65374 0.361702
      vertex -4.27167 -2.87667 0.40851
      vertex -3.10792 -2.63549 0.40851
    endloop
  endfacet
  facet normal -0.688995 -0.693611 -0.210214
    outer loop
      vertex -3.10792 -2.63549 0.40851
      vertex -3.17345 -2.55621 0.361702
      vertex -2.53494 -3.19047 0.361702
    endloop
  endfacet
  facet normal -0.810898 -0.546088 0.210312
    outer loop
      vertex -3.10792 -2.63549 0.40851
      vertex -3.61064 -1.88899 0.40851
      vertex -3.17345 -2.55621 0.361702
    endloop
  endfacet
  facet normal 0.0484344 -0.0201212 0.998624
    outer loop
      vertex -3.17345 -2.55621 0.361702
      vertex -4.27167 -2.87667 0.40851
      vertex -3.6294 -3.65374 0.361702
    endloop
  endfacet
  facet normal 0.0528583 -0.0353768 0.997975
    outer loop
      vertex -3.61064 -1.88899 0.40851
      vertex -4.27167 -2.87667 0.40851
      vertex -3.17345 -2.55621 0.361702
    endloop
  endfacet
  facet normal -0.0129072 0.0622805 -0.997975
    outer loop
      vertex -3.10792 -2.63549 0.40851
      vertex -4.27167 -2.87667 0.40851
      vertex -3.56181 -1.97951 0.455318
    endloop
  endfacet
  facet normal -0.000434235 0.0524453 -0.998624
    outer loop
      vertex -4.27167 -2.87667 0.40851
      vertex -4.75025 -1.98935 0.455318
      vertex -3.56181 -1.97951 0.455318
    endloop
  endfacet
  facet normal -0.81093 -0.546109 -0.210137
    outer loop
      vertex -3.56181 -1.97951 0.455318
      vertex -3.61064 -1.88899 0.40851
      vertex -3.10792 -2.63549 0.40851
    endloop
  endfacet
  facet normal -0.901735 -0.377648 0.21037
    outer loop
      vertex -3.56181 -1.97951 0.455318
      vertex -3.90947 -1.14938 0.455318
      vertex -3.61064 -1.88899 0.40851
    endloop
  endfacet
  facet normal 0.0435861 -0.0291711 0.998624
    outer loop
      vertex -3.61064 -1.88899 0.40851
      vertex -4.75025 -1.98935 0.455318
      vertex -4.27167 -2.87667 0.40851
    endloop
  endfacet
  facet normal 0.0449532 -0.0449965 0.997975
    outer loop
      vertex -3.90947 -1.14938 0.455318
      vertex -4.75025 -1.98935 0.455318
      vertex -3.61064 -1.88899 0.40851
    endloop
  endfacet
  facet normal -0.000526623 0.0636037 -0.997975
    outer loop
      vertex -3.56181 -1.97951 0.455318
      vertex -4.75025 -1.98935 0.455318
      vertex -3.87921 -1.24768 0.502127
    endloop
  endfacet
  facet normal 0.0097914 0.0515268 -0.998624
    outer loop
      vertex -4.75025 -1.98935 0.455318
      vertex -5.04679 -1.02581 0.502127
      vertex -3.87921 -1.24768 0.502127
    endloop
  endfacet
  facet normal -0.901779 -0.377667 -0.210148
    outer loop
      vertex -3.87921 -1.24768 0.502127
      vertex -3.90947 -1.14938 0.455318
      vertex -3.56181 -1.97951 0.455318
    endloop
  endfacet
  facet normal -0.958029 -0.194733 0.210381
    outer loop
      vertex -3.87921 -1.24768 0.502127
      vertex -4.05848 -0.365723 0.502127
      vertex -3.90947 -1.14938 0.455318
    endloop
  endfacet
  facet normal 0.0370692 -0.0371049 0.998624
    outer loop
      vertex -3.90947 -1.14938 0.455318
      vertex -5.04679 -1.02581 0.502127
      vertex -4.75025 -1.98935 0.455318
    endloop
  endfacet
  facet normal 0.0353271 -0.0528932 0.997975
    outer loop
      vertex -4.05848 -0.365723 0.502127
      vertex -5.04679 -1.02581 0.502127
      vertex -3.90947 -1.14938 0.455318
    endloop
  endfacet
  facet normal 0.0118742 0.0624877 -0.997975
    outer loop
      vertex -3.87921 -1.24768 0.502127
      vertex -5.04679 -1.02581 0.502127
      vertex -4.04795 -0.46804 0.548936
    endloop
  endfacet
  facet normal 0.0196422 0.0486315 -0.998624
    outer loop
      vertex -5.04679 -1.02581 0.502127
      vertex -5.14994 -0.0229483 0.548936
      vertex -4.04795 -0.46804 0.548936
    endloop
  endfacet
  facet normal -0.958077 -0.194743 -0.21015
    outer loop
      vertex -4.04795 -0.46804 0.548936
      vertex -4.05848 -0.365723 0.502127
      vertex -3.87921 -1.24768 0.502127
    endloop
  endfacet
  facet normal -0.977606 -0.00435585 0.210398
    outer loop
      vertex -4.05196 0.431945 0.548936
      vertex -4.05848 -0.365723 0.502127
      vertex -4.04795 -0.46804 0.548936
    endloop
  endfacet
  facet normal 0.0291302 -0.043615 0.998624
    outer loop
      vertex -4.05848 -0.365723 0.502127
      vertex -5.14994 -0.0229483 0.548936
      vertex -5.04679 -1.02581 0.502127
    endloop
  endfacet
  facet normal 0.0243453 -0.0587625 0.997975
    outer loop
      vertex -4.05196 0.431945 0.548936
      vertex -5.14994 -0.0229483 0.548936
      vertex -4.05848 -0.365723 0.502127
    endloop
  endfacet
  facet normal 0.0238203 0.0589759 -0.997975
    outer loop
      vertex -4.04795 -0.46804 0.548936
      vertex -5.14994 -0.0229483 0.548936
      vertex -4.06158 0.329538 0.595744
    endloop
  endfacet
  facet normal 0.0287398 0.0438722 -0.998624
    outer loop
      vertex -4.06158 0.329538 0.595744
      vertex -5.14994 -0.0229483 0.548936
      vertex -5.05573 0.980786 0.595744
    endloop
  endfacet
  facet normal -0.977596 -0.00435581 -0.210446
    outer loop
      vertex -4.04795 -0.46804 0.548936
      vertex -4.06158 0.329538 0.595744
      vertex -4.05196 0.431945 0.548936
    endloop
  endfacet
  facet normal -0.959785 0.186195 0.210103
    outer loop
      vertex -4.05196 0.431945 0.548936
      vertex -4.06158 0.329538 0.595744
      vertex -3.89018 1.21306 0.595744
    endloop
  endfacet
  facet normal 0.0200744 -0.0484538 0.998624
    outer loop
      vertex -5.05573 0.980786 0.595744
      vertex -5.14994 -0.0229483 0.548936
      vertex -4.05196 0.431945 0.548936
    endloop
  endfacet
  facet normal 0.0124308 -0.0623779 0.997975
    outer loop
      vertex -3.89018 1.21306 0.595744
      vertex -5.05573 0.980786 0.595744
      vertex -4.05196 0.431945 0.548936
    endloop
  endfacet
  facet normal 0.034854 0.0532057 -0.997975
    outer loop
      vertex -4.06158 0.329538 0.595744
      vertex -5.05573 0.980786 0.595744
      vertex -3.91955 1.11449 0.642553
    endloop
  endfacet
  facet normal 0.0367367 0.0374336 -0.998624
    outer loop
      vertex -3.91955 1.11449 0.642553
      vertex -5.05573 0.980786 0.595744
      vertex -4.76779 1.94694 0.642553
    endloop
  endfacet
  facet normal -0.959781 0.186194 -0.210123
    outer loop
      vertex -3.89018 1.21306 0.595744
      vertex -4.06158 0.329538 0.595744
      vertex -3.91955 1.11449 0.642553
    endloop
  endfacet
  facet normal -0.905064 0.369586 0.210394
    outer loop
      vertex -3.89018 1.21306 0.595744
      vertex -3.91955 1.11449 0.642553
      vertex -3.57931 1.94769 0.642553
    endloop
  endfacet
  facet normal 0.0102505 -0.051437 0.998624
    outer loop
      vertex -4.76779 1.94694 0.642553
      vertex -5.05573 0.980786 0.595744
      vertex -3.89018 1.21306 0.595744
    endloop
  endfacet
  facet normal 4.01389e-05 -0.0636058 0.997975
    outer loop
      vertex -3.57931 1.94769 0.642553
      vertex -4.76779 1.94694 0.642553
      vertex -3.89018 1.21306 0.595744
    endloop
  endfacet
  facet normal 0.0445508 0.0453958 -0.997975
    outer loop
      vertex -3.91955 1.11449 0.642553
      vertex -4.76779 1.94694 0.642553
      vertex -3.62733 1.85673 0.689361
    endloop
  endfacet
  facet normal 0.0433247 0.0295588 -0.998624
    outer loop
      vertex -3.62733 1.85673 0.689361
      vertex -4.76779 1.94694 0.642553
      vertex -4.29714 2.83848 0.689361
    endloop
  endfacet
  facet normal -0.905082 0.369593 -0.210302
    outer loop
      vertex -3.57931 1.94769 0.642553
      vertex -3.91955 1.11449 0.642553
      vertex -3.62733 1.85673 0.689361
    endloop
  endfacet
  facet normal -0.815749 0.538843 0.21024
    outer loop
      vertex -3.57931 1.94769 0.642553
      vertex -3.62733 1.85673 0.689361
      vertex -3.13129 2.60768 0.689361
    endloop
  endfacet
  facet normal 3.30975e-05 -0.0524476 0.998624
    outer loop
      vertex -4.29714 2.83848 0.689361
      vertex -4.76779 1.94694 0.642553
      vertex -3.57931 1.94769 0.642553
    endloop
  endfacet
  facet normal -0.0123519 -0.0623938 0.997975
    outer loop
      vertex -3.13129 2.60768 0.689361
      vertex -4.29714 2.83848 0.689361
      vertex -3.57931 1.94769 0.642553
    endloop
  endfacet
  facet normal 0.0525423 0.0358476 -0.997975
    outer loop
      vertex -3.62733 1.85673 0.689361
      vertex -4.29714 2.83848 0.689361
      vertex -3.19611 2.52782 0.73617
    endloop
  endfacet
  facet normal 0.0482542 0.0205523 -0.998624
    outer loop
      vertex -3.19611 2.52782 0.73617
      vertex -4.29714 2.83848 0.689361
      vertex -3.66182 3.62125 0.73617
    endloop
  endfacet
  facet normal -0.815736 0.538834 -0.210316
    outer loop
      vertex -3.13129 2.60768 0.689361
      vertex -3.62733 1.85673 0.689361
      vertex -3.19611 2.52782 0.73617
    endloop
  endfacet
  facet normal -0.695147 0.687445 0.210215
    outer loop
      vertex -3.13129 2.60768 0.689361
      vertex -3.19611 2.52782 0.73617
      vertex -2.56327 3.16775 0.73617
    endloop
  endfacet
  facet normal -0.0101854 -0.0514501 0.998624
    outer loop
      vertex -3.66182 3.62125 0.73617
      vertex -4.29714 2.83848 0.689361
      vertex -3.13129 2.60768 0.689361
    endloop
  endfacet
  facet normal -0.0242706 -0.0587927 0.997975
    outer loop
      vertex -2.56327 3.16775 0.73617
      vertex -3.66182 3.62125 0.73617
      vertex -3.13129 2.60768 0.689361
    endloop
  endfacet
  facet normal 0.0585178 0.0249237 -0.997975
    outer loop
      vertex -3.19611 2.52782 0.73617
      vertex -3.66182 3.62125 0.73617
      vertex -2.64241 3.10205 0.782978
    endloop
  endfacet
  facet normal 0.0513326 0.0107577 -0.998624
    outer loop
      vertex -2.64241 3.10205 0.782978
      vertex -3.66182 3.62125 0.73617
      vertex -2.88618 4.26525 0.782978
    endloop
  endfacet
  facet normal -0.695119 0.687417 -0.210399
    outer loop
      vertex -2.56327 3.16775 0.73617
      vertex -3.19611 2.52782 0.73617
      vertex -2.64241 3.10205 0.782978
    endloop
  endfacet
  facet normal -0.547902 0.809713 0.210161
    outer loop
      vertex -2.56327 3.16775 0.73617
      vertex -2.64241 3.10205 0.782978
      vertex -1.89703 3.60642 0.782978
    endloop
  endfacet
  facet normal -0.0200131 -0.0484793 0.998624
    outer loop
      vertex -2.88618 4.26525 0.782978
      vertex -3.66182 3.62125 0.73617
      vertex -2.56327 3.16775 0.73617
    endloop
  endfacet
  facet normal -0.0352593 -0.0529374 0.997975
    outer loop
      vertex -1.89703 3.60642 0.782978
      vertex -2.88618 4.26525 0.782978
      vertex -2.56327 3.16775 0.73617
    endloop
  endfacet
  facet normal 0.0622528 0.0130462 -0.997975
    outer loop
      vertex -2.64241 3.10205 0.782978
      vertex -2.88618 4.26525 0.782978
      vertex -1.98744 3.55739 0.829787
    endloop
  endfacet
  facet normal 0.0524454 0.000551188 -0.998624
    outer loop
      vertex -1.98744 3.55739 0.829787
      vertex -2.88618 4.26525 0.782978
      vertex -1.99993 4.74581 0.829787
    endloop
  endfacet
  facet normal -0.547907 0.80972 -0.210123
    outer loop
      vertex -1.89703 3.60642 0.782978
      vertex -2.64241 3.10205 0.782978
      vertex -1.98744 3.55739 0.829787
    endloop
  endfacet
  facet normal -0.379657 0.900896 0.210348
    outer loop
      vertex -1.89703 3.60642 0.782978
      vertex -1.98744 3.55739 0.829787
      vertex -1.15808 3.9069 0.829787
    endloop
  endfacet
  facet normal -0.0290745 -0.0436517 0.998624
    outer loop
      vertex -1.99993 4.74581 0.829787
      vertex -2.88618 4.26525 0.782978
      vertex -1.89703 3.60642 0.782978
    endloop
  endfacet
  facet normal -0.0448967 -0.045054 0.997975
    outer loop
      vertex -1.15808 3.9069 0.829787
      vertex -1.99993 4.74581 0.829787
      vertex -1.89703 3.60642 0.782978
    endloop
  endfacet
  facet normal 0.063601 0.000668431 -0.997975
    outer loop
      vertex -1.98744 3.55739 0.829787
      vertex -1.99993 4.74581 0.829787
      vertex -1.25632 3.87642 0.876595
    endloop
  endfacet
  facet normal 0.0515472 -0.00967636 -0.998624
    outer loop
      vertex -1.25632 3.87642 0.876595
      vertex -1.99993 4.74581 0.829787
      vertex -1.03705 5.0445 0.876595
    endloop
  endfacet
  facet normal -0.37967 0.900928 -0.210189
    outer loop
      vertex -1.15808 3.9069 0.829787
      vertex -1.98744 3.55739 0.829787
      vertex -1.25632 3.87642 0.876595
    endloop
  endfacet
  facet normal -0.196862 0.957592 0.210386
    outer loop
      vertex -1.15808 3.9069 0.829787
      vertex -1.25632 3.87642 0.876595
      vertex -0.374764 4.05765 0.876595
    endloop
  endfacet
  facet normal -0.0370212 -0.0371509 0.998624
    outer loop
      vertex -1.03705 5.0445 0.876595
      vertex -1.99993 4.74581 0.829787
      vertex -1.15808 3.9069 0.829787
    endloop
  endfacet
  facet normal -0.052814 -0.035444 0.997975
    outer loop
      vertex -1.03705 5.0445 0.876595
      vertex -1.15808 3.9069 0.829787
      vertex -0.374764 4.05765 0.876595
    endloop
  endfacet
  facet normal 0.0625139 -0.011735 -0.997975
    outer loop
      vertex -0.477057 4.0469 0.923404
      vertex -1.25632 3.87642 0.876595
      vertex -1.03705 5.0445 0.876595
    endloop
  endfacet
  facet normal 0.0486752 -0.0195337 -0.998624
    outer loop
      vertex -0.477057 4.0469 0.923404
      vertex -1.03705 5.0445 0.876595
      vertex -0.0344229 5.14988 0.923404
    endloop
  endfacet
  facet normal -0.196866 0.957612 -0.210294
    outer loop
      vertex -0.374764 4.05765 0.876595
      vertex -1.25632 3.87642 0.876595
      vertex -0.477057 4.0469 0.923404
    endloop
  endfacet
  facet normal -0.00653946 0.97763 0.210228
    outer loop
      vertex -0.374764 4.05765 0.876595
      vertex -0.477057 4.0469 0.923404
      vertex 0.422915 4.05292 0.923404
    endloop
  endfacet
  facet normal -0.0435502 -0.029227 0.998624
    outer loop
      vertex -0.0344229 5.14988 0.923404
      vertex -1.03705 5.0445 0.876595
      vertex -0.374764 4.05765 0.876595
    endloop
  endfacet
  facet normal -0.0587078 -0.0244761 0.997975
    outer loop
      vertex -0.0344229 5.14988 0.923404
      vertex -0.374764 4.05765 0.876595
      vertex 0.422915 4.05292 0.923404
    endloop
  endfacet
  facet normal 0.0590299 -0.0236892 -0.997975
    outer loop
      vertex 0.320488 4.0623 0.970213
      vertex -0.477057 4.0469 0.923404
      vertex -0.0344229 5.14988 0.923404
    endloop
  endfacet
  facet normal 0.0439371 -0.0286423 -0.998624
    outer loop
      vertex 0.320488 4.0623 0.970213
      vertex -0.0344229 5.14988 0.923404
      vertex 0.96952 5.05791 0.970213
    endloop
  endfacet
  facet normal -0.00653948 0.977633 -0.210216
    outer loop
      vertex 0.422915 4.05292 0.923404
      vertex -0.477057 4.0469 0.923404
      vertex 0.320488 4.0623 0.970213
    endloop
  endfacet
  facet normal 0.184046 0.960152 0.210324
    outer loop
      vertex 0.422915 4.05292 0.923404
      vertex 0.320488 4.0623 0.970213
      vertex 1.20439 3.89287 0.970213
    endloop
  endfacet
  facet normal -0.0484099 -0.0201828 0.998624
    outer loop
      vertex 0.96952 5.05791 0.970213
      vertex -0.0344229 5.14988 0.923404
      vertex 0.422915 4.05292 0.923404
    endloop
  endfacet
  facet normal -0.0623514 -0.0125699 0.997975
    outer loop
      vertex 0.96952 5.05791 0.970213
      vertex 0.422915 4.05292 0.923404
      vertex 1.20439 3.89287 0.970213
    endloop
  endfacet
  facet normal 0.0532817 -0.034734 -0.997975
    outer loop
      vertex 1.10575 3.92203 1.01702
      vertex 0.320488 4.0623 0.970213
      vertex 0.96952 5.05791 0.970213
    endloop
  endfacet
  facet normal 0.0375137 -0.0366518 -0.998624
    outer loop
      vertex 1.10575 3.92203 1.01702
      vertex 0.96952 5.05791 0.970213
      vertex 1.93631 4.77212 1.01702
    endloop
  endfacet
  facet normal 0.184047 0.960155 -0.210306
    outer loop
      vertex 1.20439 3.89287 0.970213
      vertex 0.320488 4.0623 0.970213
      vertex 1.10575 3.92203 1.01702
    endloop
  endfacet
  facet normal 0.367584 0.905907 0.210272
    outer loop
      vertex 1.20439 3.89287 0.970213
      vertex 1.10575 3.92203 1.01702
      vertex 1.93971 3.58364 1.01702
    endloop
  endfacet
  facet normal -0.0514121 -0.0103646 0.998624
    outer loop
      vertex 1.93631 4.77212 1.01702
      vertex 0.96952 5.05791 0.970213
      vertex 1.20439 3.89287 0.970213
    endloop
  endfacet
  facet normal -0.0636029 -0.000181955 0.997975
    outer loop
      vertex 1.93631 4.77212 1.01702
      vertex 1.20439 3.89287 0.970213
      vertex 1.93971 3.58364 1.01702
    endloop
  endfacet
  facet normal 0.0454962 -0.0444509 -0.997975
    outer loop
      vertex 1.84865 3.63146 1.06383
      vertex 1.10575 3.92203 1.01702
      vertex 1.93631 4.77212 1.01702
    endloop
  endfacet
  facet normal 0.0296562 -0.0432602 -0.998624
    outer loop
      vertex 2.8289 4.30345 1.06383
      vertex 1.84865 3.63146 1.06383
      vertex 1.93631 4.77212 1.01702
    endloop
  endfacet
  facet normal 0.367574 0.905885 -0.210384
    outer loop
      vertex 1.93971 3.58364 1.01702
      vertex 1.10575 3.92203 1.01702
      vertex 1.84865 3.63146 1.06383
    endloop
  endfacet
  facet normal 0.537043 0.816966 0.210123
    outer loop
      vertex 1.93971 3.58364 1.01702
      vertex 1.84865 3.63146 1.06383
      vertex 2.6007 3.13709 1.06383
    endloop
  endfacet
  facet normal -0.0524495 -0.000150047 0.998624
    outer loop
      vertex 2.8289 4.30345 1.06383
      vertex 1.93631 4.77212 1.01702
      vertex 1.93971 3.58364 1.01702
    endloop
  endfacet
  facet normal -0.0624236 0.0122133 0.997975
    outer loop
      vertex 2.8289 4.30345 1.06383
      vertex 1.93971 3.58364 1.01702
      vertex 2.6007 3.13709 1.06383
    endloop
  endfacet
  facet normal 0.0359652 -0.0524635 -0.997975
    outer loop
      vertex 2.52069 3.20173 1.11064
      vertex 1.84865 3.63146 1.06383
      vertex 2.8289 4.30345 1.06383
    endloop
  endfacet
  facet normal 0.0206604 -0.0482095 -0.998624
    outer loop
      vertex 3.61308 3.66988 1.11064
      vertex 2.52069 3.20173 1.11064
      vertex 2.8289 4.30345 1.06383
    endloop
  endfacet
  facet normal 0.537034 0.816951 -0.210204
    outer loop
      vertex 2.6007 3.13709 1.06383
      vertex 1.84865 3.63146 1.06383
      vertex 2.52069 3.20173 1.11064
    endloop
  endfacet
  facet normal 0.685878 0.696664 0.210312
    outer loop
      vertex 2.6007 3.13709 1.06383
      vertex 2.52069 3.20173 1.11064
      vertex 3.16203 2.57032 1.11064
    endloop
  endfacet
  facet normal -0.051474 0.010071 0.998624
    outer loop
      vertex 2.8289 4.30345 1.06383
      vertex 2.6007 3.13709 1.06383
      vertex 3.61308 3.66988 1.11064
    endloop
  endfacet
  facet normal -0.0588483 0.0241401 0.997975
    outer loop
      vertex 3.61308 3.66988 1.11064
      vertex 2.6007 3.13709 1.06383
      vertex 3.16203 2.57032 1.11064
    endloop
  endfacet
  facet normal 0.0250553 -0.0584644 -0.997975
    outer loop
      vertex 3.09615 2.64931 1.15745
      vertex 2.52069 3.20173 1.11064
      vertex 3.61308 3.66988 1.11064
    endloop
  endfacet
  facet normal 0.0108723 -0.0513103 -0.998624
    outer loop
      vertex 4.25881 2.89567 1.15745
      vertex 3.09615 2.64931 1.15745
      vertex 3.61308 3.66988 1.11064
    endloop
  endfacet
  facet normal 0.68588 0.696667 -0.210295
    outer loop
      vertex 3.16203 2.57032 1.11064
      vertex 2.52069 3.20173 1.11064
      vertex 3.09615 2.64931 1.15745
    endloop
  endfacet
  facet normal 0.808472 0.549707 0.210229
    outer loop
      vertex 3.16203 2.57032 1.11064
      vertex 3.09615 2.64931 1.15745
      vertex 3.60219 1.90506 1.15745
    endloop
  endfacet
  facet normal -0.0485256 0.0199057 0.998624
    outer loop
      vertex 3.61308 3.66988 1.11064
      vertex 3.16203 2.57032 1.11064
      vertex 4.25881 2.89567 1.15745
    endloop
  endfacet
  facet normal -0.0530178 0.0351425 0.997975
    outer loop
      vertex 4.25881 2.89567 1.15745
      vertex 3.16203 2.57032 1.11064
      vertex 3.60219 1.90506 1.15745
    endloop
  endfacet
  facet normal 0.0131825 -0.0622127 -0.997976
    outer loop
      vertex 3.55296 1.99537 1.20425
      vertex 3.09615 2.64931 1.15745
      vertex 4.25881 2.89567 1.15745
    endloop
  endfacet
  facet normal 0.000667577 -0.0524345 -0.998624
    outer loop
      vertex 4.74134 2.0105 1.20425
      vertex 3.55296 1.99537 1.20425
      vertex 4.25881 2.89567 1.15745
    endloop
  endfacet
  facet normal 0.808456 0.549696 -0.210315
    outer loop
      vertex 3.60219 1.90506 1.15745
      vertex 3.09615 2.64931 1.15745
      vertex 3.55296 1.99537 1.20425
    endloop
  endfacet
  facet normal 0.90006 0.38166 0.210304
    outer loop
      vertex 3.60219 1.90506 1.15745
      vertex 3.55296 1.99537 1.20425
      vertex 3.90431 1.16679 1.20425
    endloop
  endfacet
  facet normal -0.0437084 0.0289718 0.998624
    outer loop
      vertex 4.25881 2.89567 1.15745
      vertex 3.60219 1.90506 1.15745
      vertex 4.74134 2.0105 1.20425
    endloop
  endfacet
  facet normal -0.0451457 0.0447883 0.997976
    outer loop
      vertex 4.74134 2.0105 1.20425
      vertex 3.60219 1.90506 1.15745
      vertex 3.90431 1.16679 1.20425
    endloop
  endfacet
  facet normal 0.000809757 -0.063602 -0.997975
    outer loop
      vertex 3.87361 1.26496 1.25106
      vertex 3.55296 1.99537 1.20425
      vertex 4.74134 2.0105 1.20425
    endloop
  endfacet
  facet normal -0.00956246 -0.0515706 -0.998624
    outer loop
      vertex 5.04217 1.04828 1.25106
      vertex 3.87361 1.26496 1.25106
      vertex 4.74134 2.0105 1.20425
    endloop
  endfacet
  facet normal 0.900095 0.381675 -0.210129
    outer loop
      vertex 3.90431 1.16679 1.20425
      vertex 3.55296 1.99537 1.20425
      vertex 3.87361 1.26496 1.25106
    endloop
  endfacet
  facet normal 0.957148 0.198999 0.210397
    outer loop
      vertex 3.90431 1.16679 1.20425
      vertex 3.87361 1.26496 1.25106
      vertex 4.05681 0.383804 1.25106
    endloop
  endfacet
  facet normal -0.0372347 0.0369399 0.998624
    outer loop
      vertex 4.74134 2.0105 1.20425
      vertex 3.90431 1.16679 1.20425
      vertex 5.04217 1.04828 1.25106
    endloop
  endfacet
  facet normal -0.0355627 0.0527364 0.997975
    outer loop
      vertex 5.04217 1.04828 1.25106
      vertex 3.90431 1.16679 1.20425
      vertex 4.05681 0.383804 1.25106
    endloop
  endfacet
  facet normal -0.0115967 -0.062541 -0.997975
    outer loop
      vertex 4.04583 0.486073 1.29787
      vertex 3.87361 1.26496 1.25106
      vertex 5.04217 1.04828 1.25106
    endloop
  endfacet
  facet normal -0.0194259 -0.0487201 -0.998624
    outer loop
      vertex 5.14979 0.0458975 1.29787
      vertex 4.04583 0.486073 1.29787
      vertex 5.04217 1.04828 1.25106
    endloop
  endfacet
  facet normal 0.957177 0.199005 -0.21026
    outer loop
      vertex 4.05681 0.383804 1.25106
      vertex 3.87361 1.26496 1.25106
      vertex 4.04583 0.486073 1.29787
    endloop
  endfacet
  facet normal 0.977603 0.00871194 0.210278
    outer loop
      vertex 4.05681 0.383804 1.25106
      vertex 4.04583 0.486073 1.29787
      vertex 4.05385 -0.413884 1.29787
    endloop
  endfacet
  facet normal -0.0293247 0.043486 0.998624
    outer loop
      vertex 5.04217 1.04828 1.25106
      vertex 4.05681 0.383804 1.25106
      vertex 5.14979 0.0458975 1.29787
    endloop
  endfacet
  facet normal -0.0246074 0.0586546 0.997975
    outer loop
      vertex 4.05681 0.383804 1.25106
      vertex 4.05385 -0.413884 1.29787
      vertex 5.14979 0.0458975 1.29787
    endloop
  endfacet
  facet normal -0.023558 -0.0590835 -0.997975
    outer loop
      vertex 4.063 -0.311437 1.34468
      vertex 4.04583 0.486073 1.29787
      vertex 5.14979 0.0458975 1.29787
    endloop
  endfacet
  facet normal -0.0285448 -0.0440018 -0.998624
    outer loop
      vertex 5.06006 -0.958248 1.34468
      vertex 4.063 -0.311437 1.34468
      vertex 5.14979 0.0458975 1.29787
    endloop
  endfacet
  facet normal 0.977627 0.00871216 -0.210165
    outer loop
      vertex 4.05385 -0.413884 1.29787
      vertex 4.04583 0.486073 1.29787
      vertex 4.063 -0.311437 1.34468
    endloop
  endfacet
  facet normal 0.960553 -0.181906 0.210353
    outer loop
      vertex 4.063 -0.311437 1.34468
      vertex 3.89554 -1.19571 1.34468
      vertex 4.05385 -0.413884 1.29787
    endloop
  endfacet
  facet normal -0.020291 0.0483658 0.998624
    outer loop
      vertex 5.14979 0.0458975 1.29787
      vertex 4.05385 -0.413884 1.29787
      vertex 5.06006 -0.958248 1.34468
    endloop
  endfacet
  facet normal -0.0127089 0.0623248 0.997975
    outer loop
      vertex 4.05385 -0.413884 1.29787
      vertex 3.89554 -1.19571 1.34468
      vertex 5.06006 -0.958248 1.34468
    endloop
  endfacet
  facet normal -0.0346171 -0.0533624 -0.997975
    outer loop
      vertex 5.06006 -0.958248 1.34468
      vertex 3.92448 -1.09701 1.39149
      vertex 4.063 -0.311437 1.34468
    endloop
  endfacet
  facet normal -0.0365703 -0.0375976 -0.998624
    outer loop
      vertex 4.77642 -1.92567 1.39149
      vertex 3.92448 -1.09701 1.39149
      vertex 5.06006 -0.958248 1.34468
    endloop
  endfacet
  facet normal 0.960563 -0.181907 -0.210306
    outer loop
      vertex 3.92448 -1.09701 1.39149
      vertex 3.89554 -1.19571 1.34468
      vertex 4.063 -0.311437 1.34468
    endloop
  endfacet
  facet normal 0.906741 -0.36556 0.210205
    outer loop
      vertex 3.92448 -1.09701 1.39149
      vertex 3.58796 -1.93172 1.39149
      vertex 3.89554 -1.19571 1.34468
    endloop
  endfacet
  facet normal -0.0104796 0.0513923 0.998624
    outer loop
      vertex 5.06006 -0.958248 1.34468
      vertex 3.89554 -1.19571 1.34468
      vertex 4.77642 -1.92567 1.39149
    endloop
  endfacet
  facet normal -0.000323795 0.0636062 0.997975
    outer loop
      vertex 3.89554 -1.19571 1.34468
      vertex 3.58796 -1.93172 1.39149
      vertex 4.77642 -1.92567 1.39149
    endloop
  endfacet
  facet normal -0.0443497 -0.0455956 -0.997975
    outer loop
      vertex 4.77642 -1.92567 1.39149
      vertex 3.63557 -1.84055 1.4383
      vertex 3.92448 -1.09701 1.39149
    endloop
  endfacet
  facet normal -0.0431942 -0.0297526 -0.998624
    outer loop
      vertex 4.30975 -2.81931 1.4383
      vertex 3.63557 -1.84055 1.4383
      vertex 4.77642 -1.92567 1.39149
    endloop
  endfacet
  facet normal 0.906733 -0.365556 -0.210249
    outer loop
      vertex 3.63557 -1.84055 1.4383
      vertex 3.58796 -1.93172 1.39149
      vertex 3.92448 -1.09701 1.39149
    endloop
  endfacet
  facet normal 0.81814 -0.535198 0.210261
    outer loop
      vertex 3.63557 -1.84055 1.4383
      vertex 3.14288 -2.59371 1.4383
      vertex 3.58796 -1.93172 1.39149
    endloop
  endfacet
  facet normal -0.000266996 0.0524486 0.998624
    outer loop
      vertex 4.77642 -1.92567 1.39149
      vertex 3.58796 -1.93172 1.39149
      vertex 4.30975 -2.81931 1.4383
    endloop
  endfacet
  facet normal 0.012074 0.0624501 0.997975
    outer loop
      vertex 3.58796 -1.93172 1.39149
      vertex 3.14288 -2.59371 1.4383
      vertex 4.30975 -2.81931 1.4383
    endloop
  endfacet
  facet normal -0.0523831 -0.036082 -0.997975
    outer loop
      vertex 4.30975 -2.81931 1.4383
      vertex 3.20734 -2.51355 1.48511
      vertex 3.63557 -1.84055 1.4383
    endloop
  endfacet
  facet normal -0.0481631 -0.0207675 -0.998624
    outer loop
      vertex 3.67792 -3.6049 1.48511
      vertex 3.20734 -2.51355 1.48511
      vertex 4.30975 -2.81931 1.4383
    endloop
  endfacet
  facet normal 0.818164 -0.535213 -0.210129
    outer loop
      vertex 3.20734 -2.51355 1.48511
      vertex 3.14288 -2.59371 1.4383
      vertex 3.63557 -1.84055 1.4383
    endloop
  endfacet
  facet normal 0.698177 -0.684306 0.210414
    outer loop
      vertex 3.20734 -2.51355 1.48511
      vertex 2.57736 -3.1563 1.48511
      vertex 3.14288 -2.59371 1.4383
    endloop
  endfacet
  facet normal 0.00995617 0.0514963 0.998624
    outer loop
      vertex 4.30975 -2.81931 1.4383
      vertex 3.14288 -2.59371 1.4383
      vertex 3.67792 -3.6049 1.48511
    endloop
  endfacet
  facet normal 0.024009 0.0589019 0.997975
    outer loop
      vertex 3.14288 -2.59371 1.4383
      vertex 2.57736 -3.1563 1.48511
      vertex 3.67792 -3.6049 1.48511
    endloop
  endfacet
  facet normal -0.0583959 -0.0251798 -0.997976
    outer loop
      vertex 3.67792 -3.6049 1.48511
      vertex 2.6562 -3.09024 1.53191
      vertex 3.20734 -2.51355 1.48511
    endloop
  endfacet
  facet normal -0.0512751 -0.0109843 -0.998624
    outer loop
      vertex 2.90515 -4.25235 1.53191
      vertex 2.6562 -3.09024 1.53191
      vertex 3.67792 -3.6049 1.48511
    endloop
  endfacet
  facet normal 0.698203 -0.684332 -0.210244
    outer loop
      vertex 2.6562 -3.09024 1.53191
      vertex 2.57736 -3.1563 1.48511
      vertex 3.20734 -2.51355 1.48511
    endloop
  endfacet
  facet normal 0.551482 -0.80722 0.210387
    outer loop
      vertex 2.6562 -3.09024 1.53191
      vertex 1.91308 -3.59793 1.53191
      vertex 2.57736 -3.1563 1.48511
    endloop
  endfacet
  facet normal 0.0197934 0.0485595 0.998624
    outer loop
      vertex 3.67792 -3.6049 1.48511
      vertex 2.57736 -3.1563 1.48511
      vertex 2.90515 -4.25235 1.53191
    endloop
  endfacet
  facet normal 0.0350175 0.0530848 0.997976
    outer loop
      vertex 2.57736 -3.1563 1.48511
      vertex 1.91308 -3.59793 1.53191
      vertex 2.90515 -4.25235 1.53191
    endloop
  endfacet
  facet normal -0.0621966 -0.0133239 -0.997975
    outer loop
      vertex 2.90515 -4.25235 1.53191
      vertex 2.00328 -3.5485 1.57872
      vertex 2.6562 -3.09024 1.53191
    endloop
  endfacet
  facet normal -0.0524442 -0.000784666 -0.998624
    outer loop
      vertex 2.02106 -4.73685 1.57872
      vertex 2.00328 -3.5485 1.57872
      vertex 2.90515 -4.25235 1.53191
    endloop
  endfacet
  facet normal 0.551496 -0.80724 -0.210277
    outer loop
      vertex 2.00328 -3.5485 1.57872
      vertex 1.91308 -3.59793 1.53191
      vertex 2.6562 -3.09024 1.53191
    endloop
  endfacet
  facet normal 0.383673 -0.89922 0.210236
    outer loop
      vertex 2.00328 -3.5485 1.57872
      vertex 1.17548 -3.9017 1.57872
      vertex 1.91308 -3.59793 1.53191
    endloop
  endfacet
  facet normal 0.0288808 0.0437819 0.998624
    outer loop
      vertex 2.90515 -4.25235 1.53191
      vertex 1.91308 -3.59793 1.53191
      vertex 2.02106 -4.73685 1.57872
    endloop
  endfacet
  facet normal 0.0446966 0.0452548 0.997975
    outer loop
      vertex 1.91308 -3.59793 1.53191
      vertex 1.17548 -3.9017 1.57872
      vertex 2.02106 -4.73685 1.57872
    endloop
  endfacet
  facet normal -0.0635995 -0.00095157 -0.997975
    outer loop
      vertex 2.02106 -4.73685 1.57872
      vertex 1.27358 -3.87078 1.62553
      vertex 2.00328 -3.5485 1.57872
    endloop
  endfacet
  facet normal -0.0515919 0.00944687 -0.998624
    outer loop
      vertex 2.02106 -4.73685 1.57872
      vertex 1.05952 -5.03982 1.62553
      vertex 1.27358 -3.87078 1.62553
    endloop
  endfacet
  facet normal 0.383684 -0.899247 -0.210099
    outer loop
      vertex 1.27358 -3.87078 1.62553
      vertex 1.17548 -3.9017 1.57872
      vertex 2.00328 -3.5485 1.57872
    endloop
  endfacet
  facet normal 0.201129 -0.956695 0.210431
    outer loop
      vertex 1.27358 -3.87078 1.62553
      vertex 0.392842 -4.05594 1.62553
      vertex 1.17548 -3.9017 1.57872
    endloop
  endfacet
  facet normal 0.0368571 0.0373174 0.998624
    outer loop
      vertex 1.17548 -3.9017 1.57872
      vertex 1.05952 -5.03982 1.62553
      vertex 2.02106 -4.73685 1.57872
    endloop
  endfacet
  facet normal 0.0526576 0.0356808 0.997975
    outer loop
      vertex 1.17548 -3.9017 1.57872
      vertex 0.392842 -4.05594 1.62553
      vertex 1.05952 -5.03982 1.62553
    endloop
  endfacet
  facet normal -0.0625671 0.0114565 -0.997975
    outer loop
      vertex 1.05952 -5.03982 1.62553
      vertex 0.495087 -4.04473 1.67234
      vertex 1.27358 -3.87078 1.62553
    endloop
  endfacet
  facet normal -0.0487628 0.0193171 -0.998624
    outer loop
      vertex 1.05952 -5.03982 1.62553
      vertex 0.0573711 -5.14967 1.67234
      vertex 0.495087 -4.04473 1.67234
    endloop
  endfacet
  facet normal 0.201138 -0.95674 -0.210218
    outer loop
      vertex 0.495087 -4.04473 1.67234
      vertex 0.392842 -4.05594 1.62553
      vertex 1.27358 -3.87078 1.62553
    endloop
  endfacet
  facet normal 0.0108953 -0.977574 0.21031
    outer loop
      vertex 0.495087 -4.04473 1.67234
      vertex -0.404851 -4.05476 1.67234
      vertex 0.392842 -4.05594 1.62553
    endloop
  endfacet
  facet normal 0.0434203 0.0294216 0.998624
    outer loop
      vertex 0.392842 -4.05594 1.62553
      vertex 0.0573711 -5.14967 1.67234
      vertex 1.05952 -5.03982 1.62553
    endloop
  endfacet
  facet normal 0.0585995 0.0247381 0.997975
    outer loop
      vertex 0.392842 -4.05594 1.62553
      vertex -0.404851 -4.05476 1.67234
      vertex 0.0573711 -5.14967 1.67234
    endloop
  endfacet
  facet normal -0.0591363 0.0234265 -0.997975
    outer loop
      vertex 0.0573711 -5.14967 1.67234
      vertex -0.302382 -4.06369 1.71915
      vertex 0.495087 -4.04473 1.67234
    endloop
  endfacet
  facet normal -0.0440654 0.028447 -0.998624
    outer loop
      vertex 0.0573711 -5.14967 1.67234
      vertex -0.946971 -5.06218 1.71915
      vertex -0.302382 -4.06369 1.71915
    endloop
  endfacet
  facet normal 0.0108952 -0.977567 -0.210342
    outer loop
      vertex -0.302382 -4.06369 1.71915
      vertex -0.404851 -4.05476 1.67234
      vertex 0.495087 -4.04473 1.67234
    endloop
  endfacet
  facet normal -0.179771 -0.960989 0.210197
    outer loop
      vertex -0.302382 -4.06369 1.71915
      vertex -1.18703 -3.8982 1.71915
      vertex -0.404851 -4.05476 1.67234
    endloop
  endfacet
  facet normal 0.0483204 0.0203987 0.998624
    outer loop
      vertex -0.404851 -4.05476 1.67234
      vertex -0.946971 -5.06218 1.71915
      vertex 0.0573711 -5.14967 1.67234
    endloop
  endfacet
  facet normal 0.0622961 0.0128479 0.997975
    outer loop
      vertex -0.404851 -4.05476 1.67234
      vertex -1.18703 -3.8982 1.71915
      vertex -0.946971 -5.06218 1.71915
    endloop
  endfacet
  facet normal -0.0534388 0.0344981 -0.997975
    outer loop
      vertex -0.946971 -5.06218 1.71915
      vertex -1.08827 -3.92692 1.76596
      vertex -0.302382 -4.06369 1.71915
    endloop
  endfacet
  facet normal -0.0376789 0.0364864 -0.998624
    outer loop
      vertex -0.946971 -5.06218 1.71915
      vertex -1.91503 -4.7807 1.76596
      vertex -1.08827 -3.92692 1.76596
    endloop
  endfacet
  facet normal -0.179766 -0.960963 -0.210321
    outer loop
      vertex -1.08827 -3.92692 1.76596
      vertex -1.18703 -3.8982 1.71915
      vertex -0.302382 -4.06369 1.71915
    endloop
  endfacet
  facet normal -0.363552 -0.907549 0.210202
    outer loop
      vertex -1.08827 -3.92692 1.76596
      vertex -1.92372 -3.59225 1.76596
      vertex -1.18703 -3.8982 1.71915
    endloop
  endfacet
  facet normal 0.0513684 0.0105942 0.998624
    outer loop
      vertex -1.18703 -3.8982 1.71915
      vertex -1.91503 -4.7807 1.76596
      vertex -0.946971 -5.06218 1.71915
    endloop
  endfacet
  facet normal 0.0636055 0.000465086 0.997975
    outer loop
      vertex -1.18703 -3.8982 1.71915
      vertex -1.92372 -3.59225 1.76596
      vertex -1.91503 -4.7807 1.76596
    endloop
  endfacet
  facet normal -0.0456944 0.0442483 -0.997975
    outer loop
      vertex -1.08827 -3.92692 1.76596
      vertex -1.91503 -4.7807 1.76596
      vertex -1.83244 -3.63966 1.81277
    endloop
  endfacet
  facet normal -0.0298488 0.043128 -0.998624
    outer loop
      vertex -1.91503 -4.7807 1.76596
      vertex -2.8097 -4.31602 1.81277
      vertex -1.83244 -3.63966 1.81277
    endloop
  endfacet
  facet normal -0.363548 -0.907539 -0.210249
    outer loop
      vertex -1.83244 -3.63966 1.81277
      vertex -1.92372 -3.59225 1.76596
      vertex -1.08827 -3.92692 1.76596
    endloop
  endfacet
  facet normal -0.533373 -0.819335 0.210245
    outer loop
      vertex -1.83244 -3.63966 1.81277
      vertex -2.5867 -3.14865 1.81277
      vertex -1.92372 -3.59225 1.76596
    endloop
  endfacet
  facet normal 0.0524481 0.000383503 0.998624
    outer loop
      vertex -1.92372 -3.59225 1.76596
      vertex -2.8097 -4.31602 1.81277
      vertex -1.91503 -4.7807 1.76596
    endloop
  endfacet
  facet normal 0.0624769 -0.0119348 0.997975
    outer loop
      vertex -2.5867 -3.14865 1.81277
      vertex -2.8097 -4.31602 1.81277
      vertex -1.92372 -3.59225 1.76596
    endloop
  endfacet
  facet normal -0.0361906 0.0522912 -0.997976
    outer loop
      vertex -1.83244 -3.63966 1.81277
      vertex -2.8097 -4.31602 1.81277
      vertex -2.5064 -3.21293 1.85957
    endloop
  endfacet
  facet normal -0.0208704 0.0481063 -0.998624
    outer loop
      vertex -2.8097 -4.31602 1.81277
      vertex -3.59669 -3.68594 1.85957
      vertex -2.5064 -3.21293 1.85957
    endloop
  endfacet
  facet normal -0.533379 -0.819344 -0.210195
    outer loop
      vertex -2.5064 -3.21293 1.85957
      vertex -2.5867 -3.14865 1.81277
      vertex -1.83244 -3.63966 1.81277
    endloop
  endfacet
  facet normal -0.682745 -0.699702 0.21042
    outer loop
      vertex -2.5064 -3.21293 1.85957
      vertex -3.15055 -2.58439 1.85957
      vertex -2.5867 -3.14865 1.81277
    endloop
  endfacet
  facet normal 0.0515077 -0.00983939 0.998624
    outer loop
      vertex -2.5867 -3.14865 1.81277
      vertex -3.59669 -3.68594 1.85957
      vertex -2.8097 -4.31602 1.81277
    endloop
  endfacet
  facet normal 0.0589429 -0.0238725 0.997976
    outer loop
      vertex -3.15055 -2.58439 1.85957
      vertex -3.59669 -3.68594 1.85957
      vertex -2.5867 -3.14865 1.81277
    endloop
  endfacet
  facet normal -0.0253156 0.0583525 -0.997975
    outer loop
      vertex -2.5064 -3.21293 1.85957
      vertex -3.59669 -3.68594 1.85957
      vertex -3.08431 -2.66308 1.90638
    endloop
  endfacet
  facet normal -0.0111009 0.0512616 -0.998624
    outer loop
      vertex -3.59669 -3.68594 1.85957
      vertex -4.24587 -2.91462 1.90638
      vertex -3.08431 -2.66308 1.90638
    endloop
  endfacet
  facet normal -0.682792 -0.69975 -0.210108
    outer loop
      vertex -3.08431 -2.66308 1.90638
      vertex -3.15055 -2.58439 1.85957
      vertex -2.5064 -3.21293 1.85957
    endloop
  endfacet
  facet normal -0.805978 -0.553276 0.210441
    outer loop
      vertex -3.08431 -2.66308 1.90638
      vertex -3.59366 -1.92109 1.90638
      vertex -3.15055 -2.58439 1.85957
    endloop
  endfacet
  facet normal 0.0486136 -0.0196891 0.998624
    outer loop
      vertex -3.15055 -2.58439 1.85957
      vertex -4.24587 -2.91462 1.90638
      vertex -3.59669 -3.68594 1.85957
    endloop
  endfacet
  facet normal 0.0531738 -0.0349063 0.997975
    outer loop
      vertex -3.59366 -1.92109 1.90638
      vertex -4.24587 -2.91462 1.90638
      vertex -3.15055 -2.58439 1.85957
    endloop
  endfacet
  facet normal -0.0134624 0.0621664 -0.997975
    outer loop
      vertex -3.08431 -2.66308 1.90638
      vertex -4.24587 -2.91462 1.90638
      vertex -3.54403 -2.01118 1.95319
    endloop
  endfacet
  facet normal -0.000901619 0.0524422 -0.998624
    outer loop
      vertex -4.24587 -2.91462 1.90638
      vertex -4.73233 -2.03161 1.95319
      vertex -3.54403 -2.01118 1.95319
    endloop
  endfacet
  facet normal -0.806003 -0.553293 -0.210301
    outer loop
      vertex -3.54403 -2.01118 1.95319
      vertex -3.59366 -1.92109 1.90638
      vertex -3.08431 -2.66308 1.90638
    endloop
  endfacet
  facet normal -0.898366 -0.385674 0.210224
    outer loop
      vertex -3.54403 -2.01118 1.95319
      vertex -3.89907 -1.18417 1.95319
      vertex -3.59366 -1.92109 1.90638
    endloop
  endfacet
  facet normal 0.0438465 -0.0287834 0.998624
    outer loop
      vertex -3.59366 -1.92109 1.90638
      vertex -4.73233 -2.03161 1.95319
      vertex -4.24587 -2.91462 1.90638
    endloop
  endfacet
  facet normal 0.0453546 -0.0445957 0.997975
    outer loop
      vertex -3.89907 -1.18417 1.95319
      vertex -4.73233 -2.03161 1.95319
      vertex -3.59366 -1.92109 1.90638
    endloop
  endfacet
  facet normal -0.00109342 0.063598 -0.997975
    outer loop
      vertex -3.54403 -2.01118 1.95319
      vertex -4.73233 -2.03161 1.95319
      vertex -3.86794 -1.28221 2
    endloop
  endfacet
  facet normal 0.00933258 0.0516127 -0.998624
    outer loop
      vertex -4.73233 -2.03161 1.95319
      vertex -5.03745 -1.07074 2
      vertex -3.86794 -1.28221 2
    endloop
  endfacet
  facet normal -0.898347 -0.385665 -0.21032
    outer loop
      vertex -3.86794 -1.28221 2
      vertex -3.89907 -1.18417 1.95319
      vertex -3.54403 -2.01118 1.95319
    endloop
  endfacet
  facet normal -0.956287 -0.203265 0.210236
    outer loop
      vertex -3.86794 -1.28221 2
      vertex -4.05506 -0.401878 2
      vertex -3.89907 -1.18417 1.95319
    endloop
  endfacet
  facet normal 0.0373991 -0.0367733 0.998624
    outer loop
      vertex -3.89907 -1.18417 1.95319
      vertex -5.03745 -1.07074 2
      vertex -4.73233 -2.03161 1.95319
    endloop
  endfacet
  facet normal 0.0357976 -0.0525777 0.997975
    outer loop
      vertex -4.05506 -0.401878 2
      vertex -5.03745 -1.07074 2
      vertex -3.89907 -1.18417 1.95319
    endloop
  endfacet
  facet normal 0.0113178 0.0625918 -0.997975
    outer loop
      vertex -3.86794 -1.28221 2
      vertex -5.03745 -1.07074 2
      vertex -4.04362 -0.504097 2.04681
    endloop
  endfacet
  facet normal 0.0192085 0.048806 -0.998624
    outer loop
      vertex -5.03745 -1.07074 2
      vertex -5.14953 -0.0688448 2.04681
      vertex -4.04362 -0.504097 2.04681
    endloop
  endfacet
  facet normal -0.956302 -0.203268 -0.210163
    outer loop
      vertex -4.04362 -0.504097 2.04681
      vertex -4.05506 -0.401878 2
      vertex -3.86794 -1.28221 2
    endloop
  endfacet
  facet normal -0.977535 -0.0130677 0.210366
    outer loop
      vertex -4.04362 -0.504097 2.04681
      vertex -4.05565 0.395816 2.04681
      vertex -4.05506 -0.401878 2
    endloop
  endfacet
  facet normal 0.0295183 -0.043355 0.998624
    outer loop
      vertex -4.05506 -0.401878 2
      vertex -5.14953 -0.0688448 2.04681
      vertex -5.03745 -1.07074 2
    endloop
  endfacet
  facet normal 0.0248686 -0.0585444 0.997975
    outer loop
      vertex -4.05565 0.395816 2.04681
      vertex -5.14953 -0.0688448 2.04681
      vertex -4.05506 -0.401878 2
    endloop
  endfacet
  facet normal 0.0232946 0.0591881 -0.997975
    outer loop
      vertex -4.04362 -0.504097 2.04681
      vertex -5.14953 -0.0688448 2.04681
      vertex -4.06435 0.293328 2.09362
    endloop
  endfacet
  facet normal 0.0283486 0.0441287 -0.998624
    outer loop
      vertex -4.06435 0.293328 2.09362
      vertex -5.14953 -0.0688448 2.04681
      vertex -5.06428 0.93569 2.09362
    endloop
  endfacet
  facet normal -0.97755 -0.0130679 -0.210297
    outer loop
      vertex -4.04362 -0.504097 2.04681
      vertex -4.06435 0.293328 2.09362
      vertex -4.05565 0.395816 2.04681
    endloop
  endfacet
  facet normal -0.961379 0.17763 0.210232
    outer loop
      vertex -4.05565 0.395816 2.04681
      vertex -4.06435 0.293328 2.09362
      vertex -3.90083 1.17834 2.09362
    endloop
  endfacet
  facet normal 0.0205063 -0.0482748 0.998624
    outer loop
      vertex -5.06428 0.93569 2.09362
      vertex -5.14953 -0.0688448 2.04681
      vertex -4.05565 0.395816 2.04681
    endloop
  endfacet
  facet normal 0.0129865 -0.0622675 0.997975
    outer loop
      vertex -3.90083 1.17834 2.09362
      vertex -5.06428 0.93569 2.09362
      vertex -4.05565 0.395816 2.04681
    endloop
  endfacet
  facet normal 0.0343791 0.053516 -0.997975
    outer loop
      vertex -4.06435 0.293328 2.09362
      vertex -5.06428 0.93569 2.09362
      vertex -3.92933 1.07951 2.14043
    endloop
  endfacet
  facet normal 0.0364024 0.0377599 -0.998624
    outer loop
      vertex -3.92933 1.07951 2.14043
      vertex -5.06428 0.93569 2.09362
      vertex -4.78495 1.90437 2.14043
    endloop
  endfacet
  facet normal -0.961366 0.177628 -0.210297
    outer loop
      vertex -3.90083 1.17834 2.09362
      vertex -4.06435 0.293328 2.09362
      vertex -3.92933 1.07951 2.14043
    endloop
  endfacet
  facet normal -0.908356 0.361517 0.210225
    outer loop
      vertex -3.90083 1.17834 2.09362
      vertex -3.92933 1.07951 2.14043
      vertex -3.59653 1.91571 2.14043
    endloop
  endfacet
  facet normal 0.0107085 -0.0513449 0.998624
    outer loop
      vertex -4.78495 1.90437 2.14043
      vertex -5.06428 0.93569 2.09362
      vertex -3.90083 1.17834 2.09362
    endloop
  endfacet
  facet normal 0.000606917 -0.0636043 0.997975
    outer loop
      vertex -3.59653 1.91571 2.14043
      vertex -4.78495 1.90437 2.14043
      vertex -3.90083 1.17834 2.09362
    endloop
  endfacet
  facet normal 0.0441371 0.0457831 -0.997976
    outer loop
      vertex -3.92933 1.07951 2.14043
      vertex -4.78495 1.90437 2.14043
      vertex -3.64374 1.82433 2.18723
    endloop
  endfacet
  facet normal 0.0430525 0.0299387 -0.998624
    outer loop
      vertex -3.64374 1.82433 2.18723
      vertex -4.78495 1.90437 2.14043
      vertex -4.32227 2.80007 2.18723
    endloop
  endfacet
  facet normal -0.908317 0.361502 -0.210419
    outer loop
      vertex -3.59653 1.91571 2.14043
      vertex -3.92933 1.07951 2.14043
      vertex -3.64374 1.82433 2.18723
    endloop
  endfacet
  facet normal -0.820527 0.53156 0.210189
    outer loop
      vertex -3.59653 1.91571 2.14043
      vertex -3.64374 1.82433 2.18723
      vertex -3.15441 2.57967 2.18723
    endloop
  endfacet
  facet normal 0.000500351 -0.0524362 0.998624
    outer loop
      vertex -4.32227 2.80007 2.18723
      vertex -4.78495 1.90437 2.14043
      vertex -3.59653 1.91571 2.14043
    endloop
  endfacet
  facet normal -0.0117933 -0.0624905 0.997976
    outer loop
      vertex -3.15441 2.57967 2.18723
      vertex -4.32227 2.80007 2.18723
      vertex -3.59653 1.91571 2.14043
    endloop
  endfacet
  facet normal 0.0522213 0.0363147 -0.997975
    outer loop
      vertex -3.64374 1.82433 2.18723
      vertex -4.32227 2.80007 2.18723
      vertex -3.21851 2.49924 2.23404
    endloop
  endfacet
  facet normal 0.0480699 0.0209821 -0.998624
    outer loop
      vertex -3.21851 2.49924 2.23404
      vertex -4.32227 2.80007 2.18723
      vertex -3.69395 3.58847 2.23404
    endloop
  endfacet
  facet normal -0.820514 0.531552 -0.21026
    outer loop
      vertex -3.15441 2.57967 2.18723
      vertex -3.64374 1.82433 2.18723
      vertex -3.21851 2.49924 2.23404
    endloop
  endfacet
  facet normal -0.701241 0.681221 0.210234
    outer loop
      vertex -3.15441 2.57967 2.18723
      vertex -3.21851 2.49924 2.23404
      vertex -2.5914 3.14478 2.23404
    endloop
  endfacet
  facet normal -0.00972668 -0.05154 0.998624
    outer loop
      vertex -3.69395 3.58847 2.23404
      vertex -4.32227 2.80007 2.18723
      vertex -3.15441 2.57967 2.18723
    endloop
  endfacet
  facet normal -0.0237461 -0.0590079 0.997975
    outer loop
      vertex -2.5914 3.14478 2.23404
      vertex -3.69395 3.58847 2.23404
      vertex -3.15441 2.57967 2.18723
    endloop
  endfacet
  facet normal 0.058296 0.0254457 -0.997975
    outer loop
      vertex -3.21851 2.49924 2.23404
      vertex -3.69395 3.58847 2.23404
      vertex -2.66995 3.07837 2.28085
    endloop
  endfacet
  facet normal 0.0512368 0.0112153 -0.998624
    outer loop
      vertex -2.66995 3.07837 2.28085
      vertex -3.69395 3.58847 2.23404
      vertex -2.92408 4.23936 2.28085
    endloop
  endfacet
  facet normal -0.701236 0.681216 -0.210266
    outer loop
      vertex -2.5914 3.14478 2.23404
      vertex -3.21851 2.49924 2.23404
      vertex -2.66995 3.07837 2.28085
    endloop
  endfacet
  facet normal -0.555085 0.804775 0.21028
    outer loop
      vertex -2.5914 3.14478 2.23404
      vertex -2.66995 3.07837 2.28085
      vertex -1.92909 3.58937 2.28085
    endloop
  endfacet
  facet normal -0.0195809 -0.0486577 0.998624
    outer loop
      vertex -2.92408 4.23936 2.28085
      vertex -3.69395 3.58847 2.23404
      vertex -2.5914 3.14478 2.23404
    endloop
  endfacet
  facet normal -0.0347874 -0.0532517 0.997975
    outer loop
      vertex -1.92909 3.58937 2.28085
      vertex -2.92408 4.23936 2.28085
      vertex -2.5914 3.14478 2.23404
    endloop
  endfacet
  facet normal 0.0621357 0.0136009 -0.997975
    outer loop
      vertex -2.66995 3.07837 2.28085
      vertex -2.92408 4.23936 2.28085
      vertex -2.01907 3.53954 2.32766
    endloop
  endfacet
  facet normal 0.0524396 0.00101856 -0.998624
    outer loop
      vertex -2.01907 3.53954 2.32766
      vertex -2.92408 4.23936 2.28085
      vertex -2.04215 4.72779 2.32766
    endloop
  endfacet
  facet normal -0.555081 0.80477 -0.210308
    outer loop
      vertex -1.92909 3.58937 2.28085
      vertex -2.66995 3.07837 2.28085
      vertex -2.01907 3.53954 2.32766
    endloop
  endfacet
  facet normal -0.387677 0.897508 0.210204
    outer loop
      vertex -1.92909 3.58937 2.28085
      vertex -2.01907 3.53954 2.32766
      vertex -1.19286 3.89642 2.32766
    endloop
  endfacet
  facet normal -0.0286852 -0.0439106 0.998624
    outer loop
      vertex -2.04215 4.72779 2.32766
      vertex -2.92408 4.23936 2.28085
      vertex -1.92909 3.58937 2.28085
    endloop
  endfacet
  facet normal -0.044495 -0.0454541 0.997975
    outer loop
      vertex -1.19286 3.89642 2.32766
      vertex -2.04215 4.72779 2.32766
      vertex -1.92909 3.58937 2.28085
    endloop
  endfacet
  facet normal 0.0635951 0.00123524 -0.997975
    outer loop
      vertex -2.01907 3.53954 2.32766
      vertex -2.04215 4.72779 2.32766
      vertex -1.29082 3.86507 2.37447
    endloop
  endfacet
  facet normal 0.0516332 -0.00921735 -0.998624
    outer loop
      vertex -1.29082 3.86507 2.37447
      vertex -2.04215 4.72779 2.32766
      vertex -1.08196 5.03505 2.37447
    endloop
  endfacet
  facet normal -0.387677 0.897507 -0.210211
    outer loop
      vertex -1.19286 3.89642 2.32766
      vertex -2.01907 3.53954 2.32766
      vertex -1.29082 3.86507 2.37447
    endloop
  endfacet
  facet normal -0.205392 0.955816 0.210311
    outer loop
      vertex -1.19286 3.89642 2.32766
      vertex -1.29082 3.86507 2.37447
      vertex -0.410913 4.05415 2.37447
    endloop
  endfacet
  facet normal -0.0366899 -0.0374807 0.998624
    outer loop
      vertex -1.08196 5.03505 2.37447
      vertex -2.04215 4.72779 2.32766
      vertex -1.19286 3.89642 2.32766
    endloop
  endfacet
  facet normal -0.0524977 -0.0359144 0.997975
    outer loop
      vertex -1.08196 5.03505 2.37447
      vertex -1.19286 3.89642 2.32766
      vertex -0.410913 4.05415 2.37447
    endloop
  endfacet
  facet normal 0.0626173 -0.0111782 -0.997975
    outer loop
      vertex -0.513105 4.04249 2.42128
      vertex -1.29082 3.86507 2.37447
      vertex -1.08196 5.03505 2.37447
    endloop
  endfacet
  facet normal 0.0488487 -0.0190999 -0.998624
    outer loop
      vertex -0.513105 4.04249 2.42128
      vertex -1.08196 5.03505 2.37447
      vertex -0.0803185 5.14936 2.42128
    endloop
  endfacet
  facet normal -0.205392 0.955816 -0.210309
    outer loop
      vertex -0.410913 4.05415 2.37447
      vertex -1.29082 3.86507 2.37447
      vertex -0.513105 4.04249 2.42128
    endloop
  endfacet
  facet normal -0.0152516 0.977539 0.210201
    outer loop
      vertex -0.410913 4.05415 2.37447
      vertex -0.513105 4.04249 2.42128
      vertex 0.386778 4.05653 2.42128
    endloop
  endfacet
  facet normal -0.0432892 -0.0296148 0.998624
    outer loop
      vertex -0.0803185 5.14936 2.42128
      vertex -1.08196 5.03505 2.37447
      vertex -0.410913 4.05415 2.37447
    endloop
  endfacet
  facet normal -0.0584885 -0.0249991 0.997975
    outer loop
      vertex -0.0803185 5.14936 2.42128
      vertex -0.410913 4.05415 2.37447
      vertex 0.386778 4.05653 2.42128
    endloop
  endfacet
  facet normal 0.0592398 -0.0231628 -0.997975
    outer loop
      vertex 0.284271 4.06499 2.46809
      vertex -0.513105 4.04249 2.42128
      vertex -0.0803185 5.14936 2.42128
    endloop
  endfacet
  facet normal 0.0441918 -0.0282502 -0.998624
    outer loop
      vertex 0.284271 4.06499 2.46809
      vertex -0.0803185 5.14936 2.42128
      vertex 0.924404 5.06635 2.46809
    endloop
  endfacet
  facet normal -0.015252 0.977566 -0.210076
    outer loop
      vertex 0.386778 4.05653 2.42128
      vertex -0.513105 4.04249 2.42128
      vertex 0.284271 4.06499 2.46809
    endloop
  endfacet
  facet normal 0.17547 0.96173 0.21044
    outer loop
      vertex 0.386778 4.05653 2.42128
      vertex 0.284271 4.06499 2.46809
      vertex 1.16965 3.90345 2.46809
    endloop
  endfacet
  facet normal -0.048229 -0.020614 0.998624
    outer loop
      vertex 0.924404 5.06635 2.46809
      vertex -0.0803185 5.14936 2.42128
      vertex 0.386778 4.05653 2.42128
    endloop
  endfacet
  facet normal -0.0622381 -0.0131255 0.997975
    outer loop
      vertex 0.924404 5.06635 2.46809
      vertex 0.386778 4.05653 2.42128
      vertex 1.16965 3.90345 2.46809
    endloop
  endfacet
  facet normal 0.0535809 -0.0342523 -0.997976
    outer loop
      vertex 1.07076 3.93173 2.51489
      vertex 0.284271 4.06499 2.46809
      vertex 0.924404 5.06635 2.46809
    endloop
  endfacet
  facet normal 0.0378331 -0.0363104 -0.998624
    outer loop
      vertex 1.07076 3.93173 2.51489
      vertex 0.924404 5.06635 2.46809
      vertex 1.8937 4.78918 2.51489
    endloop
  endfacet
  facet normal 0.175473 0.961744 -0.210376
    outer loop
      vertex 1.16965 3.90345 2.46809
      vertex 0.284271 4.06499 2.46809
      vertex 1.07076 3.93173 2.51489
    endloop
  endfacet
  facet normal 0.359494 0.909154 0.210247
    outer loop
      vertex 1.16965 3.90345 2.46809
      vertex 1.07076 3.93173 2.51489
      vertex 1.9077 3.60079 2.51489
    endloop
  endfacet
  facet normal -0.0513103 -0.0108209 0.998624
    outer loop
      vertex 1.8937 4.78918 2.51489
      vertex 0.924404 5.06635 2.46809
      vertex 1.16965 3.90345 2.46809
    endloop
  endfacet
  facet normal -0.0635892 -0.000749122 0.997976
    outer loop
      vertex 1.8937 4.78918 2.51489
      vertex 1.16965 3.90345 2.46809
      vertex 1.9077 3.60079 2.51489
    endloop
  endfacet
  facet normal 0.0458909 -0.0440439 -0.997975
    outer loop
      vertex 1.81621 3.64779 2.5617
      vertex 1.07076 3.93173 2.51489
      vertex 1.8937 4.78918 2.51489
    endloop
  endfacet
  facet normal 0.0300412 -0.0429945 -0.998624
    outer loop
      vertex 2.79043 4.3285 2.5617
      vertex 1.81621 3.64779 2.5617
      vertex 1.8937 4.78918 2.51489
    endloop
  endfacet
  facet normal 0.359497 0.90916 -0.210214
    outer loop
      vertex 1.9077 3.60079 2.51489
      vertex 1.07076 3.93173 2.51489
      vertex 1.81621 3.64779 2.5617
    endloop
  endfacet
  facet normal 0.529718 0.821685 0.210312
    outer loop
      vertex 1.9077 3.60079 2.51489
      vertex 1.81621 3.64779 2.5617
      vertex 2.57264 3.16014 2.5617
    endloop
  endfacet
  facet normal -0.0524463 -0.000617852 0.998624
    outer loop
      vertex 2.79043 4.3285 2.5617
      vertex 1.8937 4.78918 2.51489
      vertex 1.9077 3.60079 2.51489
    endloop
  endfacet
  facet normal -0.0625304 0.0116561 0.997975
    outer loop
      vertex 2.79043 4.3285 2.5617
      vertex 1.9077 3.60079 2.51489
      vertex 2.57264 3.16014 2.5617
    endloop
  endfacet
  facet normal 0.0364316 -0.0521403 -0.997975
    outer loop
      vertex 2.49206 3.22407 2.60851
      vertex 1.81621 3.64779 2.5617
      vertex 2.79043 4.3285 2.5617
    endloop
  endfacet
  facet normal 0.0210888 -0.0480228 -0.998624
    outer loop
      vertex 3.58023 3.70193 2.60851
      vertex 2.49206 3.22407 2.60851
      vertex 2.79043 4.3285 2.5617
    endloop
  endfacet
  facet normal 0.529716 0.821682 -0.210331
    outer loop
      vertex 2.57264 3.16014 2.5617
      vertex 1.81621 3.64779 2.5617
      vertex 2.49206 3.22407 2.60851
    endloop
  endfacet
  facet normal 0.67966 0.702766 0.210195
    outer loop
      vertex 2.57264 3.16014 2.5617
      vertex 2.49206 3.22407 2.60851
      vertex 3.139 2.5984 2.60851
    endloop
  endfacet
  facet normal -0.0515616 0.00961142 0.998624
    outer loop
      vertex 2.79043 4.3285 2.5617
      vertex 2.57264 3.16014 2.5617
      vertex 3.58023 3.70193 2.60851
    endloop
  endfacet
  facet normal -0.0590612 0.0236147 0.997975
    outer loop
      vertex 3.58023 3.70193 2.60851
      vertex 2.57264 3.16014 2.5617
      vertex 3.139 2.5984 2.60851
    endloop
  endfacet
  facet normal 0.0255751 -0.058239 -0.997975
    outer loop
      vertex 3.07242 2.6768 2.65532
      vertex 2.49206 3.22407 2.60851
      vertex 3.58023 3.70193 2.60851
    endloop
  endfacet
  facet normal 0.0113291 -0.0512117 -0.998624
    outer loop
      vertex 4.23284 2.93351 2.65532
      vertex 3.07242 2.6768 2.65532
      vertex 3.58023 3.70193 2.60851
    endloop
  endfacet
  facet normal 0.679643 0.702747 -0.210314
    outer loop
      vertex 3.139 2.5984 2.60851
      vertex 2.49206 3.22407 2.60851
      vertex 3.07242 2.6768 2.65532
    endloop
  endfacet
  facet normal 0.803547 0.556884 0.210221
    outer loop
      vertex 3.139 2.5984 2.60851
      vertex 3.07242 2.6768 2.65532
      vertex 3.58507 1.93708 2.65532
    endloop
  endfacet
  facet normal -0.0487008 0.0194723 0.998624
    outer loop
      vertex 3.58023 3.70193 2.60851
      vertex 3.139 2.5984 2.60851
      vertex 4.23284 2.93351 2.65532
    endloop
  endfacet
  facet normal -0.0533286 0.0346684 0.997975
    outer loop
      vertex 4.23284 2.93351 2.65532
      vertex 3.139 2.5984 2.60851
      vertex 3.58507 1.93708 2.65532
    endloop
  endfacet
  facet normal 0.0137391 -0.0621057 -0.997975
    outer loop
      vertex 3.53503 2.02695 2.70213
      vertex 3.07242 2.6768 2.65532
      vertex 4.23284 2.93351 2.65532
    endloop
  endfacet
  facet normal 0.00113552 -0.0524377 -0.998624
    outer loop
      vertex 4.72323 2.05268 2.70213
      vertex 3.53503 2.02695 2.70213
      vertex 4.23284 2.93351 2.65532
    endloop
  endfacet
  facet normal 0.803557 0.556891 -0.210165
    outer loop
      vertex 3.58507 1.93708 2.65532
      vertex 3.07242 2.6768 2.65532
      vertex 3.53503 2.02695 2.70213
    endloop
  endfacet
  facet normal 0.896609 0.389663 0.210368
    outer loop
      vertex 3.58507 1.93708 2.65532
      vertex 3.53503 2.02695 2.70213
      vertex 3.89375 1.20154 2.70213
    endloop
  endfacet
  facet normal -0.0439747 0.0285876 0.998624
    outer loop
      vertex 4.23284 2.93351 2.65532
      vertex 3.58507 1.93708 2.65532
      vertex 4.72323 2.05268 2.70213
    endloop
  endfacet
  facet normal -0.0455535 0.0443943 0.997975
    outer loop
      vertex 4.72323 2.05268 2.70213
      vertex 3.58507 1.93708 2.65532
      vertex 3.89375 1.20154 2.70213
    endloop
  endfacet
  facet normal 0.00137707 -0.0635923 -0.997975
    outer loop
      vertex 3.86219 1.29943 2.74894
      vertex 3.53503 2.02695 2.70213
      vertex 4.72323 2.05268 2.70213
    endloop
  endfacet
  facet normal -0.00910221 -0.0516538 -0.998624
    outer loop
      vertex 5.03263 1.09318 2.74894
      vertex 3.86219 1.29943 2.74894
      vertex 4.72323 2.05268 2.70213
    endloop
  endfacet
  facet normal 0.89661 0.389663 -0.210364
    outer loop
      vertex 3.89375 1.20154 2.70213
      vertex 3.53503 2.02695 2.70213
      vertex 3.86219 1.29943 2.74894
    endloop
  endfacet
  facet normal 0.955389 0.207528 0.210151
    outer loop
      vertex 3.89375 1.20154 2.70213
      vertex 3.86219 1.29943 2.74894
      vertex 4.05323 0.419945 2.74894
    endloop
  endfacet
  facet normal -0.0375623 0.0366064 0.998624
    outer loop
      vertex 4.72323 2.05268 2.70213
      vertex 3.89375 1.20154 2.70213
      vertex 5.03263 1.09318 2.74894
    endloop
  endfacet
  facet normal -0.0360313 0.0524171 0.997975
    outer loop
      vertex 5.03263 1.09318 2.74894
      vertex 3.89375 1.20154 2.70213
      vertex 4.05323 0.419945 2.74894
    endloop
  endfacet
  facet normal -0.0110361 -0.0626286 -0.997976
    outer loop
      vertex 4.04134 0.522111 2.79574
      vertex 3.86219 1.29943 2.74894
      vertex 5.03263 1.09318 2.74894
    endloop
  endfacet
  facet normal -0.0189869 -0.0488805 -0.998624
    outer loop
      vertex 5.14917 0.0917912 2.79574
      vertex 4.04134 0.522111 2.79574
      vertex 5.03263 1.09318 2.74894
    endloop
  endfacet
  facet normal 0.955357 0.207521 -0.210307
    outer loop
      vertex 4.05323 0.419945 2.74894
      vertex 3.86219 1.29943 2.74894
      vertex 4.04134 0.522111 2.79574
    endloop
  endfacet
  facet normal 0.977481 0.0174238 0.210302
    outer loop
      vertex 4.05323 0.419945 2.74894
      vertex 4.04134 0.522111 2.79574
      vertex 4.05738 -0.377739 2.79574
    endloop
  endfacet
  facet normal -0.029705 0.0432138 0.998624
    outer loop
      vertex 5.03263 1.09318 2.74894
      vertex 4.05323 0.419945 2.74894
      vertex 5.14917 0.0917912 2.79574
    endloop
  endfacet
  facet normal -0.025124 0.0584204 0.997976
    outer loop
      vertex 5.14917 0.0917912 2.79574
      vertex 4.05323 0.419945 2.74894
      vertex 4.05738 -0.377739 2.79574
    endloop
  endfacet
  facet normal -0.0230308 -0.0592913 -0.997975
    outer loop
      vertex 4.06562 -0.275213 2.84255
      vertex 4.04134 0.522111 2.79574
      vertex 5.14917 0.0917912 2.79574
    endloop
  endfacet
  facet normal -0.0281519 -0.0442544 -0.998624
    outer loop
      vertex 5.06839 -0.913114 2.84255
      vertex 4.06562 -0.275213 2.84255
      vertex 5.14917 0.0917912 2.79574
    endloop
  endfacet
  facet normal 0.977496 0.0174241 -0.210233
    outer loop
      vertex 4.05738 -0.377739 2.79574
      vertex 4.04134 0.522111 2.79574
      vertex 4.06562 -0.275213 2.84255
    endloop
  endfacet
  facet normal 0.962151 -0.173336 0.210283
    outer loop
      vertex 4.06562 -0.275213 2.84255
      vertex 3.90605 -1.16095 2.84255
      vertex 4.05738 -0.377739 2.79574
    endloop
  endfacet
  facet normal -0.0207214 0.0481831 0.998624
    outer loop
      vertex 5.14917 0.0917912 2.79574
      vertex 4.05738 -0.377739 2.79574
      vertex 5.06839 -0.913114 2.84255
    endloop
  endfacet
  facet normal -0.0132642 0.0622086 0.997975
    outer loop
      vertex 4.05738 -0.377739 2.79574
      vertex 3.90605 -1.16095 2.84255
      vertex 5.06839 -0.913114 2.84255
    endloop
  endfacet
  facet normal -0.0341405 -0.0536684 -0.997975
    outer loop
      vertex 5.06839 -0.913114 2.84255
      vertex 3.9341 -1.06199 2.88936
      vertex 4.06562 -0.275213 2.84255
    endloop
  endfacet
  facet normal -0.036234 -0.0379221 -0.998624
    outer loop
      vertex 4.79339 -1.88303 2.88936
      vertex 3.9341 -1.06199 2.88936
      vertex 5.06839 -0.913114 2.84255
    endloop
  endfacet
  facet normal 0.962188 -0.173343 -0.210112
    outer loop
      vertex 3.9341 -1.06199 2.88936
      vertex 3.90605 -1.16095 2.84255
      vertex 4.06562 -0.275213 2.84255
    endloop
  endfacet
  facet normal 0.90992 -0.357448 0.210422
    outer loop
      vertex 3.9341 -1.06199 2.88936
      vertex 3.60503 -1.89967 2.88936
      vertex 3.90605 -1.16095 2.84255
    endloop
  endfacet
  facet normal -0.0109375 0.0512966 0.998624
    outer loop
      vertex 5.06839 -0.913114 2.84255
      vertex 3.90605 -1.16095 2.84255
      vertex 4.79339 -1.88303 2.88936
    endloop
  endfacet
  facet normal -0.000890572 0.0636009 0.997975
    outer loop
      vertex 3.90605 -1.16095 2.84255
      vertex 3.60503 -1.89967 2.88936
      vertex 4.79339 -1.88303 2.88936
    endloop
  endfacet
  facet normal -0.0439421 -0.0459893 -0.997975
    outer loop
      vertex 4.79339 -1.88303 2.88936
      vertex 3.65183 -1.80807 2.93617
      vertex 3.9341 -1.06199 2.88936
    endloop
  endfacet
  facet normal -0.0429277 -0.0301365 -0.998624
    outer loop
      vertex 4.3347 -2.78078 2.93617
      vertex 3.65183 -1.80807 2.93617
      vertex 4.79339 -1.88303 2.88936
    endloop
  endfacet
  facet normal 0.909952 -0.357461 -0.210261
    outer loop
      vertex 3.65183 -1.80807 2.93617
      vertex 3.60503 -1.89967 2.88936
      vertex 3.9341 -1.06199 2.88936
    endloop
  endfacet
  facet normal 0.822871 -0.527883 0.210292
    outer loop
      vertex 3.65183 -1.80807 2.93617
      vertex 3.16587 -2.56559 2.93617
      vertex 3.60503 -1.89967 2.88936
    endloop
  endfacet
  facet normal -0.000734359 0.0524449 0.998624
    outer loop
      vertex 4.79339 -1.88303 2.88936
      vertex 3.60503 -1.89967 2.88936
      vertex 4.3347 -2.78078 2.93617
    endloop
  endfacet
  facet normal 0.011517 0.0625561 0.997975
    outer loop
      vertex 3.60503 -1.89967 2.88936
      vertex 3.16587 -2.56559 2.93617
      vertex 4.3347 -2.78078 2.93617
    endloop
  endfacet
  facet normal -0.0520589 -0.0365468 -0.997975
    outer loop
      vertex 4.3347 -2.78078 2.93617
      vertex 3.22961 -2.48487 2.98298
      vertex 3.65183 -1.80807 2.93617
    endloop
  endfacet
  facet normal -0.0479759 -0.021196 -0.998624
    outer loop
      vertex 3.7099 -3.57198 2.98298
      vertex 3.22961 -2.48487 2.98298
      vertex 4.3347 -2.78078 2.93617
    endloop
  endfacet
  facet normal 0.822888 -0.527895 -0.210195
    outer loop
      vertex 3.22961 -2.48487 2.98298
      vertex 3.16587 -2.56559 2.93617
      vertex 3.65183 -1.80807 2.93617
    endloop
  endfacet
  facet normal 0.704264 -0.678074 0.210304
    outer loop
      vertex 3.22961 -2.48487 2.98298
      vertex 2.60539 -3.1332 2.98298
      vertex 3.16587 -2.56559 2.93617
    endloop
  endfacet
  facet normal 0.0094967 0.0515824 0.998624
    outer loop
      vertex 4.3347 -2.78078 2.93617
      vertex 3.16587 -2.56559 2.93617
      vertex 3.7099 -3.57198 2.98298
    endloop
  endfacet
  facet normal 0.0234834 0.0591132 0.997975
    outer loop
      vertex 3.16587 -2.56559 2.93617
      vertex 2.60539 -3.1332 2.98298
      vertex 3.7099 -3.57198 2.98298
    endloop
  endfacet
  facet normal -0.0581824 -0.0257052 -0.997975
    outer loop
      vertex 3.7099 -3.57198 2.98298
      vertex 2.68364 -3.06644 3.02979
      vertex 3.22961 -2.48487 2.98298
    endloop
  endfacet
  facet normal -0.0511865 -0.0114434 -0.998624
    outer loop
      vertex 2.94294 -4.22629 3.02979
      vertex 2.68364 -3.06644 3.02979
      vertex 3.7099 -3.57198 2.98298
    endloop
  endfacet
  facet normal 0.704276 -0.678086 -0.210225
    outer loop
      vertex 2.68364 -3.06644 3.02979
      vertex 2.60539 -3.1332 2.98298
      vertex 3.22961 -2.48487 2.98298
    endloop
  endfacet
  facet normal 0.558667 -0.802284 0.210314
    outer loop
      vertex 2.68364 -3.06644 3.02979
      vertex 1.94507 -3.58074 3.02979
      vertex 2.60539 -3.1332 2.98298
    endloop
  endfacet
  facet normal 0.0193643 0.0487444 0.998624
    outer loop
      vertex 3.7099 -3.57198 2.98298
      vertex 2.60539 -3.1332 2.98298
      vertex 2.94294 -4.22629 3.02979
    endloop
  endfacet
  facet normal 0.0345498 0.0534059 0.997975
    outer loop
      vertex 2.60539 -3.1332 2.98298
      vertex 1.94507 -3.58074 3.02979
      vertex 2.94294 -4.22629 3.02979
    endloop
  endfacet
  facet normal -0.0620743 -0.0138775 -0.997975
    outer loop
      vertex 2.94294 -4.22629 3.02979
      vertex 2.03482 -3.53051 3.0766
      vertex 2.68364 -3.06644 3.02979
    endloop
  endfacet
  facet normal -0.0524347 -0.00125246 -0.998624
    outer loop
      vertex 2.0632 -4.71865 3.0766
      vertex 2.03482 -3.53051 3.0766
      vertex 2.94294 -4.22629 3.02979
    endloop
  endfacet
  facet normal 0.558675 -0.802295 -0.210249
    outer loop
      vertex 2.03482 -3.53051 3.0766
      vertex 1.94507 -3.58074 3.02979
      vertex 2.68364 -3.06644 3.02979
    endloop
  endfacet
  facet normal 0.39166 -0.895762 0.210267
    outer loop
      vertex 2.03482 -3.53051 3.0766
      vertex 1.21021 -3.89106 3.0766
      vertex 1.94507 -3.58074 3.02979
    endloop
  endfacet
  facet normal 0.0284893 0.0440378 0.998624
    outer loop
      vertex 2.94294 -4.22629 3.02979
      vertex 1.94507 -3.58074 3.02979
      vertex 2.0632 -4.71865 3.0766
    endloop
  endfacet
  facet normal 0.0442922 0.0456516 0.997975
    outer loop
      vertex 1.94507 -3.58074 3.02979
      vertex 1.21021 -3.89106 3.0766
      vertex 2.0632 -4.71865 3.0766
    endloop
  endfacet
  facet normal -0.0635755 -0.00151857 -0.997976
    outer loop
      vertex 2.0632 -4.71865 3.0766
      vertex 1.30803 -3.85928 3.1234
      vertex 2.03482 -3.53051 3.0766
    endloop
  endfacet
  facet normal -0.0516627 0.00898505 -0.998624
    outer loop
      vertex 2.0632 -4.71865 3.0766
      vertex 1.10439 -5.03018 3.1234
      vertex 1.30803 -3.85928 3.1234
    endloop
  endfacet
  facet normal 0.391653 -0.895744 -0.210357
    outer loop
      vertex 1.30803 -3.85928 3.1234
      vertex 1.21021 -3.89106 3.0766
      vertex 2.03482 -3.53051 3.0766
    endloop
  endfacet
  facet normal 0.209654 -0.954908 0.210228
    outer loop
      vertex 1.30803 -3.85928 3.1234
      vertex 0.428974 -4.05228 3.1234
      vertex 1.21021 -3.89106 3.0766
    endloop
  endfacet
  facet normal 0.036515 0.0376357 0.998624
    outer loop
      vertex 1.21021 -3.89106 3.0766
      vertex 1.10439 -5.03018 3.1234
      vertex 2.0632 -4.71865 3.0766
    endloop
  endfacet
  facet normal 0.0523257 0.0361403 0.997976
    outer loop
      vertex 1.21021 -3.89106 3.0766
      vertex 0.428974 -4.05228 3.1234
      vertex 1.10439 -5.03018 3.1234
    endloop
  endfacet
  facet normal -0.0626665 0.0108988 -0.997975
    outer loop
      vertex 1.10439 -5.03018 3.1234
      vertex 0.531114 -4.04016 3.17021
      vertex 1.30803 -3.85928 3.1234
    endloop
  endfacet
  facet normal -0.0489332 0.0188818 -0.998624
    outer loop
      vertex 1.10439 -5.03018 3.1234
      vertex 0.103264 -5.14896 3.17021
      vertex 0.531114 -4.04016 3.17021
    endloop
  endfacet
  facet normal 0.209654 -0.954909 -0.210223
    outer loop
      vertex 0.531114 -4.04016 3.17021
      vertex 0.428974 -4.05228 3.1234
      vertex 1.30803 -3.85928 3.1234
    endloop
  endfacet
  facet normal 0.0196072 -0.977441 0.210295
    outer loop
      vertex 0.531114 -4.04016 3.17021
      vertex -0.368698 -4.05821 3.17021
      vertex 0.428974 -4.05228 3.1234
    endloop
  endfacet
  facet normal 0.0431565 0.0298073 0.998624
    outer loop
      vertex 0.428974 -4.05228 3.1234
      vertex 0.103264 -5.14896 3.17021
      vertex 1.10439 -5.03018 3.1234
    endloop
  endfacet
  facet normal 0.0583767 0.0252593 0.997975
    outer loop
      vertex 0.428974 -4.05228 3.1234
      vertex -0.368698 -4.05821 3.17021
      vertex 0.103264 -5.14896 3.17021
    endloop
  endfacet
  facet normal -0.0593426 0.0228984 -0.997975
    outer loop
      vertex 0.103264 -5.14896 3.17021
      vertex -0.266154 -4.06622 3.21702
      vertex 0.531114 -4.04016 3.17021
    endloop
  endfacet
  facet normal -0.0443171 0.0280529 -0.998624
    outer loop
      vertex 0.103264 -5.14896 3.17021
      vertex -0.901818 -5.07042 3.21702
      vertex -0.266154 -4.06622 3.21702
    endloop
  endfacet
  facet normal 0.0196076 -0.977459 -0.210213
    outer loop
      vertex -0.266154 -4.06622 3.21702
      vertex -0.368698 -4.05821 3.17021
      vertex 0.531114 -4.04016 3.17021
    endloop
  endfacet
  facet normal -0.171196 -0.962526 0.210324
    outer loop
      vertex -0.266154 -4.06622 3.21702
      vertex -1.15224 -3.90862 3.21702
      vertex -0.368698 -4.05821 3.17021
    endloop
  endfacet
  facet normal 0.0481368 0.0208286 0.998624
    outer loop
      vertex -0.368698 -4.05821 3.17021
      vertex -0.901818 -5.07042 3.21702
      vertex 0.103264 -5.14896 3.17021
    endloop
  endfacet
  facet normal 0.0621793 0.0134025 0.997975
    outer loop
      vertex -0.368698 -4.05821 3.17021
      vertex -1.15224 -3.90862 3.21702
      vertex -0.901818 -5.07042 3.21702
    endloop
  endfacet
  facet normal -0.0537448 0.0340207 -0.997975
    outer loop
      vertex -0.901818 -5.07042 3.21702
      vertex -1.05322 -3.93646 3.26383
      vertex -0.266154 -4.06622 3.21702
    endloop
  endfacet
  facet normal -0.0380025 0.0361494 -0.998624
    outer loop
      vertex -0.901818 -5.07042 3.21702
      vertex -1.87234 -4.79757 3.26383
      vertex -1.05322 -3.93646 3.26383
    endloop
  endfacet
  facet normal -0.171196 -0.962527 -0.210317
    outer loop
      vertex -1.05322 -3.93646 3.26383
      vertex -1.15224 -3.90862 3.21702
      vertex -0.266154 -4.06622 3.21702
    endloop
  endfacet
  facet normal -0.355443 -0.91075 0.210225
    outer loop
      vertex -1.05322 -3.93646 3.26383
      vertex -1.89163 -3.60925 3.26383
      vertex -1.15224 -3.90862 3.21702
    endloop
  endfacet
  facet normal 0.0512724 0.0110516 0.998624
    outer loop
      vertex -1.15224 -3.90862 3.21702
      vertex -1.87234 -4.79757 3.26383
      vertex -0.901818 -5.07042 3.21702
    endloop
  endfacet
  facet normal 0.0635987 0.0010324 0.997975
    outer loop
      vertex -1.15224 -3.90862 3.21702
      vertex -1.89163 -3.60925 3.26383
      vertex -1.87234 -4.79757 3.26383
    endloop
  endfacet
  facet normal -0.0460867 0.0438394 -0.997975
    outer loop
      vertex -1.05322 -3.93646 3.26383
      vertex -1.87234 -4.79757 3.26383
      vertex -1.79993 -3.65585 3.31064
    endloop
  endfacet
  facet normal -0.0302321 0.0428605 -0.998624
    outer loop
      vertex -1.87234 -4.79757 3.26383
      vertex -2.77112 -4.34089 3.31064
      vertex -1.79993 -3.65585 3.31064
    endloop
  endfacet
  facet normal -0.355433 -0.910725 -0.210353
    outer loop
      vertex -1.79993 -3.65585 3.31064
      vertex -1.89163 -3.60925 3.26383
      vertex -1.05322 -3.93646 3.26383
    endloop
  endfacet
  facet normal -0.526062 -0.824066 0.210177
    outer loop
      vertex -1.79993 -3.65585 3.31064
      vertex -2.55853 -3.17158 3.31064
      vertex -1.89163 -3.60925 3.26383
    endloop
  endfacet
  facet normal 0.0524426 0.0008513 0.998624
    outer loop
      vertex -1.89163 -3.60925 3.26383
      vertex -2.77112 -4.34089 3.31064
      vertex -1.87234 -4.79757 3.26383
    endloop
  endfacet
  facet normal 0.0625813 -0.0113778 0.997975
    outer loop
      vertex -2.55853 -3.17158 3.31064
      vertex -2.77112 -4.34089 3.31064
      vertex -1.89163 -3.60925 3.26383
    endloop
  endfacet
  facet normal -0.0366628 0.0519773 -0.997975
    outer loop
      vertex -1.79993 -3.65585 3.31064
      vertex -2.77112 -4.34089 3.31064
      vertex -2.47767 -3.23514 3.35745
    endloop
  endfacet
  facet normal -0.0213029 0.0479285 -0.998624
    outer loop
      vertex -2.77112 -4.34089 3.31064
      vertex -3.5637 -3.71785 3.35745
      vertex -2.47767 -3.23514 3.35745
    endloop
  endfacet
  facet normal -0.526057 -0.824059 -0.210216
    outer loop
      vertex -2.47767 -3.23514 3.35745
      vertex -2.55853 -3.17158 3.31064
      vertex -1.79993 -3.65585 3.31064
    endloop
  endfacet
  facet normal -0.676509 -0.705773 0.210288
    outer loop
      vertex -2.47767 -3.23514 3.35745
      vertex -3.12739 -2.61236 3.35745
      vertex -2.55853 -3.17158 3.31064
    endloop
  endfacet
  facet normal 0.0516039 -0.009382 0.998624
    outer loop
      vertex -2.55853 -3.17158 3.31064
      vertex -3.5637 -3.71785 3.35745
      vertex -2.77112 -4.34089 3.31064
    endloop
  endfacet
  facet normal 0.0591653 -0.0233511 0.997975
    outer loop
      vertex -3.12739 -2.61236 3.35745
      vertex -3.5637 -3.71785 3.35745
      vertex -2.55853 -3.17158 3.31064
    endloop
  endfacet
  facet normal -0.0258291 0.0581118 -0.997976
    outer loop
      vertex -2.47767 -3.23514 3.35745
      vertex -3.5637 -3.71785 3.35745
      vertex -3.06046 -2.69046 3.40425
    endloop
  endfacet
  facet normal -0.0115553 0.0511497 -0.998624
    outer loop
      vertex -3.5637 -3.71785 3.35745
      vertex -4.21972 -2.95235 3.40425
      vertex -3.06046 -2.69046 3.40425
    endloop
  endfacet
  facet normal -0.676507 -0.705771 -0.210301
    outer loop
      vertex -3.06046 -2.69046 3.40425
      vertex -3.12739 -2.61236 3.35745
      vertex -2.47767 -3.23514 3.35745
    endloop
  endfacet
  facet normal -0.80104 -0.560452 0.210306
    outer loop
      vertex -3.06046 -2.69046 3.40425
      vertex -3.5764 -1.95304 3.40425
      vertex -3.12739 -2.61236 3.35745
    endloop
  endfacet
  facet normal 0.0487772 -0.0192512 0.998624
    outer loop
      vertex -3.12739 -2.61236 3.35745
      vertex -4.21972 -2.95235 3.40425
      vertex -3.5637 -3.71785 3.35745
    endloop
  endfacet
  facet normal 0.0534718 -0.0344232 0.997976
    outer loop
      vertex -3.5764 -1.95304 3.40425
      vertex -4.21972 -2.95235 3.40425
      vertex -3.12739 -2.61236 3.35745
    endloop
  endfacet
  facet normal -0.0140163 0.0620434 -0.997975
    outer loop
      vertex -3.06046 -2.69046 3.40425
      vertex -4.21972 -2.95235 3.40425
      vertex -3.52597 -2.04268 3.45106
    endloop
  endfacet
  facet normal -0.00136896 0.0524314 -0.998624
    outer loop
      vertex -4.21972 -2.95235 3.40425
      vertex -4.71404 -2.0737 3.45106
      vertex -3.52597 -2.04268 3.45106
    endloop
  endfacet
  facet normal -0.801047 -0.560457 -0.210266
    outer loop
      vertex -3.52597 -2.04268 3.45106
      vertex -3.5764 -1.95304 3.40425
      vertex -3.06046 -2.69046 3.40425
    endloop
  endfacet
  facet normal -0.89489 -0.393658 0.21025
    outer loop
      vertex -3.52597 -2.04268 3.45106
      vertex -3.88836 -1.21887 3.45106
      vertex -3.5764 -1.95304 3.40425
    endloop
  endfacet
  facet normal 0.0441011 -0.0283907 0.998624
    outer loop
      vertex -3.5764 -1.95304 3.40425
      vertex -4.71404 -2.0737 3.45106
      vertex -4.21972 -2.95235 3.40425
    endloop
  endfacet
  facet normal 0.0457501 -0.04419 0.997975
    outer loop
      vertex -3.88836 -1.21887 3.45106
      vertex -4.71404 -2.0737 3.45106
      vertex -3.5764 -1.95304 3.40425
    endloop
  endfacet
  facet normal -0.00166021 0.0635861 -0.997975
    outer loop
      vertex -3.52597 -2.04268 3.45106
      vertex -4.71404 -2.0737 3.45106
      vertex -3.85636 -1.31663 3.49787
    endloop
  endfacet
  facet normal 0.00887229 0.051694 -0.998624
    outer loop
      vertex -4.71404 -2.0737 3.45106
      vertex -5.02771 -1.11559 3.49787
      vertex -3.85636 -1.31663 3.49787
    endloop
  endfacet
  facet normal -0.894867 -0.393648 -0.210366
    outer loop
      vertex -3.85636 -1.31663 3.49787
      vertex -3.88836 -1.21887 3.45106
      vertex -3.52597 -2.04268 3.45106
    endloop
  endfacet
  facet normal -0.954447 -0.211773 0.210199
    outer loop
      vertex -3.85636 -1.31663 3.49787
      vertex -4.05131 -0.438002 3.49787
      vertex -3.88836 -1.21887 3.45106
    endloop
  endfacet
  facet normal 0.0377252 -0.0364387 0.998624
    outer loop
      vertex -3.88836 -1.21887 3.45106
      vertex -5.02771 -1.11559 3.49787
      vertex -4.71404 -2.0737 3.45106
    endloop
  endfacet
  facet normal 0.0362646 -0.0522571 0.997975
    outer loop
      vertex -4.05131 -0.438002 3.49787
      vertex -5.02771 -1.11559 3.49787
      vertex -3.88836 -1.21887 3.45106
    endloop
  endfacet
  facet normal 0.0107596 0.0626903 -0.997975
    outer loop
      vertex -3.85636 -1.31663 3.49787
      vertex -5.02771 -1.11559 3.49787
      vertex -4.03897 -0.540114 3.54468
    endloop
  endfacet
  facet normal 0.0187729 0.0489753 -0.998624
    outer loop
      vertex -5.02771 -1.11559 3.49787
      vertex -5.14871 -0.114736 3.54468
      vertex -4.03897 -0.540114 3.54468
    endloop
  endfacet
  facet normal -0.954416 -0.211766 -0.210347
    outer loop
      vertex -4.03897 -0.540114 3.54468
      vertex -4.05131 -0.438002 3.49787
      vertex -3.85636 -1.31663 3.49787
    endloop
  endfacet
  facet normal -0.977425 -0.0217805 0.210156
    outer loop
      vertex -4.03897 -0.540114 3.54468
      vertex -4.05902 0.359655 3.54468
      vertex -4.05131 -0.438002 3.49787
    endloop
  endfacet
  facet normal 0.0299033 -0.0430905 0.998624
    outer loop
      vertex -4.05131 -0.438002 3.49787
      vertex -5.14871 -0.114736 3.54468
      vertex -5.02771 -1.11559 3.49787
    endloop
  endfacet
  facet normal 0.0253894 -0.0583201 0.997975
    outer loop
      vertex -4.05902 0.359655 3.54468
      vertex -5.14871 -0.114736 3.54468
      vertex -4.05131 -0.438002 3.49787
    endloop
  endfacet
  facet normal 0.0227663 0.0593934 -0.997975
    outer loop
      vertex -4.03897 -0.540114 3.54468
      vertex -5.14871 -0.114736 3.54468
      vertex -4.0668 0.257093 3.59149
    endloop
  endfacet
  facet normal 0.0279543 0.0443794 -0.998624
    outer loop
      vertex -4.0668 0.257093 3.59149
      vertex -5.14871 -0.114736 3.54468
      vertex -5.07241 0.890519 3.59149
    endloop
  endfacet
  facet normal -0.977422 -0.0217804 -0.210173
    outer loop
      vertex -4.03897 -0.540114 3.54468
      vertex -4.0668 0.257093 3.59149
      vertex -4.05902 0.359655 3.54468
    endloop
  endfacet
  facet normal -0.962902 0.169044 0.210342
    outer loop
      vertex -4.05902 0.359655 3.54468
      vertex -4.0668 0.257093 3.59149
      vertex -3.91118 1.14353 3.59149
    endloop
  endfacet
  facet normal 0.0209359 -0.0480903 0.998624
    outer loop
      vertex -5.07241 0.890519 3.59149
      vertex -5.14871 -0.114736 3.54468
      vertex -4.05902 0.359655 3.54468
    endloop
  endfacet
  facet normal 0.0135412 -0.0621491 0.997975
    outer loop
      vertex -3.91118 1.14353 3.59149
      vertex -5.07241 0.890519 3.59149
      vertex -4.05902 0.359655 3.54468
    endloop
  endfacet
  facet normal 0.0339011 0.0538204 -0.997975
    outer loop
      vertex -4.0668 0.257093 3.59149
      vertex -5.07241 0.890519 3.59149
      vertex -3.9388 1.04445 3.6383
    endloop
  endfacet
  facet normal 0.0360648 0.038083 -0.998624
    outer loop
      vertex -3.9388 1.04445 3.6383
      vertex -5.07241 0.890519 3.59149
      vertex -4.80173 1.86165 3.6383
    endloop
  endfacet
  facet normal -0.9629 0.169044 -0.21035
    outer loop
      vertex -3.91118 1.14353 3.59149
      vertex -4.0668 0.257093 3.59149
      vertex -3.9388 1.04445 3.6383
    endloop
  endfacet
  facet normal -0.911544 0.353416 0.210203
    outer loop
      vertex -3.91118 1.14353 3.59149
      vertex -3.9388 1.04445 3.6383
      vertex -3.61346 1.88358 3.6383
    endloop
  endfacet
  facet normal 0.0111659 -0.0512474 0.998624
    outer loop
      vertex -4.80173 1.86165 3.6383
      vertex -5.07241 0.890519 3.59149
      vertex -3.91118 1.14353 3.59149
    endloop
  endfacet
  facet normal 0.0011737 -0.0635966 0.997975
    outer loop
      vertex -3.61346 1.88358 3.6383
      vertex -4.80173 1.86165 3.6383
      vertex -3.91118 1.14353 3.59149
    endloop
  endfacet
  facet normal 0.0437367 0.0461842 -0.997975
    outer loop
      vertex -3.9388 1.04445 3.6383
      vertex -4.80173 1.86165 3.6383
      vertex -3.65985 1.79178 3.68511
    endloop
  endfacet
  facet normal 0.0427931 0.0303275 -0.998624
    outer loop
      vertex -3.65985 1.79178 3.68511
      vertex -4.80173 1.86165 3.6383
      vertex -4.34705 2.76144 3.68511
    endloop
  endfacet
  facet normal -0.91153 0.35341 -0.210272
    outer loop
      vertex -3.61346 1.88358 3.6383
      vertex -3.9388 1.04445 3.6383
      vertex -3.65985 1.79178 3.68511
    endloop
  endfacet
  facet normal -0.825226 0.524218 0.210232
    outer loop
      vertex -3.61346 1.88358 3.6383
      vertex -3.65985 1.79178 3.68511
      vertex -3.17727 2.55146 3.68511
    endloop
  endfacet
  facet normal 0.000967814 -0.0524407 0.998624
    outer loop
      vertex -4.34705 2.76144 3.68511
      vertex -4.80173 1.86165 3.6383
      vertex -3.61346 1.88358 3.6383
    endloop
  endfacet
  facet normal -0.011238 -0.062606 0.997975
    outer loop
      vertex -3.17727 2.55146 3.68511
      vertex -4.34705 2.76144 3.68511
      vertex -3.61346 1.88358 3.6383
    endloop
  endfacet
  facet normal 0.0518847 0.0367708 -0.997976
    outer loop
      vertex -3.65985 1.79178 3.68511
      vertex -4.34705 2.76144 3.68511
      vertex -3.24065 2.47045 3.73191
    endloop
  endfacet
  facet normal 0.0478708 0.021405 -0.998624
    outer loop
      vertex -3.24065 2.47045 3.73191
      vertex -4.34705 2.76144 3.68511
      vertex -3.72578 3.55541 3.73191
    endloop
  endfacet
  facet normal -0.825237 0.524224 -0.210173
    outer loop
      vertex -3.17727 2.55146 3.68511
      vertex -3.65985 1.79178 3.68511
      vertex -3.24065 2.47045 3.73191
    endloop
  endfacet
  facet normal -0.707258 0.67491 0.210437
    outer loop
      vertex -3.17727 2.55146 3.68511
      vertex -3.24065 2.47045 3.73191
      vertex -2.61932 3.12156 3.73191
    endloop
  endfacet
  facet normal -0.00926484 -0.0516136 0.998624
    outer loop
      vertex -3.72578 3.55541 3.73191
      vertex -4.34705 2.76144 3.68511
      vertex -3.17727 2.55146 3.68511
    endloop
  endfacet
  facet normal -0.0232146 -0.0592049 0.997976
    outer loop
      vertex -2.61932 3.12156 3.73191
      vertex -3.72578 3.55541 3.73191
      vertex -3.17727 2.55146 3.68511
    endloop
  endfacet
  facet normal 0.0580674 0.0259643 -0.997975
    outer loop
      vertex -3.24065 2.47045 3.73191
      vertex -3.72578 3.55541 3.73191
      vertex -2.69728 3.05445 3.77872
    endloop
  endfacet
  facet normal 0.051135 0.0116712 -0.998624
    outer loop
      vertex -2.69728 3.05445 3.77872
      vertex -3.72578 3.55541 3.73191
      vertex -2.96174 4.21313 3.77872
    endloop
  endfacet
  facet normal -0.707276 0.674928 -0.210316
    outer loop
      vertex -2.61932 3.12156 3.73191
      vertex -3.24065 2.47045 3.73191
      vertex -2.69728 3.05445 3.77872
    endloop
  endfacet
  facet normal -0.562242 0.799798 0.210256
    outer loop
      vertex -2.61932 3.12156 3.73191
      vertex -2.69728 3.05445 3.77872
      vertex -1.961 3.57204 3.77872
    endloop
  endfacet
  facet normal -0.0191467 -0.0488304 0.998624
    outer loop
      vertex -2.96174 4.21313 3.77872
      vertex -3.72578 3.55541 3.73191
      vertex -2.61932 3.12156 3.73191
    endloop
  endfacet
  facet normal -0.0343111 -0.0535596 0.997975
    outer loop
      vertex -1.961 3.57204 3.77872
      vertex -2.96174 4.21313 3.77872
      vertex -2.61932 3.12156 3.73191
    endloop
  endfacet
  facet normal 0.0620116 0.0141537 -0.997975
    outer loop
      vertex -2.69728 3.05445 3.77872
      vertex -2.96174 4.21313 3.77872
      vertex -2.05053 3.52141 3.82553
    endloop
  endfacet
  facet normal 0.0524285 0.00148592 -0.998624
    outer loop
      vertex -2.05053 3.52141 3.82553
      vertex -2.96174 4.21313 3.77872
      vertex -2.0842 4.70941 3.82553
    endloop
  endfacet
  facet normal -0.562238 0.799792 -0.21029
    outer loop
      vertex -1.961 3.57204 3.77872
      vertex -2.69728 3.05445 3.77872
      vertex -2.05053 3.52141 3.82553
    endloop
  endfacet
  facet normal -0.395652 0.894013 0.210237
    outer loop
      vertex -1.961 3.57204 3.77872
      vertex -2.05053 3.52141 3.82553
      vertex -1.22754 3.88563 3.82553
    endloop
  endfacet
  facet normal -0.0282924 -0.0441643 0.998624
    outer loop
      vertex -2.0842 4.70941 3.82553
      vertex -2.96174 4.21313 3.77872
      vertex -1.961 3.57204 3.77872
    endloop
  endfacet
  facet normal -0.044089 -0.0458487 0.997975
    outer loop
      vertex -1.22754 3.88563 3.82553
      vertex -2.0842 4.70941 3.82553
      vertex -1.961 3.57204 3.77872
    endloop
  endfacet
  facet normal 0.0635824 0.00180204 -0.997975
    outer loop
      vertex -2.05053 3.52141 3.82553
      vertex -2.0842 4.70941 3.82553
      vertex -1.32522 3.85341 3.87234
    endloop
  endfacet
  facet normal 0.0517135 -0.00875705 -0.998624
    outer loop
      vertex -1.32522 3.85341 3.87234
      vertex -2.0842 4.70941 3.82553
      vertex -1.12679 5.02521 3.87234
    endloop
  endfacet
  facet normal -0.39565 0.89401 -0.210257
    outer loop
      vertex -1.22754 3.88563 3.82553
      vertex -2.05053 3.52141 3.82553
      vertex -1.32522 3.85341 3.87234
    endloop
  endfacet
  facet normal -0.213909 0.953959 0.210252
    outer loop
      vertex -1.22754 3.88563 3.82553
      vertex -1.32522 3.85341 3.87234
      vertex -0.447027 4.05033 3.87234
    endloop
  endfacet
  facet normal -0.0363548 -0.0378059 0.998624
    outer loop
      vertex -1.12679 5.02521 3.87234
      vertex -2.0842 4.70941 3.82553
      vertex -1.22754 3.88563 3.82553
    endloop
  endfacet
  facet normal -0.0521751 -0.0363806 0.997975
    outer loop
      vertex -1.12679 5.02521 3.87234
      vertex -1.22754 3.88563 3.82553
      vertex -0.447027 4.05033 3.87234
    endloop
  endfacet
  facet normal 0.0627142 -0.0106199 -0.997975
    outer loop
      vertex -0.549112 4.03776 3.91915
      vertex -1.32522 3.85341 3.87234
      vertex -1.12679 5.02521 3.87234
    endloop
  endfacet
  facet normal 0.0490169 -0.0186638 -0.998624
    outer loop
      vertex -0.549112 4.03776 3.91915
      vertex -1.12679 5.02521 3.87234
      vertex -0.126207 5.14844 3.91915
    endloop
  endfacet
  facet normal -0.213906 0.953942 -0.210329
    outer loop
      vertex -0.447027 4.05033 3.87234
      vertex -1.32522 3.85341 3.87234
      vertex -0.549112 4.03776 3.91915
    endloop
  endfacet
  facet normal -0.0239527 0.977361 0.210216
    outer loop
      vertex -0.447027 4.05033 3.87234
      vertex -0.549112 4.03776 3.91915
      vertex 0.350611 4.05981 3.91915
    endloop
  endfacet
  facet normal -0.0430237 -0.0299995 0.998624
    outer loop
      vertex -0.126207 5.14844 3.91915
      vertex -1.12679 5.02521 3.87234
      vertex -0.447027 4.05033 3.87234
    endloop
  endfacet
  facet normal -0.0582636 -0.0255194 0.997975
    outer loop
      vertex -0.126207 5.14844 3.91915
      vertex -0.447027 4.05033 3.87234
      vertex 0.350611 4.05981 3.91915
    endloop
  endfacet
  facet normal 0.059444 -0.022634 -0.997975
    outer loop
      vertex 0.248032 4.06737 3.96596
      vertex -0.549112 4.03776 3.91915
      vertex -0.126207 5.14844 3.91915
    endloop
  endfacet
  facet normal 0.0444416 -0.0278555 -0.998624
    outer loop
      vertex 0.248032 4.06737 3.96596
      vertex -0.126207 5.14844 3.91915
      vertex 0.879215 5.07438 3.96596
    endloop
  endfacet
  facet normal -0.0239521 0.977337 -0.210332
    outer loop
      vertex 0.350611 4.05981 3.91915
      vertex -0.549112 4.03776 3.91915
      vertex 0.248032 4.06737 3.96596
    endloop
  endfacet
  facet normal 0.16691 0.963308 0.210187
    outer loop
      vertex 0.350611 4.05981 3.91915
      vertex 0.248032 4.06737 3.96596
      vertex 1.13481 3.91372 3.96596
    endloop
  endfacet
  facet normal -0.0480435 -0.021043 0.998624
    outer loop
      vertex 0.879215 5.07438 3.96596
      vertex -0.126207 5.14844 3.91915
      vertex 0.350611 4.05981 3.91915
    endloop
  endfacet
  facet normal -0.062119 -0.0136795 0.997975
    outer loop
      vertex 0.879215 5.07438 3.96596
      vertex 0.350611 4.05981 3.91915
      vertex 1.13481 3.91372 3.96596
    endloop
  endfacet
  facet normal 0.0538953 -0.033781 -0.997975
    outer loop
      vertex 1.03567 3.94111 4.01277
      vertex 0.248032 4.06737 3.96596
      vertex 0.879215 5.07438 3.96596
    endloop
  endfacet
  facet normal 0.0381633 -0.0359797 -0.998624
    outer loop
      vertex 1.03567 3.94111 4.01277
      vertex 0.879215 5.07438 3.96596
      vertex 1.85095 4.80587 4.01277
    endloop
  endfacet
  facet normal 0.166911 0.963314 -0.21016
    outer loop
      vertex 1.13481 3.91372 3.96596
      vertex 0.248032 4.06737 3.96596
      vertex 1.03567 3.94111 4.01277
    endloop
  endfacet
  facet normal 0.351362 0.912306 0.210338
    outer loop
      vertex 1.13481 3.91372 3.96596
      vertex 1.03567 3.94111 4.01277
      vertex 1.87553 3.61765 4.01277
    endloop
  endfacet
  facet normal -0.0512221 -0.0112799 0.998624
    outer loop
      vertex 1.85095 4.80587 4.01277
      vertex 0.879215 5.07438 3.96596
      vertex 1.13481 3.91372 3.96596
    endloop
  endfacet
  facet normal -0.0635931 -0.00131551 0.997975
    outer loop
      vertex 1.85095 4.80587 4.01277
      vertex 1.13481 3.91372 3.96596
      vertex 1.87553 3.61765 4.01277
    endloop
  endfacet
  facet normal 0.0462715 -0.0436239 -0.997976
    outer loop
      vertex 1.78363 3.66383 4.05957
      vertex 1.03567 3.94111 4.01277
      vertex 1.85095 4.80587 4.01277
    endloop
  endfacet
  facet normal 0.0304163 -0.0427159 -0.998624
    outer loop
      vertex 2.75175 4.35319 4.05957
      vertex 1.78363 3.66383 4.05957
      vertex 1.85095 4.80587 4.01277
    endloop
  endfacet
  facet normal 0.351367 0.912321 -0.210263
    outer loop
      vertex 1.87553 3.61765 4.01277
      vertex 1.03567 3.94111 4.01277
      vertex 1.78363 3.66383 4.05957
    endloop
  endfacet
  facet normal 0.522368 0.826372 0.210336
    outer loop
      vertex 1.87553 3.61765 4.01277
      vertex 1.78363 3.66383 4.05957
      vertex 2.54437 3.18295 4.05957
    endloop
  endfacet
  facet normal -0.0524274 -0.00108453 0.998624
    outer loop
      vertex 2.75175 4.35319 4.05957
      vertex 1.85095 4.80587 4.01277
      vertex 1.87553 3.61765 4.01277
    endloop
  endfacet
  facet normal -0.0626182 0.0110967 0.997976
    outer loop
      vertex 2.75175 4.35319 4.05957
      vertex 1.87553 3.61765 4.01277
      vertex 2.54437 3.18295 4.05957
    endloop
  endfacet
  facet normal 0.0368946 -0.0518139 -0.997975
    outer loop
      vertex 2.46323 3.24615 4.10638
      vertex 1.78363 3.66383 4.05957
      vertex 2.75175 4.35319 4.05957
    endloop
  endfacet
  facet normal 0.0215166 -0.0478334 -0.998624
    outer loop
      vertex 3.5471 3.7337 4.10638
      vertex 2.46323 3.24615 4.10638
      vertex 2.75175 4.35319 4.05957
    endloop
  endfacet
  facet normal 0.522377 0.826387 -0.210254
    outer loop
      vertex 2.54437 3.18295 4.05957
      vertex 1.78363 3.66383 4.05957
      vertex 2.46323 3.24615 4.10638
    endloop
  endfacet
  facet normal 0.673364 0.708788 0.210241
    outer loop
      vertex 2.54437 3.18295 4.05957
      vertex 2.46323 3.24615 4.10638
      vertex 3.11572 2.62627 4.10638
    endloop
  endfacet
  facet normal -0.0516451 0.00915211 0.998624
    outer loop
      vertex 2.75175 4.35319 4.05957
      vertex 2.54437 3.18295 4.05957
      vertex 3.5471 3.7337 4.10638
    endloop
  endfacet
  facet normal -0.0592686 0.023087 0.997975
    outer loop
      vertex 3.5471 3.7337 4.10638
      vertex 2.54437 3.18295 4.05957
      vertex 3.11572 2.62627 4.10638
    endloop
  endfacet
  facet normal 0.0260934 -0.0580082 -0.997975
    outer loop
      vertex 3.04844 2.70407 4.15319
      vertex 2.46323 3.24615 4.10638
      vertex 3.5471 3.7337 4.10638
    endloop
  endfacet
  facet normal 0.0117854 -0.0511081 -0.998624
    outer loop
      vertex 4.20652 2.97112 4.15319
      vertex 3.04844 2.70407 4.15319
      vertex 3.5471 3.7337 4.10638
    endloop
  endfacet
  facet normal 0.673369 0.708793 -0.210208
    outer loop
      vertex 3.11572 2.62627 4.10638
      vertex 2.46323 3.24615 4.10638
      vertex 3.04844 2.70407 4.15319
    endloop
  endfacet
  facet normal 0.798532 0.564016 0.210314
    outer loop
      vertex 3.11572 2.62627 4.10638
      vertex 3.04844 2.70407 4.15319
      vertex 3.56766 1.96896 4.15319
    endloop
  endfacet
  facet normal -0.048873 0.0190376 0.998624
    outer loop
      vertex 3.5471 3.7337 4.10638
      vertex 3.11572 2.62627 4.10638
      vertex 4.20652 2.97112 4.15319
    endloop
  endfacet
  facet normal -0.0536362 0.0341922 0.997975
    outer loop
      vertex 4.20652 2.97112 4.15319
      vertex 3.11572 2.62627 4.10638
      vertex 3.56766 1.96896 4.15319
    endloop
  endfacet
  facet normal 0.0142927 -0.0619812 -0.997975
    outer loop
      vertex 3.51683 2.05838 4.2
      vertex 3.04844 2.70407 4.15319
      vertex 4.20652 2.97112 4.15319
    endloop
  endfacet
  facet normal 0.00160244 -0.0524254 -0.998624
    outer loop
      vertex 4.70475 2.09469 4.2
      vertex 3.51683 2.05838 4.2
      vertex 4.20652 2.97112 4.15319
    endloop
  endfacet
  facet normal 0.798532 0.564016 -0.210317
    outer loop
      vertex 3.56766 1.96896 4.15319
      vertex 3.04844 2.70407 4.15319
      vertex 3.51683 2.05838 4.2
    endloop
  endfacet
  facet normal 0.893132 0.397645 0.210222
    outer loop
      vertex 3.56766 1.96896 4.15319
      vertex 3.51683 2.05838 4.2
      vertex 3.88289 1.23619 4.2
    endloop
  endfacet
  facet normal -0.0442273 0.0281942 0.998624
    outer loop
      vertex 4.20652 2.97112 4.15319
      vertex 3.56766 1.96896 4.15319
      vertex 4.70475 2.09469 4.2
    endloop
  endfacet
  facet normal -0.0459467 0.0439857 0.997975
    outer loop
      vertex 4.70475 2.09469 4.2
      vertex 3.56766 1.96896 4.15319
      vertex 3.88289 1.23619 4.2
    endloop
  endfacet
  facet normal 0.00194331 -0.0635774 -0.997975
    outer loop
      vertex 3.85045 1.3338 4.24681
      vertex 3.51683 2.05838 4.2
      vertex 4.70475 2.09469 4.2
    endloop
  endfacet
  facet normal -0.00864145 -0.0517331 -0.998624
    outer loop
      vertex 5.02269 1.13799 4.24681
      vertex 3.85045 1.3338 4.24681
      vertex 4.70475 2.09469 4.2
    endloop
  endfacet
  facet normal 0.89313 0.397644 -0.210231
    outer loop
      vertex 3.88289 1.23619 4.2
      vertex 3.51683 2.05838 4.2
      vertex 3.85045 1.3338 4.24681
    endloop
  endfacet
  facet normal 0.95347 0.216026 0.210303
    outer loop
      vertex 3.88289 1.23619 4.2
      vertex 3.85045 1.3338 4.24681
      vertex 4.04932 0.456051 4.24681
    endloop
  endfacet
  facet normal -0.0378872 0.0362702 0.998624
    outer loop
      vertex 4.70475 2.09469 4.2
      vertex 3.88289 1.23619 4.2
      vertex 5.02269 1.13799 4.24681
    endloop
  endfacet
  facet normal -0.0364972 0.0520945 0.997975
    outer loop
      vertex 5.02269 1.13799 4.24681
      vertex 3.88289 1.23619 4.2
      vertex 4.04932 0.456051 4.24681
    endloop
  endfacet
  facet normal -0.0104796 -0.0627377 -0.997975
    outer loop
      vertex 4.03652 0.558107 4.29362
      vertex 3.85045 1.3338 4.24681
      vertex 5.02269 1.13799 4.24681
    endloop
  endfacet
  facet normal -0.0185542 -0.0490581 -0.998624
    outer loop
      vertex 5.14815 0.137678 4.29362
      vertex 4.03652 0.558107 4.29362
      vertex 5.02269 1.13799 4.24681
    endloop
  endfacet
  facet normal 0.953479 0.216028 -0.210263
    outer loop
      vertex 4.04932 0.456051 4.24681
      vertex 3.85045 1.3338 4.24681
      vertex 4.03652 0.558107 4.29362
    endloop
  endfacet
  facet normal 0.977297 0.026136 0.210256
    outer loop
      vertex 4.04932 0.456051 4.24681
      vertex 4.03652 0.558107 4.29362
      vertex 4.06058 -0.341564 4.29362
    endloop
  endfacet
  facet normal -0.0300951 0.0429564 0.998624
    outer loop
      vertex 5.02269 1.13799 4.24681
      vertex 4.04932 0.456051 4.24681
      vertex 5.14815 0.137678 4.29362
    endloop
  endfacet
  facet normal -0.0256489 0.0582065 0.997975
    outer loop
      vertex 5.14815 0.137678 4.29362
      vertex 4.04932 0.456051 4.24681
      vertex 4.06058 -0.341564 4.29362
    endloop
  endfacet
  facet normal -0.0225013 -0.0594944 -0.997975
    outer loop
      vertex 4.06791 -0.238969 4.34043
      vertex 4.03652 0.558107 4.29362
      vertex 5.14815 0.137678 4.29362
    endloop
  endfacet
  facet normal -0.0277563 -0.0445036 -0.998624
    outer loop
      vertex 5.07633 -0.867907 4.34043
      vertex 4.06791 -0.238969 4.34043
      vertex 5.14815 0.137678 4.29362
    endloop
  endfacet
  facet normal 0.977284 0.0261356 -0.210316
    outer loop
      vertex 4.06058 -0.341564 4.29362
      vertex 4.03652 0.558107 4.29362
      vertex 4.06791 -0.238969 4.34043
    endloop
  endfacet
  facet normal 0.963675 -0.164758 0.210204
    outer loop
      vertex 4.06791 -0.238969 4.34043
      vertex 3.91624 -1.12609 4.34043
      vertex 4.06058 -0.341564 4.29362
    endloop
  endfacet
  facet normal -0.0211498 0.0479965 0.998624
    outer loop
      vertex 5.14815 0.137678 4.29362
      vertex 4.06058 -0.341564 4.29362
      vertex 5.07633 -0.867907 4.34043
    endloop
  endfacet
  facet normal -0.013818 0.0620881 0.997975
    outer loop
      vertex 4.06058 -0.341564 4.29362
      vertex 3.91624 -1.12609 4.34043
      vertex 5.07633 -0.867907 4.34043
    endloop
  endfacet
  facet normal -0.0336535 -0.053959 -0.997976
    outer loop
      vertex 5.07633 -0.867907 4.34043
      vertex 3.94341 -1.02689 4.38723
      vertex 4.06791 -0.238969 4.34043
    endloop
  endfacet
  facet normal -0.0358868 -0.0382354 -0.998624
    outer loop
      vertex 4.80998 -1.84023 4.38723
      vertex 3.94341 -1.02689 4.38723
      vertex 5.07633 -0.867907 4.34043
    endloop
  endfacet
  facet normal 0.963668 -0.164757 -0.210234
    outer loop
      vertex 3.94341 -1.02689 4.38723
      vertex 3.91624 -1.12609 4.34043
      vertex 4.06791 -0.238969 4.34043
    endloop
  endfacet
  facet normal 0.913079 -0.349331 0.210369
    outer loop
      vertex 3.94341 -1.02689 4.38723
      vertex 3.62182 -1.86746 4.38723
      vertex 3.91624 -1.12609 4.34043
    endloop
  endfacet
  facet normal -0.0113918 0.0511865 0.998624
    outer loop
      vertex 5.07633 -0.867907 4.34043
      vertex 3.91624 -1.12609 4.34043
      vertex 4.80998 -1.84023 4.38723
    endloop
  endfacet
  facet normal -0.00145705 0.0635772 0.997976
    outer loop
      vertex 3.91624 -1.12609 4.34043
      vertex 3.62182 -1.86746 4.38723
      vertex 4.80998 -1.84023 4.38723
    endloop
  endfacet
  facet normal -0.0435301 -0.0463789 -0.997975
    outer loop
      vertex 4.80998 -1.84023 4.38723
      vertex 3.6678 -1.77546 4.43404
      vertex 3.94341 -1.02689 4.38723
    endloop
  endfacet
  facet normal -0.0426572 -0.0305178 -0.998624
    outer loop
      vertex 4.35931 -2.74204 4.43404
      vertex 3.6678 -1.77546 4.43404
      vertex 4.80998 -1.84023 4.38723
    endloop
  endfacet
  facet normal 0.913089 -0.349335 -0.210319
    outer loop
      vertex 3.6678 -1.77546 4.43404
      vertex 3.62182 -1.86746 4.38723
      vertex 3.94341 -1.02689 4.38723
    endloop
  endfacet
  facet normal 0.827562 -0.520542 0.210181
    outer loop
      vertex 3.6678 -1.77546 4.43404
      vertex 3.18861 -2.53728 4.43404
      vertex 3.62182 -1.86746 4.38723
    endloop
  endfacet
  facet normal -0.00120171 0.0524358 0.998624
    outer loop
      vertex 4.80998 -1.84023 4.38723
      vertex 3.62182 -1.86746 4.38723
      vertex 4.35931 -2.74204 4.43404
    endloop
  endfacet
  facet normal 0.0109587 0.0626554 0.997975
    outer loop
      vertex 3.62182 -1.86746 4.38723
      vertex 3.18861 -2.53728 4.43404
      vertex 4.35931 -2.74204 4.43404
    endloop
  endfacet
  facet normal -0.0517314 -0.0370096 -0.997975
    outer loop
      vertex 4.35931 -2.74204 4.43404
      vertex 3.25163 -2.45599 4.48085
      vertex 3.6678 -1.77546 4.43404
    endloop
  endfacet
  facet normal -0.0477853 -0.0216229 -0.998624
    outer loop
      vertex 3.74159 -3.53877 4.48085
      vertex 3.25163 -2.45599 4.48085
      vertex 4.35931 -2.74204 4.43404
    endloop
  endfacet
  facet normal 0.827564 -0.520544 -0.210171
    outer loop
      vertex 3.25163 -2.45599 4.48085
      vertex 3.18861 -2.53728 4.43404
      vertex 3.6678 -1.77546 4.43404
    endloop
  endfacet
  facet normal 0.710272 -0.671764 0.210348
    outer loop
      vertex 3.25163 -2.45599 4.48085
      vertex 2.63321 -3.10986 4.48085
      vertex 3.18861 -2.53728 4.43404
    endloop
  endfacet
  facet normal 0.00903651 0.0516656 0.998624
    outer loop
      vertex 4.35931 -2.74204 4.43404
      vertex 3.18861 -2.53728 4.43404
      vertex 3.74159 -3.53877 4.48085
    endloop
  endfacet
  facet normal 0.0229553 0.0593207 0.997975
    outer loop
      vertex 3.18861 -2.53728 4.43404
      vertex 2.63321 -3.10986 4.48085
      vertex 3.74159 -3.53877 4.48085
    endloop
  endfacet
  facet normal -0.0579502 -0.0262226 -0.997975
    outer loop
      vertex 3.74159 -3.53877 4.48085
      vertex 2.71086 -3.04241 4.52766
      vertex 3.25163 -2.45599 4.48085
    endloop
  endfacet
  facet normal -0.0510822 -0.0118994 -0.998624
    outer loop
      vertex 2.98049 -4.19989 4.52766
      vertex 2.71086 -3.04241 4.52766
      vertex 3.74159 -3.53877 4.48085
    endloop
  endfacet
  facet normal 0.710286 -0.671777 -0.210261
    outer loop
      vertex 2.71086 -3.04241 4.52766
      vertex 2.63321 -3.10986 4.48085
      vertex 3.25163 -2.45599 4.48085
    endloop
  endfacet
  facet normal 0.565788 -0.797285 0.210285
    outer loop
      vertex 2.71086 -3.04241 4.52766
      vertex 1.9769 -3.56326 4.52766
      vertex 2.63321 -3.10986 4.48085
    endloop
  endfacet
  facet normal 0.0189288 0.0489153 0.998624
    outer loop
      vertex 3.74159 -3.53877 4.48085
      vertex 2.63321 -3.10986 4.48085
      vertex 2.98049 -4.19989 4.52766
    endloop
  endfacet
  facet normal 0.0340725 0.0537122 0.997975
    outer loop
      vertex 2.63321 -3.10986 4.48085
      vertex 1.9769 -3.56326 4.52766
      vertex 2.98049 -4.19989 4.52766
    endloop
  endfacet
  facet normal -0.0619489 -0.0144307 -0.997975
    outer loop
      vertex 2.98049 -4.19989 4.52766
      vertex 2.06621 -3.51223 4.57447
      vertex 2.71086 -3.04241 4.52766
    endloop
  endfacet
  facet normal -0.0524215 -0.00171937 -0.998624
    outer loop
      vertex 2.10517 -4.70007 4.57447
      vertex 2.06621 -3.51223 4.57447
      vertex 2.98049 -4.19989 4.52766
    endloop
  endfacet
  facet normal 0.565784 -0.797279 -0.210319
    outer loop
      vertex 2.06621 -3.51223 4.57447
      vertex 1.9769 -3.56326 4.52766
      vertex 2.71086 -3.04241 4.52766
    endloop
  endfacet
  facet normal 0.399646 -0.892246 0.210189
    outer loop
      vertex 2.06621 -3.51223 4.57447
      vertex 1.24484 -3.88013 4.57447
      vertex 1.9769 -3.56326 4.52766
    endloop
  endfacet
  facet normal 0.0280955 0.0442901 0.998624
    outer loop
      vertex 2.98049 -4.19989 4.52766
      vertex 1.9769 -3.56326 4.52766
      vertex 2.10517 -4.70007 4.57447
    endloop
  endfacet
  facet normal 0.043883 0.0460447 0.997975
    outer loop
      vertex 1.9769 -3.56326 4.52766
      vertex 1.24484 -3.88013 4.57447
      vertex 2.10517 -4.70007 4.57447
    endloop
  endfacet
  facet normal -0.0635723 -0.00208511 -0.997975
    outer loop
      vertex 2.10517 -4.70007 4.57447
      vertex 1.34237 -3.84747 4.62128
      vertex 2.06621 -3.51223 4.57447
    endloop
  endfacet
  facet normal -0.051752 0.00852582 -0.998624
    outer loop
      vertex 2.10517 -4.70007 4.57447
      vertex 1.14918 -5.02014 4.62128
      vertex 1.34237 -3.84747 4.62128
    endloop
  endfacet
  facet normal 0.39965 -0.892255 -0.210144
    outer loop
      vertex 1.34237 -3.84747 4.62128
      vertex 1.24484 -3.88013 4.57447
      vertex 2.06621 -3.51223 4.57447
    endloop
  endfacet
  facet normal 0.218153 -0.95297 0.210373
    outer loop
      vertex 1.34237 -3.84747 4.62128
      vertex 0.465072 -4.0483 4.62128
      vertex 1.24484 -3.88013 4.57447
    endloop
  endfacet
  facet normal 0.0361856 0.0379681 0.998624
    outer loop
      vertex 1.24484 -3.88013 4.57447
      vertex 1.14918 -5.02014 4.62128
      vertex 2.10517 -4.70007 4.57447
    endloop
  endfacet
  facet normal 0.0520128 0.0366134 0.997975
    outer loop
      vertex 1.24484 -3.88013 4.57447
      vertex 0.465072 -4.0483 4.62128
      vertex 1.14918 -5.02014 4.62128
    endloop
  endfacet
  facet normal -0.0627613 0.0103395 -0.997975
    outer loop
      vertex 1.14918 -5.02014 4.62128
      vertex 0.5671 -4.03527 4.66809
      vertex 1.34237 -3.84747 4.62128
    endloop
  endfacet
  facet normal -0.0490992 0.018445 -0.998624
    outer loop
      vertex 1.14918 -5.02014 4.62128
      vertex 0.149148 -5.14783 4.66809
      vertex 0.5671 -4.03527 4.66809
    endloop
  endfacet
  facet normal 0.21816 -0.953001 -0.210229
    outer loop
      vertex 0.5671 -4.03527 4.66809
      vertex 0.465072 -4.0483 4.62128
      vertex 1.34237 -3.84747 4.62128
    endloop
  endfacet
  facet normal 0.0283081 -0.977223 0.210318
    outer loop
      vertex 0.5671 -4.03527 4.66809
      vertex -0.332516 -4.06133 4.66809
      vertex 0.465072 -4.0483 4.62128
    endloop
  endfacet
  facet normal 0.0428891 0.030191 0.998624
    outer loop
      vertex 0.465072 -4.0483 4.62128
      vertex 0.149148 -5.14783 4.66809
      vertex 1.14918 -5.02014 4.62128
    endloop
  endfacet
  facet normal 0.0581495 0.0257786 0.997975
    outer loop
      vertex 0.465072 -4.0483 4.62128
      vertex -0.332516 -4.06133 4.66809
      vertex 0.149148 -5.14783 4.66809
    endloop
  endfacet
  facet normal -0.0595314 0.022364 -0.997976
    outer loop
      vertex 0.149148 -5.14783 4.66809
      vertex -0.229905 -4.06843 4.71489
      vertex 0.5671 -4.03527 4.66809
    endloop
  endfacet
  facet normal -0.0445558 0.0276511 -0.998624
    outer loop
      vertex 0.149148 -5.14783 4.66809
      vertex -0.856594 -5.07825 4.71489
      vertex -0.229905 -4.06843 4.71489
    endloop
  endfacet
  facet normal 0.0283081 -0.977223 -0.210321
    outer loop
      vertex -0.229905 -4.06843 4.71489
      vertex -0.332516 -4.06133 4.66809
      vertex 0.5671 -4.03527 4.66809
    endloop
  endfacet
  facet normal -0.162606 -0.964026 0.210268
    outer loop
      vertex -0.229905 -4.06843 4.71489
      vertex -1.11736 -3.91874 4.71489
      vertex -0.332516 -4.06133 4.66809
    endloop
  endfacet
  facet normal 0.0479391 0.0212522 0.998624
    outer loop
      vertex -0.332516 -4.06133 4.66809
      vertex -0.856594 -5.07825 4.71489
      vertex 0.149148 -5.14783 4.66809
    endloop
  endfacet
  facet normal 0.062044 0.0139533 0.997976
    outer loop
      vertex -0.332516 -4.06133 4.66809
      vertex -1.11736 -3.91874 4.71489
      vertex -0.856594 -5.07825 4.71489
    endloop
  endfacet
  facet normal -0.0540456 0.0335404 -0.997975
    outer loop
      vertex -0.856594 -5.07825 4.71489
      vertex -1.0181 -3.94569 4.7617
      vertex -0.229905 -4.06843 4.71489
    endloop
  endfacet
  facet normal -0.0383234 0.0358092 -0.998624
    outer loop
      vertex -0.856594 -5.07825 4.71489
      vertex -1.82951 -4.81407 4.7617
      vertex -1.0181 -3.94569 4.7617
    endloop
  endfacet
  facet normal -0.162607 -0.964037 -0.21022
    outer loop
      vertex -1.0181 -3.94569 4.7617
      vertex -1.11736 -3.91874 4.71489
      vertex -0.229905 -4.06843 4.71489
    endloop
  endfacet
  facet normal -0.347302 -0.913867 0.210307
    outer loop
      vertex -1.0181 -3.94569 4.7617
      vertex -1.85939 -3.62597 4.7617
      vertex -1.11736 -3.91874 4.71489
    endloop
  endfacet
  facet normal 0.0511717 0.0115082 0.998624
    outer loop
      vertex -1.11736 -3.91874 4.71489
      vertex -1.82951 -4.81407 4.7617
      vertex -0.856594 -5.07825 4.71489
    endloop
  endfacet
  facet normal 0.0635869 0.00159917 0.997975
    outer loop
      vertex -1.11736 -3.91874 4.71489
      vertex -1.85939 -3.62597 4.7617
      vertex -1.82951 -4.81407 4.7617
    endloop
  endfacet
  facet normal -0.0464759 0.0434269 -0.997975
    outer loop
      vertex -1.0181 -3.94569 4.7617
      vertex -1.82951 -4.81407 4.7617
      vertex -1.76728 -3.67175 4.80851
    endloop
  endfacet
  facet normal -0.0306127 0.0425893 -0.998624
    outer loop
      vertex -1.82951 -4.81407 4.7617
      vertex -2.73232 -4.36541 4.80851
      vertex -1.76728 -3.67175 4.80851
    endloop
  endfacet
  facet normal -0.347298 -0.913857 -0.210356
    outer loop
      vertex -1.76728 -3.67175 4.80851
      vertex -1.85939 -3.62597 4.7617
      vertex -1.0181 -3.94569 4.7617
    endloop
  endfacet
  facet normal -0.518705 -0.828711 0.210201
    outer loop
      vertex -1.76728 -3.67175 4.80851
      vertex -2.53016 -3.19425 4.80851
      vertex -1.85939 -3.62597 4.7617
    endloop
  endfacet
  facet normal 0.0524332 0.00131866 0.998624
    outer loop
      vertex -1.85939 -3.62597 4.7617
      vertex -2.73232 -4.36541 4.80851
      vertex -1.82951 -4.81407 4.7617
    endloop
  endfacet
  facet normal 0.0626805 -0.0108196 0.997975
    outer loop
      vertex -2.53016 -3.19425 4.80851
      vertex -2.73232 -4.36541 4.80851
      vertex -1.85939 -3.62597 4.7617
    endloop
  endfacet
  facet normal -0.0371247 0.0516489 -0.997975
    outer loop
      vertex -1.76728 -3.67175 4.80851
      vertex -2.73232 -4.36541 4.80851
      vertex -2.44874 -3.2571 4.85532
    endloop
  endfacet
  facet normal -0.0217288 0.047737 -0.998624
    outer loop
      vertex -2.73232 -4.36541 4.80851
      vertex -3.53043 -3.74946 4.85532
      vertex -2.44874 -3.2571 4.85532
    endloop
  endfacet
  facet normal -0.518676 -0.828666 -0.210447
    outer loop
      vertex -2.44874 -3.2571 4.85532
      vertex -2.53016 -3.19425 4.80851
      vertex -1.76728 -3.67175 4.80851
    endloop
  endfacet
  facet normal -0.67023 -0.711803 0.210068
    outer loop
      vertex -2.44874 -3.2571 4.85532
      vertex -3.10398 -2.64013 4.85532
      vertex -2.53016 -3.19425 4.80851
    endloop
  endfacet
  facet normal 0.051685 -0.00892161 0.998624
    outer loop
      vertex -2.53016 -3.19425 4.80851
      vertex -3.53043 -3.74946 4.85532
      vertex -2.73232 -4.36541 4.80851
    endloop
  endfacet
  facet normal 0.059371 -0.0228235 0.997975
    outer loop
      vertex -3.10398 -2.64013 4.85532
      vertex -3.53043 -3.74946 4.85532
      vertex -2.53016 -3.19425 4.80851
    endloop
  endfacet
  facet normal -0.026351 0.0578917 -0.997975
    outer loop
      vertex -2.44874 -3.2571 4.85532
      vertex -3.53043 -3.74946 4.85532
      vertex -3.03636 -2.71763 4.90213
    endloop
  endfacet
  facet normal -0.0120133 0.0510559 -0.998624
    outer loop
      vertex -3.53043 -3.74946 4.85532
      vertex -4.19324 -2.98984 4.90213
      vertex -3.03636 -2.71763 4.90213
    endloop
  endfacet
  facet normal -0.670198 -0.711769 -0.210283
    outer loop
      vertex -3.03636 -2.71763 4.90213
      vertex -3.10398 -2.64013 4.85532
      vertex -2.44874 -3.2571 4.85532
    endloop
  endfacet
  facet normal -0.79603 -0.567581 0.210212
    outer loop
      vertex -3.03636 -2.71763 4.90213
      vertex -3.55885 -1.98484 4.90213
      vertex -3.10398 -2.64013 4.85532
    endloop
  endfacet
  facet normal 0.0489573 -0.0188202 0.998624
    outer loop
      vertex -3.10398 -2.64013 4.85532
      vertex -4.19324 -2.98984 4.90213
      vertex -3.53043 -3.74946 4.85532
    endloop
  endfacet
  facet normal 0.0537877 -0.0339526 0.997975
    outer loop
      vertex -3.55885 -1.98484 4.90213
      vertex -4.19324 -2.98984 4.90213
      vertex -3.10398 -2.64013 4.85532
    endloop
  endfacet
  facet normal -0.0145688 0.0619166 -0.997975
    outer loop
      vertex -3.03636 -2.71763 4.90213
      vertex -4.19324 -2.98984 4.90213
      vertex -3.50762 -2.07403 4.94894
    endloop
  endfacet
  facet normal -0.00183587 0.0524173 -0.998624
    outer loop
      vertex -4.19324 -2.98984 4.90213
      vertex -4.69537 -2.11563 4.94894
      vertex -3.50762 -2.07403 4.94894
    endloop
  endfacet
  facet normal -0.796023 -0.567576 -0.210251
    outer loop
      vertex -3.50762 -2.07403 4.94894
      vertex -3.55885 -1.98484 4.90213
      vertex -3.03636 -2.71763 4.90213
    endloop
  endfacet
  facet normal -0.89134 -0.401616 0.21028
    outer loop
      vertex -3.50762 -2.07403 4.94894
      vertex -3.87734 -1.25348 4.94894
      vertex -3.55885 -1.98484 4.90213
    endloop
  endfacet
  facet normal 0.0443523 -0.0279967 0.998624
    outer loop
      vertex -3.55885 -1.98484 4.90213
      vertex -4.69537 -2.11563 4.94894
      vertex -4.19324 -2.98984 4.90213
    endloop
  endfacet
  facet normal 0.046142 -0.0437807 0.997975
    outer loop
      vertex -3.87734 -1.25348 4.94894
      vertex -4.69537 -2.11563 4.94894
      vertex -3.55885 -1.98484 4.90213
    endloop
  endfacet
  facet normal -0.00222594 0.0635543 -0.997976
    outer loop
      vertex -3.50762 -2.07403 4.94894
      vertex -4.69537 -2.11563 4.94894
      vertex -3.84447 -1.35094 4.99574
    endloop
  endfacet
  facet normal 0.00840888 0.0517602 -0.998624
    outer loop
      vertex -4.69537 -2.11563 4.94894
      vertex -5.01757 -1.16036 4.99574
      vertex -3.84447 -1.35094 4.99574
    endloop
  endfacet
  facet normal -0.891332 -0.401612 -0.210322
    outer loop
      vertex -3.84447 -1.35094 4.99574
      vertex -3.87734 -1.25348 4.94894
      vertex -3.50762 -2.07403 4.94894
    endloop
  endfacet
  facet normal -0.952504 -0.220276 0.210272
    outer loop
      vertex -3.84447 -1.35094 4.99574
      vertex -4.04725 -0.474091 4.99574
      vertex -3.87734 -1.25348 4.94894
    endloop
  endfacet
  facet normal 0.0380402 -0.0360935 0.998624
    outer loop
      vertex -3.87734 -1.25348 4.94894
      vertex -5.01757 -1.16036 4.99574
      vertex -4.69537 -2.11563 4.94894
    endloop
  endfacet
  facet normal 0.0367211 -0.0519202 0.997976
    outer loop
      vertex -4.04725 -0.474091 4.99574
      vertex -5.01757 -1.16036 4.99574
      vertex -3.87734 -1.25348 4.94894
    endloop
  endfacet
  facet normal 0.0101998 0.062784 -0.997975
    outer loop
      vertex -3.84447 -1.35094 4.99574
      vertex -5.01757 -1.16036 4.99574
      vertex -4.03399 -0.576089 5.04255
    endloop
  endfacet
  facet normal 0.0183354 0.0491402 -0.998624
    outer loop
      vertex -5.01757 -1.16036 4.99574
      vertex -5.14748 -0.160618 5.04255
      vertex -4.03399 -0.576089 5.04255
    endloop
  endfacet
  facet normal -0.952527 -0.220281 -0.210163
    outer loop
      vertex -4.03399 -0.576089 5.04255
      vertex -4.04725 -0.474091 4.99574
      vertex -3.84447 -1.35094 4.99574
    endloop
  endfacet
  facet normal -0.977148 -0.0304912 0.21036
    outer loop
      vertex -4.03399 -0.576089 5.04255
      vertex -4.06206 0.323466 5.04255
      vertex -4.04725 -0.474091 4.99574
    endloop
  endfacet
  facet normal 0.0302864 -0.0428221 0.998624
    outer loop
      vertex -4.04725 -0.474091 4.99574
      vertex -5.14748 -0.160618 5.04255
      vertex -5.01757 -1.16036 4.99574
    endloop
  endfacet
  facet normal 0.0259082 -0.0580918 0.997975
    outer loop
      vertex -4.06206 0.323466 5.04255
      vertex -5.14748 -0.160618 5.04255
      vertex -4.04725 -0.474091 4.99574
    endloop
  endfacet
  facet normal 0.022236 0.0595939 -0.997975
    outer loop
      vertex -4.03399 -0.576089 5.04255
      vertex -5.14748 -0.160618 5.04255
      vertex -4.06893 0.22084 5.08936
    endloop
  endfacet
  facet normal 0.0275576 0.044627 -0.998624
    outer loop
      vertex -4.06893 0.22084 5.08936
      vertex -5.14748 -0.160618 5.04255
      vertex -5.08015 0.845277 5.08936
    endloop
  endfacet
  facet normal -0.977169 -0.0304919 -0.210263
    outer loop
      vertex -4.03399 -0.576089 5.04255
      vertex -4.06893 0.22084 5.08936
      vertex -4.06206 0.323466 5.04255
    endloop
  endfacet
  facet normal -0.964392 0.160455 0.210243
    outer loop
      vertex -4.06206 0.323466 5.04255
      vertex -4.06893 0.22084 5.08936
      vertex -3.92122 1.10863 5.08936
    endloop
  endfacet
  facet normal 0.0213635 -0.0479016 0.998624
    outer loop
      vertex -5.08015 0.845277 5.08936
      vertex -5.14748 -0.160618 5.04255
      vertex -4.06206 0.323466 5.04255
    endloop
  endfacet
  facet normal 0.0140946 -0.0620256 0.997975
    outer loop
      vertex -3.92122 1.10863 5.08936
      vertex -5.08015 0.845277 5.08936
      vertex -4.06206 0.323466 5.04255
    endloop
  endfacet
  facet normal 0.0334196 0.0541201 -0.997975
    outer loop
      vertex -4.06893 0.22084 5.08936
      vertex -5.08015 0.845277 5.08936
      vertex -3.94795 1.00931 5.13617
    endloop
  endfacet
  facet normal 0.0357235 0.0384032 -0.998624
    outer loop
      vertex -3.94795 1.00931 5.13617
      vertex -5.08015 0.845277 5.08936
      vertex -4.81814 1.81878 5.13617
    endloop
  endfacet
  facet normal -0.964391 0.160455 -0.21025
    outer loop
      vertex -3.92122 1.10863 5.08936
      vertex -4.06893 0.22084 5.08936
      vertex -3.94795 1.00931 5.13617
    endloop
  endfacet
  facet normal -0.914638 0.345271 0.210297
    outer loop
      vertex -3.92122 1.10863 5.08936
      vertex -3.94795 1.00931 5.13617
      vertex -3.6301 1.85131 5.13617
    endloop
  endfacet
  facet normal 0.0116223 -0.0511459 0.998624
    outer loop
      vertex -4.81814 1.81878 5.13617
      vertex -5.08015 0.845277 5.08936
      vertex -3.92122 1.10863 5.08936
    endloop
  endfacet
  facet normal 0.00174099 -0.0635833 0.997975
    outer loop
      vertex -3.6301 1.85131 5.13617
      vertex -4.81814 1.81878 5.13617
      vertex -3.92122 1.10863 5.08936
    endloop
  endfacet
  facet normal 0.0433225 0.0465722 -0.997975
    outer loop
      vertex -3.94795 1.00931 5.13617
      vertex -4.81814 1.81878 5.13617
      vertex -3.67567 1.7591 5.18298
    endloop
  endfacet
  facet normal 0.0425203 0.0307076 -0.998624
    outer loop
      vertex -3.67567 1.7591 5.18298
      vertex -4.81814 1.81878 5.13617
      vertex -4.37149 2.72259 5.18298
    endloop
  endfacet
  facet normal -0.914644 0.345273 -0.21027
    outer loop
      vertex -3.6301 1.85131 5.13617
      vertex -3.94795 1.00931 5.13617
      vertex -3.67567 1.7591 5.18298
    endloop
  endfacet
  facet normal -0.82986 0.516846 0.210246
    outer loop
      vertex -3.6301 1.85131 5.13617
      vertex -3.67567 1.7591 5.18298
      vertex -3.19988 2.52304 5.18298
    endloop
  endfacet
  facet normal 0.0014356 -0.05243 0.998624
    outer loop
      vertex -4.37149 2.72259 5.18298
      vertex -4.81814 1.81878 5.13617
      vertex -3.6301 1.85131 5.13617
    endloop
  endfacet
  facet normal -0.0106799 -0.0627045 0.997975
    outer loop
      vertex -3.19988 2.52304 5.18298
      vertex -4.37149 2.72259 5.18298
      vertex -3.6301 1.85131 5.13617
    endloop
  endfacet
  facet normal 0.0515661 0.0372404 -0.997975
    outer loop
      vertex -3.67567 1.7591 5.18298
      vertex -4.37149 2.72259 5.18298
      vertex -3.26254 2.44147 5.22979
    endloop
  endfacet
  facet normal 0.0476883 0.0218355 -0.998624
    outer loop
      vertex -3.26254 2.44147 5.22979
      vertex -4.37149 2.72259 5.18298
      vertex -3.75732 3.52206 5.22979
    endloop
  endfacet
  facet normal -0.829866 0.516849 -0.210211
    outer loop
      vertex -3.19988 2.52304 5.18298
      vertex -3.67567 1.7591 5.18298
      vertex -3.26254 2.44147 5.22979
    endloop
  endfacet
  facet normal -0.713266 0.668598 0.210304
    outer loop
      vertex -3.19988 2.52304 5.18298
      vertex -3.26254 2.44147 5.22979
      vertex -2.64704 3.09809 5.22979
    endloop
  endfacet
  facet normal -0.00880652 -0.0517053 0.998624
    outer loop
      vertex -3.75732 3.52206 5.22979
      vertex -4.37149 2.72259 5.18298
      vertex -3.19988 2.52304 5.18298
    endloop
  endfacet
  facet normal -0.0226909 -0.0594223 0.997975
    outer loop
      vertex -2.64704 3.09809 5.22979
      vertex -3.75732 3.52206 5.22979
      vertex -3.19988 2.52304 5.18298
    endloop
  endfacet
  facet normal 0.0578331 0.0264806 -0.997975
    outer loop
      vertex -3.26254 2.44147 5.22979
      vertex -3.75732 3.52206 5.22979
      vertex -2.72439 3.03029 5.2766
    endloop
  endfacet
  facet normal 0.0510287 0.0121265 -0.998624
    outer loop
      vertex -2.72439 3.03029 5.2766
      vertex -3.75732 3.52206 5.22979
      vertex -2.99917 4.18657 5.2766
    endloop
  endfacet
  facet normal -0.713279 0.668611 -0.210218
    outer loop
      vertex -2.64704 3.09809 5.22979
      vertex -3.26254 2.44147 5.22979
      vertex -2.72439 3.03029 5.2766
    endloop
  endfacet
  facet normal -0.569343 0.794743 0.210315
    outer loop
      vertex -2.64704 3.09809 5.22979
      vertex -2.72439 3.03029 5.2766
      vertex -1.99276 3.55442 5.2766
    endloop
  endfacet
  facet normal -0.0187106 -0.0489987 0.998624
    outer loop
      vertex -2.99917 4.18657 5.2766
      vertex -3.75732 3.52206 5.22979
      vertex -2.64704 3.09809 5.22979
    endloop
  endfacet
  facet normal -0.0338326 -0.0538629 0.997975
    outer loop
      vertex -1.99276 3.55442 5.2766
      vertex -2.99917 4.18657 5.2766
      vertex -2.64704 3.09809 5.22979
    endloop
  endfacet
  facet normal 0.0618709 0.0147031 -0.997976
    outer loop
      vertex -2.72439 3.03029 5.2766
      vertex -2.99917 4.18657 5.2766
      vertex -2.08184 3.50299 5.3234
    endloop
  endfacet
  facet normal 0.0524024 0.00195243 -0.998624
    outer loop
      vertex -2.08184 3.50299 5.3234
      vertex -2.99917 4.18657 5.2766
      vertex -2.12609 4.69064 5.3234
    endloop
  endfacet
  facet normal -0.569341 0.79474 -0.21033
    outer loop
      vertex -1.99276 3.55442 5.2766
      vertex -2.72439 3.03029 5.2766
      vertex -2.08184 3.50299 5.3234
    endloop
  endfacet
  facet normal -0.403603 0.890436 0.210303
    outer loop
      vertex -1.99276 3.55442 5.2766
      vertex -2.08184 3.50299 5.3234
      vertex -1.26212 3.87454 5.3234
    endloop
  endfacet
  facet normal -0.0278922 -0.0444056 0.998624
    outer loop
      vertex -2.12609 4.69064 5.3234
      vertex -2.99917 4.18657 5.2766
      vertex -1.99276 3.55442 5.2766
    endloop
  endfacet
  facet normal -0.0436687 -0.0462301 0.997976
    outer loop
      vertex -1.26212 3.87454 5.3234
      vertex -2.12609 4.69064 5.3234
      vertex -1.99276 3.55442 5.2766
    endloop
  endfacet
  facet normal 0.0635624 0.00236824 -0.997975
    outer loop
      vertex -2.08184 3.50299 5.3234
      vertex -2.12609 4.69064 5.3234
      vertex -1.3595 3.84145 5.37021
    endloop
  endfacet
  facet normal 0.0517897 -0.00829504 -0.998624
    outer loop
      vertex -1.3595 3.84145 5.37021
      vertex -2.12609 4.69064 5.3234
      vertex -1.17154 5.01497 5.37021
    endloop
  endfacet
  facet normal -0.403614 0.89046 -0.210182
    outer loop
      vertex -1.26212 3.87454 5.3234
      vertex -2.08184 3.50299 5.3234
      vertex -1.3595 3.84145 5.37021
    endloop
  endfacet
  facet normal -0.222393 0.952001 0.210321
    outer loop
      vertex -1.26212 3.87454 5.3234
      vertex -1.3595 3.84145 5.37021
      vertex -0.483108 4.04618 5.37021
    endloop
  endfacet
  facet normal -0.0360162 -0.0381288 0.998624
    outer loop
      vertex -1.17154 5.01497 5.37021
      vertex -2.12609 4.69064 5.3234
      vertex -1.26212 3.87454 5.3234
    endloop
  endfacet
  facet normal -0.0518493 -0.0368446 0.997975
    outer loop
      vertex -1.17154 5.01497 5.37021
      vertex -1.26212 3.87454 5.3234
      vertex -0.483108 4.04618 5.37021
    endloop
  endfacet
  facet normal 0.0628067 -0.0100596 -0.997975
    outer loop
      vertex -0.585075 4.0327 5.41702
      vertex -1.3595 3.84145 5.37021
      vertex -1.17154 5.01497 5.37021
    endloop
  endfacet
  facet normal 0.0491808 -0.0182259 -0.998624
    outer loop
      vertex -0.585075 4.0327 5.41702
      vertex -1.17154 5.01497 5.37021
      vertex -0.172087 5.14711 5.41702
    endloop
  endfacet
  facet normal -0.222394 0.952007 -0.210293
    outer loop
      vertex -0.483108 4.04618 5.37021
      vertex -1.3595 3.84145 5.37021
      vertex -0.585075 4.0327 5.41702
    endloop
  endfacet
  facet normal -0.0326647 0.977107 0.210226
    outer loop
      vertex -0.483108 4.04618 5.37021
      vertex -0.585075 4.0327 5.41702
      vertex 0.314415 4.06277 5.41702
    endloop
  endfacet
  facet normal -0.0427543 -0.0303817 0.998624
    outer loop
      vertex -0.172087 5.14711 5.41702
      vertex -1.17154 5.01497 5.37021
      vertex -0.483108 4.04618 5.37021
    endloop
  endfacet
  facet normal -0.0580337 -0.0260375 0.997975
    outer loop
      vertex -0.172087 5.14711 5.41702
      vertex -0.483108 4.04618 5.37021
      vertex 0.314415 4.06277 5.41702
    endloop
  endfacet
  facet normal 0.0596435 -0.0221032 -0.997975
    outer loop
      vertex 0.211773 4.06942 5.46383
      vertex -0.585075 4.0327 5.41702
      vertex -0.172087 5.14711 5.41702
    endloop
  endfacet
  facet normal 0.0446883 -0.0274583 -0.998624
    outer loop
      vertex 0.211773 4.06942 5.46383
      vertex -0.172087 5.14711 5.41702
      vertex 0.833956 5.08202 5.46383
    endloop
  endfacet
  facet normal -0.0326633 0.977064 -0.210427
    outer loop
      vertex 0.314415 4.06277 5.41702
      vertex -0.585075 4.0327 5.41702
      vertex 0.211773 4.06942 5.46383
    endloop
  endfacet
  facet normal 0.15832 0.964777 0.210094
    outer loop
      vertex 0.314415 4.06277 5.41702
      vertex 0.211773 4.06942 5.46383
      vertex 1.09989 3.92368 5.46383
    endloop
  endfacet
  facet normal -0.0478539 -0.0214702 0.998624
    outer loop
      vertex 0.833956 5.08202 5.46383
      vertex -0.172087 5.14711 5.41702
      vertex 0.314415 4.06277 5.41702
    endloop
  endfacet
  facet normal -0.0619941 -0.0142327 0.997975
    outer loop
      vertex 0.833956 5.08202 5.46383
      vertex 0.314415 4.06277 5.41702
      vertex 1.09989 3.92368 5.46383
    endloop
  endfacet
  facet normal 0.0541942 -0.0332991 -0.997975
    outer loop
      vertex 1.00051 3.95019 5.51064
      vertex 0.211773 4.06942 5.46383
      vertex 0.833956 5.08202 5.46383
    endloop
  endfacet
  facet normal 0.0384827 -0.035638 -0.998624
    outer loop
      vertex 1.00051 3.95019 5.51064
      vertex 0.833956 5.08202 5.46383
      vertex 1.80804 4.82218 5.51064
    endloop
  endfacet
  facet normal 0.158314 0.964743 -0.210255
    outer loop
      vertex 1.09989 3.92368 5.46383
      vertex 0.211773 4.06942 5.46383
      vertex 1.00051 3.95019 5.51064
    endloop
  endfacet
  facet normal 0.343233 0.91541 0.210274
    outer loop
      vertex 1.09989 3.92368 5.46383
      vertex 1.00051 3.95019 5.51064
      vertex 1.84321 3.63422 5.51064
    endloop
  endfacet
  facet normal -0.0511199 -0.0117362 0.998624
    outer loop
      vertex 1.80804 4.82218 5.51064
      vertex 0.833956 5.08202 5.46383
      vertex 1.09989 3.92368 5.46383
    endloop
  endfacet
  facet normal -0.0635797 -0.0018823 0.997975
    outer loop
      vertex 1.80804 4.82218 5.51064
      vertex 1.09989 3.92368 5.46383
      vertex 1.84321 3.63422 5.51064
    endloop
  endfacet
  facet normal 0.0466687 -0.0432189 -0.997975
    outer loop
      vertex 1.7509 3.67958 5.55745
      vertex 1.00051 3.95019 5.51064
      vertex 1.80804 4.82218 5.51064
    endloop
  endfacet
  facet normal 0.0308021 -0.042452 -0.998624
    outer loop
      vertex 2.71284 4.37754 5.55745
      vertex 1.7509 3.67958 5.55745
      vertex 1.80804 4.82218 5.51064
    endloop
  endfacet
  facet normal 0.343238 0.915426 -0.210198
    outer loop
      vertex 1.84321 3.63422 5.51064
      vertex 1.00051 3.95019 5.51064
      vertex 1.7509 3.67958 5.55745
    endloop
  endfacet
  facet normal 0.51498 0.83101 0.210281
    outer loop
      vertex 1.84321 3.63422 5.51064
      vertex 1.7509 3.67958 5.55745
      vertex 2.51591 3.2055 5.55745
    endloop
  endfacet
  facet normal -0.0524267 -0.00155211 0.998624
    outer loop
      vertex 2.71284 4.37754 5.55745
      vertex 1.80804 4.82218 5.51064
      vertex 1.84321 3.63422 5.51064
    endloop
  endfacet
  facet normal -0.0627273 0.0105396 0.997975
    outer loop
      vertex 2.71284 4.37754 5.55745
      vertex 1.84321 3.63422 5.51064
      vertex 2.51591 3.2055 5.55745
    endloop
  endfacet
  facet normal 0.0373471 -0.0514723 -0.997976
    outer loop
      vertex 2.4342 3.26798 5.60425
      vertex 1.7509 3.67958 5.55745
      vertex 2.71284 4.37754 5.55745
    endloop
  endfacet
  facet normal 0.021937 -0.0476298 -0.998624
    outer loop
      vertex 3.51368 3.76516 5.60425
      vertex 2.4342 3.26798 5.60425
      vertex 2.71284 4.37754 5.55745
    endloop
  endfacet
  facet normal 0.514977 0.831005 -0.210307
    outer loop
      vertex 2.51591 3.2055 5.55745
      vertex 1.7509 3.67958 5.55745
      vertex 2.4342 3.26798 5.60425
    endloop
  endfacet
  facet normal 0.667006 0.714747 0.210335
    outer loop
      vertex 2.51591 3.2055 5.55745
      vertex 2.4342 3.26798 5.60425
      vertex 3.09219 2.65394 5.60425
    endloop
  endfacet
  facet normal -0.0517139 0.00868914 0.998624
    outer loop
      vertex 2.71284 4.37754 5.55745
      vertex 2.51591 3.2055 5.55745
      vertex 3.51368 3.76516 5.60425
    endloop
  endfacet
  facet normal -0.0594601 0.0225535 0.997976
    outer loop
      vertex 3.51368 3.76516 5.60425
      vertex 2.51591 3.2055 5.55745
      vertex 3.09219 2.65394 5.60425
    endloop
  endfacet
  facet normal 0.0266091 -0.0577738 -0.997975
    outer loop
      vertex 3.02422 2.73114 5.65106
      vertex 2.4342 3.26798 5.60425
      vertex 3.51368 3.76516 5.60425
    endloop
  endfacet
  facet normal 0.01224 -0.0510015 -0.998624
    outer loop
      vertex 4.17988 3.00849 5.65106
      vertex 3.02422 2.73114 5.65106
      vertex 3.51368 3.76516 5.60425
    endloop
  endfacet
  facet normal 0.667017 0.714759 -0.210259
    outer loop
      vertex 3.09219 2.65394 5.60425
      vertex 2.4342 3.26798 5.60425
      vertex 3.02422 2.73114 5.65106
    endloop
  endfacet
  facet normal 0.793482 0.571111 0.210281
    outer loop
      vertex 3.09219 2.65394 5.60425
      vertex 3.02422 2.73114 5.65106
      vertex 3.54997 2.00068 5.65106
    endloop
  endfacet
  facet normal -0.0490403 0.0186012 0.998624
    outer loop
      vertex 3.51368 3.76516 5.60425
      vertex 3.09219 2.65394 5.60425
      vertex 4.17988 3.00849 5.65106
    endloop
  endfacet
  facet normal -0.0539383 0.033713 0.997975
    outer loop
      vertex 4.17988 3.00849 5.65106
      vertex 3.09219 2.65394 5.60425
      vertex 3.54997 2.00068 5.65106
    endloop
  endfacet
  facet normal 0.0148438 -0.0618511 -0.997975
    outer loop
      vertex 3.49834 2.08964 5.69787
      vertex 3.02422 2.73114 5.65106
      vertex 4.17988 3.00849 5.65106
    endloop
  endfacet
  facet normal 0.0020698 -0.0524092 -0.998624
    outer loop
      vertex 4.68589 2.13654 5.69787
      vertex 3.49834 2.08964 5.69787
      vertex 4.17988 3.00849 5.65106
    endloop
  endfacet
  facet normal 0.7935 0.571123 -0.210184
    outer loop
      vertex 3.54997 2.00068 5.65106
      vertex 3.02422 2.73114 5.65106
      vertex 3.49834 2.08964 5.69787
    endloop
  endfacet
  facet normal 0.889529 0.405589 0.210323
    outer loop
      vertex 3.54997 2.00068 5.65106
      vertex 3.49834 2.08964 5.69787
      vertex 3.87172 1.27075 5.69787
    endloop
  endfacet
  facet normal -0.0444771 0.0277994 0.998624
    outer loop
      vertex 4.17988 3.00849 5.65106
      vertex 3.54997 2.00068 5.65106
      vertex 4.68589 2.13654 5.69787
    endloop
  endfacet
  facet normal -0.0463371 0.0435744 0.997975
    outer loop
      vertex 4.68589 2.13654 5.69787
      vertex 3.54997 2.00068 5.65106
      vertex 3.87172 1.27075 5.69787
    endloop
  endfacet
  facet normal 0.00251007 -0.0635572 -0.997975
    outer loop
      vertex 3.83841 1.36806 5.74468
      vertex 3.49834 2.08964 5.69787
      vertex 4.68589 2.13654 5.69787
    endloop
  endfacet
  facet normal -0.0081798 -0.0518079 -0.998624
    outer loop
      vertex 5.01235 1.18271 5.74468
      vertex 3.83841 1.36806 5.74468
      vertex 4.68589 2.13654 5.69787
    endloop
  endfacet
  facet normal 0.88956 0.405602 -0.210168
    outer loop
      vertex 3.87172 1.27075 5.69787
      vertex 3.49834 2.08964 5.69787
      vertex 3.83841 1.36806 5.74468
    endloop
  endfacet
  facet normal 0.951496 0.224519 0.210349
    outer loop
      vertex 3.87172 1.27075 5.69787
      vertex 3.83841 1.36806 5.74468
      vertex 4.0451 0.492121 5.74468
    endloop
  endfacet
  facet normal -0.0382089 0.0359308 0.998624
    outer loop
      vertex 4.68589 2.13654 5.69787
      vertex 3.87172 1.27075 5.69787
      vertex 5.01235 1.18271 5.74468
    endloop
  endfacet
  facet normal -0.03696 0.0517667 0.997975
    outer loop
      vertex 5.01235 1.18271 5.74468
      vertex 3.87172 1.27075 5.69787
      vertex 4.0451 0.492121 5.74468
    endloop
  endfacet
  facet normal -0.00991987 -0.0628289 -0.997975
    outer loop
      vertex 4.03139 0.59406 5.79149
      vertex 3.83841 1.36806 5.74468
      vertex 5.01235 1.18271 5.74468
    endloop
  endfacet
  facet normal -0.0181163 -0.0492214 -0.998624
    outer loop
      vertex 5.14672 0.183554 5.79149
      vertex 4.03139 0.59406 5.79149
      vertex 5.01235 1.18271 5.74468
    endloop
  endfacet
  facet normal 0.951514 0.224523 -0.210263
    outer loop
      vertex 4.0451 0.492121 5.74468
      vertex 3.83841 1.36806 5.74468
      vertex 4.03139 0.59406 5.79149
    endloop
  endfacet
  facet normal 0.977023 0.0348478 0.210268
    outer loop
      vertex 4.0451 0.492121 5.74468
      vertex 4.03139 0.59406 5.79149
      vertex 4.06347 -0.305362 5.79149
    endloop
  endfacet
  facet normal -0.0304769 0.0426864 0.998624
    outer loop
      vertex 5.01235 1.18271 5.74468
      vertex 4.0451 0.492121 5.74468
      vertex 5.14672 0.183554 5.79149
    endloop
  endfacet
  facet normal -0.0261668 0.0579756 0.997975
    outer loop
      vertex 5.14672 0.183554 5.79149
      vertex 4.0451 0.492121 5.74468
      vertex 4.06347 -0.305362 5.79149
    endloop
  endfacet
  facet normal -0.0219703 -0.0596924 -0.997975
    outer loop
      vertex 4.06988 -0.202705 5.8383
      vertex 4.03139 0.59406 5.79149
      vertex 5.14672 0.183554 5.79149
    endloop
  endfacet
  facet normal -0.0273586 -0.044749 -0.998624
    outer loop
      vertex 5.08386 -0.822631 5.8383
      vertex 4.06988 -0.202705 5.8383
      vertex 5.14672 0.183554 5.79149
    endloop
  endfacet
  facet normal 0.977034 0.0348482 -0.210216
    outer loop
      vertex 4.06347 -0.305362 5.79149
      vertex 4.03139 0.59406 5.79149
      vertex 4.06988 -0.202705 5.8383
    endloop
  endfacet
  facet normal 0.96508 -0.156162 0.210318
    outer loop
      vertex 4.06988 -0.202705 5.8383
      vertex 3.92612 -1.09114 5.8383
      vertex 4.06347 -0.305362 5.79149
    endloop
  endfacet
  facet normal -0.0215769 0.0478062 0.998624
    outer loop
      vertex 5.14672 0.183554 5.79149
      vertex 4.06347 -0.305362 5.79149
      vertex 5.08386 -0.822631 5.8383
    endloop
  endfacet
  facet normal -0.0143707 0.0619628 0.997975
    outer loop
      vertex 4.06347 -0.305362 5.79149
      vertex 3.92612 -1.09114 5.8383
      vertex 5.08386 -0.822631 5.8383
    endloop
  endfacet
  facet normal -0.0331786 -0.0542684 -0.997975
    outer loop
      vertex 5.08386 -0.822631 5.8383
      vertex 3.95241 -0.991704 5.88511
      vertex 4.06988 -0.202705 5.8383
    endloop
  endfacet
  facet normal -0.0355524 -0.038562 -0.998624
    outer loop
      vertex 4.82619 -1.79729 5.88511
      vertex 3.95241 -0.991704 5.88511
      vertex 5.08386 -0.822631 5.8383
    endloop
  endfacet
  facet normal 0.965085 -0.156163 -0.210294
    outer loop
      vertex 3.95241 -0.991704 5.88511
      vertex 3.92612 -1.09114 5.8383
      vertex 4.06988 -0.202705 5.8383
    endloop
  endfacet
  facet normal 0.916185 -0.341193 0.21022
    outer loop
      vertex 3.95241 -0.991704 5.88511
      vertex 3.63832 -1.83511 5.88511
      vertex 3.92612 -1.09114 5.8383
    endloop
  endfacet
  facet normal -0.0118499 0.0510937 0.998624
    outer loop
      vertex 5.08386 -0.822631 5.8383
      vertex 3.92612 -1.09114 5.8383
      vertex 4.82619 -1.79729 5.88511
    endloop
  endfacet
  facet normal -0.00202413 0.0635748 0.997975
    outer loop
      vertex 3.92612 -1.09114 5.8383
      vertex 3.63832 -1.83511 5.88511
      vertex 4.82619 -1.79729 5.88511
    endloop
  endfacet
  facet normal -0.043106 -0.046755 -0.997976
    outer loop
      vertex 4.82619 -1.79729 5.88511
      vertex 3.68348 -1.7427 5.93191
      vertex 3.95241 -0.991704 5.88511
    endloop
  endfacet
  facet normal -0.0423746 -0.0308904 -0.998624
    outer loop
      vertex 4.38358 -2.70308 5.93191
      vertex 3.68348 -1.7427 5.93191
      vertex 4.82619 -1.79729 5.88511
    endloop
  endfacet
  facet normal 0.916156 -0.341183 -0.210362
    outer loop
      vertex 3.68348 -1.7427 5.93191
      vertex 3.63832 -1.83511 5.88511
      vertex 3.95241 -0.991704 5.88511
    endloop
  endfacet
  facet normal 0.832151 -0.513145 0.210252
    outer loop
      vertex 3.68348 -1.7427 5.93191
      vertex 3.21109 -2.50876 5.93191
      vertex 3.63832 -1.83511 5.88511
    endloop
  endfacet
  facet normal -0.00166872 0.0524119 0.998624
    outer loop
      vertex 4.82619 -1.79729 5.88511
      vertex 3.63832 -1.83511 5.88511
      vertex 4.38358 -2.70308 5.93191
    endloop
  endfacet
  facet normal 0.0103977 0.0627375 0.997976
    outer loop
      vertex 3.63832 -1.83511 5.88511
      vertex 3.21109 -2.50876 5.93191
      vertex 4.38358 -2.70308 5.93191
    endloop
  endfacet
  facet normal -0.0513994 -0.0374692 -0.997975
    outer loop
      vertex 4.38358 -2.70308 5.93191
      vertex 3.27339 -2.42691 5.97872
      vertex 3.68348 -1.7427 5.93191
    endloop
  endfacet
  facet normal -0.0475905 -0.0220476 -0.998624
    outer loop
      vertex 3.77298 -3.50529 5.97872
      vertex 3.27339 -2.42691 5.97872
      vertex 4.38358 -2.70308 5.93191
    endloop
  endfacet
  facet normal 0.832151 -0.513145 -0.210256
    outer loop
      vertex 3.27339 -2.42691 5.97872
      vertex 3.21109 -2.50876 5.93191
      vertex 3.68348 -1.7427 5.93191
    endloop
  endfacet
  facet normal 0.716238 -0.665422 0.210279
    outer loop
      vertex 3.27339 -2.42691 5.97872
      vertex 2.66082 -3.08626 5.97872
      vertex 3.21109 -2.50876 5.93191
    endloop
  endfacet
  facet normal 0.00857562 0.0517437 0.998624
    outer loop
      vertex 4.38358 -2.70308 5.93191
      vertex 3.21109 -2.50876 5.93191
      vertex 3.77298 -3.50529 5.97872
    endloop
  endfacet
  facet normal 0.0224266 0.059523 0.997975
    outer loop
      vertex 3.21109 -2.50876 5.93191
      vertex 2.66082 -3.08626 5.97872
      vertex 3.77298 -3.50529 5.97872
    endloop
  endfacet
  facet normal -0.0577148 -0.026738 -0.997975
    outer loop
      vertex 3.77298 -3.50529 5.97872
      vertex 2.73787 -3.01812 6.02553
      vertex 3.27339 -2.42691 5.97872
    endloop
  endfacet
  facet normal -0.0509743 -0.0123539 -0.998624
    outer loop
      vertex 3.0178 -4.17316 6.02553
      vertex 2.73787 -3.01812 6.02553
      vertex 3.77298 -3.50529 5.97872
    endloop
  endfacet
  facet normal 0.716234 -0.665418 -0.210302
    outer loop
      vertex 2.73787 -3.01812 6.02553
      vertex 2.66082 -3.08626 5.97872
      vertex 3.27339 -2.42691 5.97872
    endloop
  endfacet
  facet normal 0.572885 -0.792216 0.21023
    outer loop
      vertex 2.73787 -3.01812 6.02553
      vertex 2.00858 -3.5455 6.02553
      vertex 2.66082 -3.08626 5.97872
    endloop
  endfacet
  facet normal 0.0184926 0.0490819 0.998624
    outer loop
      vertex 3.77298 -3.50529 5.97872
      vertex 2.66082 -3.08626 5.97872
      vertex 3.0178 -4.17316 6.02553
    endloop
  endfacet
  facet normal 0.0335922 0.0540132 0.997975
    outer loop
      vertex 2.66082 -3.08626 5.97872
      vertex 2.00858 -3.5455 6.02553
      vertex 3.0178 -4.17316 6.02553
    endloop
  endfacet
  facet normal -0.0618176 -0.0149818 -0.997975
    outer loop
      vertex 3.0178 -4.17316 6.02553
      vertex 2.09743 -3.49368 6.07234
      vertex 2.73787 -3.01812 6.02553
    endloop
  endfacet
  facet normal -0.052404 -0.0021863 -0.998624
    outer loop
      vertex 2.14697 -4.68112 6.07234
      vertex 2.09743 -3.49368 6.07234
      vertex 3.0178 -4.17316 6.02553
    endloop
  endfacet
  facet normal 0.572866 -0.79219 -0.210379
    outer loop
      vertex 2.09743 -3.49368 6.07234
      vertex 2.00858 -3.5455 6.02553
      vertex 2.73787 -3.01812 6.02553
    endloop
  endfacet
  facet normal 0.407581 -0.88866 0.210144
    outer loop
      vertex 2.09743 -3.49368 6.07234
      vertex 1.27937 -3.86888 6.07234
      vertex 2.00858 -3.5455 6.02553
    endloop
  endfacet
  facet normal 0.0276997 0.0445386 0.998624
    outer loop
      vertex 3.0178 -4.17316 6.02553
      vertex 2.00858 -3.5455 6.02553
      vertex 2.14697 -4.68112 6.07234
    endloop
  endfacet
  facet normal 0.0434709 0.0464338 0.997975
    outer loop
      vertex 2.00858 -3.5455 6.02553
      vertex 1.27937 -3.86888 6.07234
      vertex 2.14697 -4.68112 6.07234
    endloop
  endfacet
  facet normal -0.0635517 -0.00265138 -0.997975
    outer loop
      vertex 2.14697 -4.68112 6.07234
      vertex 1.37661 -3.83535 6.11915
      vertex 2.09743 -3.49368 6.07234
    endloop
  endfacet
  facet normal -0.0518261 0.00806463 -0.998624
    outer loop
      vertex 2.14697 -4.68112 6.07234
      vertex 1.19387 -5.0097 6.11915
      vertex 1.37661 -3.83535 6.11915
    endloop
  endfacet
  facet normal 0.407582 -0.888662 -0.210134
    outer loop
      vertex 1.37661 -3.83535 6.11915
      vertex 1.27937 -3.86888 6.07234
      vertex 2.09743 -3.49368 6.07234
    endloop
  endfacet
  facet normal 0.226635 -0.950984 0.210394
    outer loop
      vertex 1.37661 -3.83535 6.11915
      vertex 0.501133 -4.04399 6.11915
      vertex 1.27937 -3.86888 6.07234
    endloop
  endfacet
  facet normal 0.0358458 0.0382889 0.998624
    outer loop
      vertex 1.27937 -3.86888 6.07234
      vertex 1.19387 -5.0097 6.11915
      vertex 2.14697 -4.68112 6.07234
    endloop
  endfacet
  facet normal 0.0516847 0.0370752 0.997975
    outer loop
      vertex 1.27937 -3.86888 6.07234
      vertex 0.501133 -4.04399 6.11915
      vertex 1.19387 -5.0097 6.11915
    endloop
  endfacet
  facet normal -0.0628508 0.00978018 -0.997975
    outer loop
      vertex 1.19387 -5.0097 6.11915
      vertex 0.603041 -4.03005 6.16596
      vertex 1.37661 -3.83535 6.11915
    endloop
  endfacet
  facet normal -0.049262 0.0180066 -0.998624
    outer loop
      vertex 1.19387 -5.0097 6.11915
      vertex 0.195021 -5.1463 6.16596
      vertex 0.603041 -4.03005 6.16596
    endloop
  endfacet
  facet normal 0.226644 -0.951024 -0.210202
    outer loop
      vertex 0.603041 -4.03005 6.16596
      vertex 0.501133 -4.04399 6.11915
      vertex 1.37661 -3.83535 6.11915
    endloop
  endfacet
  facet normal 0.0370309 -0.976933 0.210312
    outer loop
      vertex 0.603041 -4.03005 6.16596
      vertex -0.296307 -4.06414 6.16596
      vertex 0.501133 -4.04399 6.11915
    endloop
  endfacet
  facet normal 0.0426185 0.0305717 0.998624
    outer loop
      vertex 0.501133 -4.04399 6.11915
      vertex 0.195021 -5.1463 6.16596
      vertex 1.19387 -5.0097 6.11915
    endloop
  endfacet
  facet normal 0.057917 0.0262958 0.997975
    outer loop
      vertex 0.501133 -4.04399 6.11915
      vertex -0.296307 -4.06414 6.16596
      vertex 0.195021 -5.1463 6.16596
    endloop
  endfacet
  facet normal -0.0597413 0.0218371 -0.997975
    outer loop
      vertex 0.195021 -5.1463 6.16596
      vertex -0.193637 -4.07032 6.21277
      vertex 0.603041 -4.03005 6.16596
    endloop
  endfacet
  facet normal -0.0448098 0.0272588 -0.998624
    outer loop
      vertex 0.195021 -5.1463 6.16596
      vertex -0.811302 -5.08568 6.21277
      vertex -0.193637 -4.07032 6.21277
    endloop
  endfacet
  facet normal 0.0370317 -0.976956 -0.210204
    outer loop
      vertex -0.193637 -4.07032 6.21277
      vertex -0.296307 -4.06414 6.16596
      vertex 0.603041 -4.03005 6.16596
    endloop
  endfacet
  facet normal -0.154011 -0.965421 0.210339
    outer loop
      vertex -0.193637 -4.07032 6.21277
      vertex -1.08239 -3.92854 6.21277
      vertex -0.296307 -4.06414 6.16596
    endloop
  endfacet
  facet normal 0.047758 0.0216834 0.998624
    outer loop
      vertex -0.296307 -4.06414 6.16596
      vertex -0.811302 -5.08568 6.21277
      vertex 0.195021 -5.1463 6.16596
    endloop
  endfacet
  facet normal 0.0619306 0.0145087 0.997975
    outer loop
      vertex -0.296307 -4.06414 6.16596
      vertex -1.08239 -3.92854 6.21277
      vertex -0.811302 -5.08568 6.21277
    endloop
  endfacet
  facet normal -0.0543308 0.0330506 -0.997976
    outer loop
      vertex -0.811302 -5.08568 6.21277
      vertex -0.982895 -3.95461 6.25957
      vertex -0.193637 -4.07032 6.21277
    endloop
  endfacet
  facet normal -0.0386325 0.0354589 -0.998624
    outer loop
      vertex -0.811302 -5.08568 6.21277
      vertex -1.78654 -4.83018 6.25957
      vertex -0.982895 -3.95461 6.25957
    endloop
  endfacet
  facet normal -0.15401 -0.965415 -0.210367
    outer loop
      vertex -0.982895 -3.95461 6.25957
      vertex -1.08239 -3.92854 6.21277
      vertex -0.193637 -4.07032 6.21277
    endloop
  endfacet
  facet normal -0.339149 -0.91694 0.210236
    outer loop
      vertex -0.982895 -3.95461 6.25957
      vertex -1.827 -3.6424 6.25957
      vertex -1.08239 -3.92854 6.21277
    endloop
  endfacet
  facet normal 0.0510559 0.0119611 0.998624
    outer loop
      vertex -1.08239 -3.92854 6.21277
      vertex -1.78654 -4.83018 6.25957
      vertex -0.811302 -5.08568 6.21277
    endloop
  endfacet
  facet normal 0.0635564 0.00216496 0.997976
    outer loop
      vertex -1.08239 -3.92854 6.21277
      vertex -1.827 -3.6424 6.25957
      vertex -1.78654 -4.83018 6.25957
    endloop
  endfacet
  facet normal -0.0468605 0.043011 -0.997975
    outer loop
      vertex -0.982895 -3.95461 6.25957
      vertex -1.78654 -4.83018 6.25957
      vertex -1.73449 -3.68735 6.30638
    endloop
  endfacet
  facet normal -0.0309914 0.0423148 -0.998624
    outer loop
      vertex -1.78654 -4.83018 6.25957
      vertex -2.69331 -4.38959 6.30638
      vertex -1.73449 -3.68735 6.30638
    endloop
  endfacet
  facet normal -0.339149 -0.916937 -0.210248
    outer loop
      vertex -1.73449 -3.68735 6.30638
      vertex -1.827 -3.6424 6.25957
      vertex -0.982895 -3.95461 6.25957
    endloop
  endfacet
  facet normal -0.511281 -0.833299 0.21025
    outer loop
      vertex -1.73449 -3.68735 6.30638
      vertex -2.5016 -3.21668 6.30638
      vertex -1.827 -3.6424 6.25957
    endloop
  endfacet
  facet normal 0.0524193 0.00178559 0.998624
    outer loop
      vertex -1.827 -3.6424 6.25957
      vertex -2.69331 -4.38959 6.30638
      vertex -1.78654 -4.83018 6.25957
    endloop
  endfacet
  facet normal 0.0627738 -0.0102603 0.997975
    outer loop
      vertex -2.5016 -3.21668 6.30638
      vertex -2.69331 -4.38959 6.30638
      vertex -1.827 -3.6424 6.25957
    endloop
  endfacet
  facet normal -0.0375839 0.0513161 -0.997975
    outer loop
      vertex -1.73449 -3.68735 6.30638
      vertex -2.69331 -4.38959 6.30638
      vertex -2.41961 -3.27879 6.35319
    endloop
  endfacet
  facet normal -0.0221537 0.0475415 -0.998624
    outer loop
      vertex -2.69331 -4.38959 6.30638
      vertex -3.49687 -3.78078 6.35319
      vertex -2.41961 -3.27879 6.35319
    endloop
  endfacet
  facet normal -0.511294 -0.833319 -0.210137
    outer loop
      vertex -2.41961 -3.27879 6.35319
      vertex -2.5016 -3.21668 6.30638
      vertex -1.73449 -3.68735 6.30638
    endloop
  endfacet
  facet normal -0.663804 -0.717703 0.210398
    outer loop
      vertex -2.41961 -3.27879 6.35319
      vertex -3.08033 -2.66769 6.35319
      vertex -2.5016 -3.21668 6.30638
    endloop
  endfacet
  facet normal 0.051763 -0.00846057 0.998624
    outer loop
      vertex -2.5016 -3.21668 6.30638
      vertex -3.49687 -3.78078 6.35319
      vertex -2.69331 -4.38959 6.30638
    endloop
  endfacet
  facet normal 0.0595726 -0.0222932 0.997975
    outer loop
      vertex -3.08033 -2.66769 6.35319
      vertex -3.49687 -3.78078 6.35319
      vertex -2.5016 -3.21668 6.30638
    endloop
  endfacet
  facet normal -0.0268665 0.0576549 -0.997975
    outer loop
      vertex -2.41961 -3.27879 6.35319
      vertex -3.49687 -3.78078 6.35319
      vertex -3.01202 -2.74459 6.4
    endloop
  endfacet
  facet normal -0.0124673 0.0509466 -0.998624
    outer loop
      vertex -3.49687 -3.78078 6.35319
      vertex -4.16643 -3.02709 6.4
      vertex -3.01202 -2.74459 6.4
    endloop
  endfacet
  facet normal -0.663809 -0.717709 -0.210361
    outer loop
      vertex -3.01202 -2.74459 6.4
      vertex -3.08033 -2.66769 6.35319
      vertex -2.41961 -3.27879 6.35319
    endloop
  endfacet
  facet normal -0.790948 -0.574646 0.210198
    outer loop
      vertex -3.01202 -2.74459 6.4
      vertex -3.54102 -2.01647 6.4
      vertex -3.08033 -2.66769 6.35319
    endloop
  endfacet
  facet normal 0.0491228 -0.0183827 0.998624
    outer loop
      vertex -3.08033 -2.66769 6.35319
      vertex -4.16643 -3.02709 6.4
      vertex -3.49687 -3.78078 6.35319
    endloop
  endfacet
  facet normal 0.054088 -0.0334717 0.997975
    outer loop
      vertex -3.54102 -2.01647 6.4
      vertex -4.16643 -3.02709 6.4
      vertex -3.08033 -2.66769 6.35319
    endloop
  endfacet
  facet normal -0.0151192 0.0617833 -0.997975
    outer loop
      vertex -3.01202 -2.74459 6.4
      vertex -4.16643 -3.02709 6.4
      vertex -3.489 -2.1052 6.44681
    endloop
  endfacet
  facet normal -0.00230368 0.052399 -0.998624
    outer loop
      vertex -4.16643 -3.02709 6.4
      vertex -4.67633 -2.1574 6.44681
      vertex -3.489 -2.1052 6.44681
    endloop
  endfacet
  facet normal -0.790934 -0.574636 -0.210277
    outer loop
      vertex -3.489 -2.1052 6.44681
      vertex -3.54102 -2.01647 6.4
      vertex -3.01202 -2.74459 6.4
    endloop
  endfacet
  facet normal -0.887735 -0.409557 0.210212
    outer loop
      vertex -3.489 -2.1052 6.44681
      vertex -3.86602 -1.28799 6.44681
      vertex -3.54102 -2.01647 6.4
    endloop
  endfacet
  facet normal 0.0446004 -0.0276004 0.998624
    outer loop
      vertex -3.54102 -2.01647 6.4
      vertex -4.67633 -2.1574 6.44681
      vertex -4.16643 -3.02709 6.4
    endloop
  endfacet
  facet normal 0.0465309 -0.0433679 0.997975
    outer loop
      vertex -3.86602 -1.28799 6.44681
      vertex -4.67633 -2.1574 6.44681
      vertex -3.54102 -2.01647 6.4
    endloop
  endfacet
  facet normal -0.00279374 0.0635458 -0.997975
    outer loop
      vertex -3.489 -2.1052 6.44681
      vertex -4.67633 -2.1574 6.44681
      vertex -3.83228 -1.38515 6.49362
    endloop
  endfacet
  facet normal 0.00794899 0.0518436 -0.998624
    outer loop
      vertex -4.67633 -2.1574 6.44681
      vertex -5.00703 -1.20503 6.49362
      vertex -3.83228 -1.38515 6.49362
    endloop
  endfacet
  facet normal -0.887734 -0.409556 -0.210219
    outer loop
      vertex -3.83228 -1.38515 6.49362
      vertex -3.86602 -1.28799 6.44681
      vertex -3.489 -2.1052 6.44681
    endloop
  endfacet
  facet normal -0.950497 -0.228747 0.210312
    outer loop
      vertex -3.83228 -1.38515 6.49362
      vertex -4.04286 -0.510141 6.49362
      vertex -3.86602 -1.28799 6.44681
    endloop
  endfacet
  facet normal 0.0383685 -0.0357604 0.998624
    outer loop
      vertex -3.86602 -1.28799 6.44681
      vertex -5.00703 -1.20503 6.49362
      vertex -4.67633 -2.1574 6.44681
    endloop
  endfacet
  facet normal 0.0371901 -0.0516019 0.997975
    outer loop
      vertex -4.04286 -0.510141 6.49362
      vertex -5.00703 -1.20503 6.49362
      vertex -3.86602 -1.28799 6.44681
    endloop
  endfacet
  facet normal 0.00964 0.0628724 -0.997975
    outer loop
      vertex -3.83228 -1.38515 6.49362
      vertex -5.00703 -1.20503 6.49362
      vertex -4.0287 -0.612018 6.54043
    endloop
  endfacet
  facet normal 0.0178968 0.0493018 -0.998624
    outer loop
      vertex -5.00703 -1.20503 6.49362
      vertex -5.14585 -0.206487 6.54043
      vertex -4.0287 -0.612018 6.54043
    endloop
  endfacet
  facet normal -0.950495 -0.228747 -0.210318
    outer loop
      vertex -4.0287 -0.612018 6.54043
      vertex -4.04286 -0.510141 6.49362
      vertex -3.83228 -1.38515 6.49362
    endloop
  endfacet
  facet normal -0.976876 -0.0392046 0.21018
    outer loop
      vertex -4.0287 -0.612018 6.54043
      vertex -4.06479 0.287251 6.54043
      vertex -4.04286 -0.510141 6.49362
    endloop
  endfacet
  facet normal 0.0306666 -0.0425504 0.998624
    outer loop
      vertex -4.04286 -0.510141 6.49362
      vertex -5.14585 -0.206487 6.54043
      vertex -5.00703 -1.20503 6.49362
    endloop
  endfacet
  facet normal 0.0264248 -0.0578583 0.997975
    outer loop
      vertex -4.06479 0.287251 6.54043
      vertex -5.14585 -0.206487 6.54043
      vertex -4.04286 -0.510141 6.49362
    endloop
  endfacet
  facet normal 0.0216994 0.0597771 -0.997976
    outer loop
      vertex -4.0287 -0.612018 6.54043
      vertex -5.14585 -0.206487 6.54043
      vertex -4.07074 0.184567 6.58723
    endloop
  endfacet
  facet normal 0.027153 0.0448611 -0.998624
    outer loop
      vertex -4.07074 0.184567 6.58723
      vertex -5.14585 -0.206487 6.54043
      vertex -5.08748 0.799969 6.58723
    endloop
  endfacet
  facet normal -0.976869 -0.0392043 -0.210214
    outer loop
      vertex -4.0287 -0.612018 6.54043
      vertex -4.07074 0.184567 6.58723
      vertex -4.06479 0.287251 6.54043
    endloop
  endfacet
  facet normal -0.965748 0.151857 0.210407
    outer loop
      vertex -4.06479 0.287251 6.54043
      vertex -4.07074 0.184567 6.58723
      vertex -3.93094 1.07364 6.58723
    endloop
  endfacet
  facet normal 0.021785 -0.0476993 0.998624
    outer loop
      vertex -5.08748 0.799969 6.58723
      vertex -5.14585 -0.206487 6.54043
      vertex -4.06479 0.287251 6.54043
    endloop
  endfacet
  facet normal 0.0146437 -0.0618845 0.997976
    outer loop
      vertex -3.93094 1.07364 6.58723
      vertex -5.08748 0.799969 6.58723
      vertex -4.06479 0.287251 6.54043
    endloop
  endfacet
  facet normal 0.0329363 0.0544159 -0.997975
    outer loop
      vertex -4.07074 0.184567 6.58723
      vertex -5.08748 0.799969 6.58723
      vertex -3.95679 0.974081 6.63404
    endloop
  endfacet
  facet normal 0.0353802 0.0387197 -0.998624
    outer loop
      vertex -3.95679 0.974081 6.63404
      vertex -5.08748 0.799969 6.58723
      vertex -4.83415 1.77577 6.63404
    endloop
  endfacet
  facet normal -0.965762 0.151859 -0.21034
    outer loop
      vertex -3.93094 1.07364 6.58723
      vertex -4.07074 0.184567 6.58723
      vertex -3.95679 0.974081 6.63404
    endloop
  endfacet
  facet normal -0.917699 0.337109 0.210206
    outer loop
      vertex -3.93094 1.07364 6.58723
      vertex -3.95679 0.974081 6.63404
      vertex -3.64646 1.81888 6.63404
    endloop
  endfacet
  facet normal 0.0120776 -0.0510403 0.998624
    outer loop
      vertex -4.83415 1.77577 6.63404
      vertex -5.08748 0.799969 6.58723
      vertex -3.93094 1.07364 6.58723
    endloop
  endfacet
  facet normal 0.00230726 -0.0635655 0.997975
    outer loop
      vertex -3.64646 1.81888 6.63404
      vertex -4.83415 1.77577 6.63404
      vertex -3.93094 1.07364 6.58723
    endloop
  endfacet
  facet normal 0.0429065 0.0469564 -0.997975
    outer loop
      vertex -3.95679 0.974081 6.63404
      vertex -4.83415 1.77577 6.63404
      vertex -3.69121 1.72627 6.68085
    endloop
  endfacet
  facet normal 0.0422457 0.0310855 -0.998624
    outer loop
      vertex -3.69121 1.72627 6.68085
      vertex -4.83415 1.77577 6.63404
      vertex -4.39558 2.68352 6.68085
    endloop
  endfacet
  facet normal -0.917667 0.337098 -0.210361
    outer loop
      vertex -3.64646 1.81888 6.63404
      vertex -3.95679 0.974081 6.63404
      vertex -3.69121 1.72627 6.68085
    endloop
  endfacet
  facet normal -0.834443 0.509443 0.210173
    outer loop
      vertex -3.64646 1.81888 6.63404
      vertex -3.69121 1.72627 6.68085
      vertex -3.22224 2.49442 6.68085
    endloop
  endfacet
  facet normal 0.00190254 -0.0524153 0.998624
    outer loop
      vertex -4.39558 2.68352 6.68085
      vertex -4.83415 1.77577 6.63404
      vertex -3.64646 1.81888 6.63404
    endloop
  endfacet
  facet normal -0.0101206 -0.0627969 0.997975
    outer loop
      vertex -3.22224 2.49442 6.68085
      vertex -4.39558 2.68352 6.68085
      vertex -3.64646 1.81888 6.63404
    endloop
  endfacet
  facet normal 0.0512319 0.0376978 -0.997975
    outer loop
      vertex -3.69121 1.72627 6.68085
      vertex -4.39558 2.68352 6.68085
      vertex -3.28417 2.4123 6.72766
    endloop
  endfacet
  facet normal 0.0474917 0.0222595 -0.998624
    outer loop
      vertex -3.28417 2.4123 6.72766
      vertex -4.39558 2.68352 6.68085
      vertex -3.78856 3.48844 6.72766
    endloop
  endfacet
  facet normal -0.83443 0.509435 -0.210242
    outer loop
      vertex -3.22224 2.49442 6.68085
      vertex -3.69121 1.72627 6.68085
      vertex -3.28417 2.4123 6.72766
    endloop
  endfacet
  facet normal -0.719209 0.662223 0.210235
    outer loop
      vertex -3.22224 2.49442 6.68085
      vertex -3.28417 2.4123 6.72766
      vertex -2.67455 3.07438 6.72766
    endloop
  endfacet
  facet normal -0.00834528 -0.0517813 0.998624
    outer loop
      vertex -3.78856 3.48844 6.72766
      vertex -4.39558 2.68352 6.68085
      vertex -3.22224 2.49442 6.68085
    endloop
  endfacet
  facet normal -0.0221604 -0.0596216 0.997975
    outer loop
      vertex -2.67455 3.07438 6.72766
      vertex -3.78856 3.48844 6.72766
      vertex -3.22224 2.49442 6.68085
    endloop
  endfacet
  facet normal 0.0575951 0.026995 -0.997975
    outer loop
      vertex -3.28417 2.4123 6.72766
      vertex -3.78856 3.48844 6.72766
      vertex -2.75129 3.00589 6.77447
    endloop
  endfacet
  facet normal 0.0509187 0.0125807 -0.998624
    outer loop
      vertex -2.75129 3.00589 6.77447
      vertex -3.78856 3.48844 6.72766
      vertex -3.03636 4.15967 6.77447
    endloop
  endfacet
  facet normal -0.719224 0.662236 -0.210141
    outer loop
      vertex -2.67455 3.07438 6.72766
      vertex -3.28417 2.4123 6.72766
      vertex -2.75129 3.00589 6.77447
    endloop
  endfacet
  facet normal -0.576393 0.789622 0.2104
    outer loop
      vertex -2.67455 3.07438 6.72766
      vertex -2.75129 3.00589 6.77447
      vertex -2.02436 3.53652 6.77447
    endloop
  endfacet
  facet normal -0.0182734 -0.0491639 0.998624
    outer loop
      vertex -3.03636 4.15967 6.77447
      vertex -3.78856 3.48844 6.72766
      vertex -2.67455 3.07438 6.72766
    endloop
  endfacet
  facet normal -0.0333511 -0.0541625 0.997975
    outer loop
      vertex -2.02436 3.53652 6.77447
      vertex -3.03636 4.15967 6.77447
      vertex -2.67455 3.07438 6.72766
    endloop
  endfacet
  facet normal 0.0617499 0.0152568 -0.997975
    outer loop
      vertex -2.75129 3.00589 6.77447
      vertex -3.03636 4.15967 6.77447
      vertex -2.11297 3.4843 6.82128
    endloop
  endfacet
  facet normal 0.052394 0.0024202 -0.998624
    outer loop
      vertex -2.11297 3.4843 6.82128
      vertex -3.03636 4.15967 6.77447
      vertex -2.16781 4.67151 6.82128
    endloop
  endfacet
  facet normal -0.576415 0.789653 -0.210222
    outer loop
      vertex -2.02436 3.53652 6.77447
      vertex -2.75129 3.00589 6.77447
      vertex -2.11297 3.4843 6.82128
    endloop
  endfacet
  facet normal -0.411526 0.886806 0.21029
    outer loop
      vertex -2.02436 3.53652 6.77447
      vertex -2.11297 3.4843 6.82128
      vertex -1.2966 3.86314 6.82128
    endloop
  endfacet
  facet normal -0.0275009 -0.0446617 0.998624
    outer loop
      vertex -2.16781 4.67151 6.82128
      vertex -3.03636 4.15967 6.77447
      vertex -2.02436 3.53652 6.77447
    endloop
  endfacet
  facet normal -0.043264 -0.0466272 0.997975
    outer loop
      vertex -1.2966 3.86314 6.82128
      vertex -2.16781 4.67151 6.82128
      vertex -2.02436 3.53652 6.77447
    endloop
  endfacet
  facet normal 0.0635264 0.00293443 -0.997976
    outer loop
      vertex -2.11297 3.4843 6.82128
      vertex -2.16781 4.67151 6.82128
      vertex -1.39369 3.82918 6.86808
    endloop
  endfacet
  facet normal 0.0518503 -0.00783215 -0.998624
    outer loop
      vertex -1.39369 3.82918 6.86808
      vertex -2.16781 4.67151 6.82128
      vertex -1.21618 5.00433 6.86808
    endloop
  endfacet
  facet normal -0.411531 0.886815 -0.21024
    outer loop
      vertex -1.2966 3.86314 6.82128
      vertex -2.11297 3.4843 6.82128
      vertex -1.39369 3.82918 6.86808
    endloop
  endfacet
  facet normal -0.230871 0.949968 0.210378
    outer loop
      vertex -1.2966 3.86314 6.82128
      vertex -1.39369 3.82918 6.86808
      vertex -0.519148 4.04172 6.86808
    endloop
  endfacet
  facet normal -0.0356673 -0.0384399 0.998624
    outer loop
      vertex -1.21618 5.00433 6.86808
      vertex -2.16781 4.67151 6.82128
      vertex -1.2966 3.86314 6.82128
    endloop
  endfacet
  facet normal -0.0515077 -0.0372971 0.997976
    outer loop
      vertex -1.21618 5.00433 6.86808
      vertex -1.2966 3.86314 6.82128
      vertex -0.519148 4.04172 6.86808
    endloop
  endfacet
  facet normal 0.0628936 -0.00950027 -0.997975
    outer loop
      vertex -0.620993 4.02733 6.91489
      vertex -1.39369 3.82918 6.86808
      vertex -1.21618 5.00433 6.86808
    endloop
  endfacet
  facet normal 0.0493419 -0.017787 -0.998624
    outer loop
      vertex -0.620993 4.02733 6.91489
      vertex -1.21618 5.00433 6.86808
      vertex -0.217952 5.14538 6.91489
    endloop
  endfacet
  facet normal -0.230876 0.949989 -0.21028
    outer loop
      vertex -0.519148 4.04172 6.86808
      vertex -1.39369 3.82918 6.86808
      vertex -0.620993 4.02733 6.91489
    endloop
  endfacet
  facet normal -0.0413766 0.976772 0.210249
    outer loop
      vertex -0.519148 4.04172 6.86808
      vertex -0.620993 4.02733 6.91489
      vertex 0.278193 4.06542 6.91489
    endloop
  endfacet
  facet normal -0.0424819 -0.0307614 0.998624
    outer loop
      vertex -0.217952 5.14538 6.91489
      vertex -1.21618 5.00433 6.86808
      vertex -0.519148 4.04172 6.86808
    endloop
  endfacet
  facet normal -0.0577995 -0.0265537 0.997975
    outer loop
      vertex -0.217952 5.14538 6.91489
      vertex -0.519148 4.04172 6.86808
      vertex 0.278193 4.06542 6.91489
    endloop
  endfacet
  facet normal 0.0598378 -0.0215707 -0.997975
    outer loop
      vertex 0.175497 4.07114 6.9617
      vertex -0.620993 4.02733 6.91489
      vertex -0.217952 5.14538 6.91489
    endloop
  endfacet
  facet normal 0.044931 -0.0270587 -0.998624
    outer loop
      vertex 0.175497 4.07114 6.9617
      vertex -0.217952 5.14538 6.91489
      vertex 0.788631 5.08925 6.9617
    endloop
  endfacet
  facet normal -0.0413776 0.976796 -0.210139
    outer loop
      vertex 0.278193 4.06542 6.91489
      vertex -0.620993 4.02733 6.91489
      vertex 0.175497 4.07114 6.9617
    endloop
  endfacet
  facet normal 0.149706 0.966088 0.210387
    outer loop
      vertex 0.278193 4.06542 6.91489
      vertex 0.175497 4.07114 6.9617
      vertex 1.06488 3.93332 6.9617
    endloop
  endfacet
  facet normal -0.0476608 -0.0218959 0.998624
    outer loop
      vertex 0.788631 5.08925 6.9617
      vertex -0.217952 5.14538 6.91489
      vertex 0.278193 4.06542 6.91489
    endloop
  endfacet
  facet normal -0.0618648 -0.0147847 0.997975
    outer loop
      vertex 0.788631 5.08925 6.9617
      vertex 0.278193 4.06542 6.91489
      vertex 1.06488 3.93332 6.9617
    endloop
  endfacet
  facet normal 0.0544892 -0.0328149 -0.997975
    outer loop
      vertex 0.965262 3.95895 7.00851
      vertex 0.175497 4.07114 6.9617
      vertex 0.788631 5.08925 6.9617
    endloop
  endfacet
  facet normal 0.0387988 -0.0352937 -0.998624
    outer loop
      vertex 0.965262 3.95895 7.00851
      vertex 0.788631 5.08925 6.9617
      vertex 1.76499 4.8381 7.00851
    endloop
  endfacet
  facet normal 0.149707 0.966091 -0.21037
    outer loop
      vertex 1.06488 3.93332 6.9617
      vertex 0.175497 4.07114 6.9617
      vertex 0.965262 3.95895 7.00851
    endloop
  endfacet
  facet normal 0.335068 0.91845 0.210188
    outer loop
      vertex 1.06488 3.93332 6.9617
      vertex 0.965262 3.95895 7.00851
      vertex 1.81075 3.6505 7.00851
    endloop
  endfacet
  facet normal -0.0510134 -0.0121914 0.998624
    outer loop
      vertex 1.76499 4.8381 7.00851
      vertex 0.788631 5.08925 6.9617
      vertex 1.06488 3.93332 6.9617
    endloop
  endfacet
  facet normal -0.0635605 -0.00244908 0.997975
    outer loop
      vertex 1.76499 4.8381 7.00851
      vertex 1.06488 3.93332 6.9617
      vertex 1.81075 3.6505 7.00851
    endloop
  endfacet
  facet normal 0.0470518 -0.0428012 -0.997975
    outer loop
      vertex 1.71804 3.69504 7.05532
      vertex 0.965262 3.95895 7.00851
      vertex 1.76499 4.8381 7.00851
    endloop
  endfacet
  facet normal 0.0311795 -0.0421758 -0.998624
    outer loop
      vertex 2.67372 4.40155 7.05532
      vertex 1.71804 3.69504 7.05532
      vertex 1.76499 4.8381 7.00851
    endloop
  endfacet
  facet normal 0.335061 0.918431 -0.210284
    outer loop
      vertex 1.81075 3.6505 7.00851
      vertex 0.965262 3.95895 7.00851
      vertex 1.71804 3.69504 7.05532
    endloop
  endfacet
  facet normal 0.507569 0.835574 0.210217
    outer loop
      vertex 1.81075 3.6505 7.00851
      vertex 1.71804 3.69504 7.05532
      vertex 2.48724 3.22779 7.05532
    endloop
  endfacet
  facet normal -0.0524107 -0.00201946 0.998624
    outer loop
      vertex 2.67372 4.40155 7.05532
      vertex 1.76499 4.8381 7.00851
      vertex 1.81075 3.6505 7.00851
    endloop
  endfacet
  facet normal -0.062819 0.00998031 0.997975
    outer loop
      vertex 2.67372 4.40155 7.05532
      vertex 1.81075 3.6505 7.00851
      vertex 2.48724 3.22779 7.05532
    endloop
  endfacet
  facet normal 0.0378123 -0.0511478 -0.997975
    outer loop
      vertex 2.40498 3.28954 7.10213
      vertex 1.71804 3.69504 7.05532
      vertex 2.67372 4.40155 7.05532
    endloop
  endfacet
  facet normal 0.022365 -0.047442 -0.998624
    outer loop
      vertex 3.47999 3.79632 7.10213
      vertex 2.40498 3.28954 7.10213
      vertex 2.67372 4.40155 7.05532
    endloop
  endfacet
  facet normal 0.50756 0.835559 -0.210295
    outer loop
      vertex 2.48724 3.22779 7.05532
      vertex 1.71804 3.69504 7.05532
      vertex 2.40498 3.28954 7.10213
    endloop
  endfacet
  facet normal 0.660625 0.720675 0.21024
    outer loop
      vertex 2.48724 3.22779 7.05532
      vertex 2.40498 3.28954 7.10213
      vertex 3.06841 2.68139 7.10213
    endloop
  endfacet
  facet normal -0.0517999 0.00822966 0.998624
    outer loop
      vertex 2.67372 4.40155 7.05532
      vertex 2.48724 3.22779 7.05532
      vertex 3.47999 3.79632 7.10213
    endloop
  endfacet
  facet normal -0.0596713 0.0220279 0.997975
    outer loop
      vertex 3.47999 3.79632 7.10213
      vertex 2.48724 3.22779 7.05532
      vertex 3.06841 2.68139 7.10213
    endloop
  endfacet
  facet normal 0.0271229 -0.0575346 -0.997975
    outer loop
      vertex 2.99976 2.75798 7.14894
      vertex 2.40498 3.28954 7.10213
      vertex 3.47999 3.79632 7.10213
    endloop
  endfacet
  facet normal 0.0126942 -0.0508905 -0.998624
    outer loop
      vertex 4.1529 3.04562 7.14894
      vertex 2.99976 2.75798 7.14894
      vertex 3.47999 3.79632 7.10213
    endloop
  endfacet
  facet normal 0.660616 0.720665 -0.210307
    outer loop
      vertex 3.06841 2.68139 7.10213
      vertex 2.40498 3.28954 7.10213
      vertex 2.99976 2.75798 7.14894
    endloop
  endfacet
  facet normal 0.788374 0.578166 0.210214
    outer loop
      vertex 3.06841 2.68139 7.10213
      vertex 2.99976 2.75798 7.14894
      vertex 3.532 2.03223 7.14894
    endloop
  endfacet
  facet normal -0.0492041 0.0181639 0.998624
    outer loop
      vertex 3.47999 3.79632 7.10213
      vertex 3.06841 2.68139 7.10213
      vertex 4.1529 3.04562 7.14894
    endloop
  endfacet
  facet normal -0.0542363 0.0332304 0.997975
    outer loop
      vertex 4.1529 3.04562 7.14894
      vertex 3.06841 2.68139 7.10213
      vertex 3.532 2.03223 7.14894
    endloop
  endfacet
  facet normal 0.0153912 -0.061703 -0.997976
    outer loop
      vertex 3.47958 2.12073 7.19574
      vertex 2.99976 2.75798 7.14894
      vertex 4.1529 3.04562 7.14894
    endloop
  endfacet
  facet normal 0.00253616 -0.0523773 -0.998624
    outer loop
      vertex 4.66667 2.17821 7.19574
      vertex 3.47958 2.12073 7.19574
      vertex 4.1529 3.04562 7.14894
    endloop
  endfacet
  facet normal 0.788363 0.578158 -0.210278
    outer loop
      vertex 3.532 2.03223 7.14894
      vertex 2.99976 2.75798 7.14894
      vertex 3.47958 2.12073 7.19574
    endloop
  endfacet
  facet normal 0.88588 0.413497 0.210328
    outer loop
      vertex 3.532 2.03223 7.14894
      vertex 3.47958 2.12073 7.19574
      vertex 3.86024 1.3052 7.19574
    endloop
  endfacet
  facet normal -0.0447133 0.0273957 0.998624
    outer loop
      vertex 4.1529 3.04562 7.14894
      vertex 3.532 2.03223 7.14894
      vertex 4.66667 2.17821 7.19574
    endloop
  endfacet
  facet normal -0.0467135 0.0431509 0.997976
    outer loop
      vertex 4.66667 2.17821 7.19574
      vertex 3.532 2.03223 7.14894
      vertex 3.86024 1.3052 7.19574
    endloop
  endfacet
  facet normal 0.00307634 -0.0635333 -0.997975
    outer loop
      vertex 3.82607 1.40222 7.24255
      vertex 3.47958 2.12073 7.19574
      vertex 4.66667 2.17821 7.19574
    endloop
  endfacet
  facet normal -0.00771826 -0.051879 -0.998624
    outer loop
      vertex 5.00161 1.22733 7.24255
      vertex 3.82607 1.40222 7.24255
      vertex 4.66667 2.17821 7.19574
    endloop
  endfacet
  facet normal 0.885874 0.413494 -0.210358
    outer loop
      vertex 3.86024 1.3052 7.19574
      vertex 3.47958 2.12073 7.19574
      vertex 3.82607 1.40222 7.24255
    endloop
  endfacet
  facet normal 0.94949 0.232987 0.210204
    outer loop
      vertex 3.86024 1.3052 7.19574
      vertex 3.82607 1.40222 7.24255
      vertex 4.04055 0.528152 7.24255
    endloop
  endfacet
  facet normal -0.0385276 0.0355893 0.998624
    outer loop
      vertex 4.66667 2.17821 7.19574
      vertex 3.86024 1.3052 7.19574
      vertex 5.00161 1.22733 7.24255
    endloop
  endfacet
  facet normal -0.0374199 0.0514357 0.997975
    outer loop
      vertex 5.00161 1.22733 7.24255
      vertex 3.86024 1.3052 7.19574
      vertex 4.04055 0.528152 7.24255
    endloop
  endfacet
  facet normal -0.00936003 -0.0629143 -0.997975
    outer loop
      vertex 4.02593 0.629965 7.28936
      vertex 3.82607 1.40222 7.24255
      vertex 5.00161 1.22733 7.24255
    endloop
  endfacet
  facet normal -0.0176769 -0.0493811 -0.998624
    outer loop
      vertex 5.14488 0.229415 7.28936
      vertex 4.02593 0.629965 7.28936
      vertex 5.00161 1.22733 7.24255
    endloop
  endfacet
  facet normal 0.94949 0.232987 -0.210203
    outer loop
      vertex 4.04055 0.528152 7.24255
      vertex 3.82607 1.40222 7.24255
      vertex 4.02593 0.629965 7.28936
    endloop
  endfacet
  facet normal 0.976663 0.0435484 0.210318
    outer loop
      vertex 4.04055 0.528152 7.24255
      vertex 4.02593 0.629965 7.28936
      vertex 4.06602 -0.269135 7.28936
    endloop
  endfacet
  facet normal -0.030856 0.0424133 0.998624
    outer loop
      vertex 5.00161 1.22733 7.24255
      vertex 4.04055 0.528152 7.24255
      vertex 5.14488 0.229415 7.28936
    endloop
  endfacet
  facet normal -0.0266823 0.0577403 0.997975
    outer loop
      vertex 5.14488 0.229415 7.28936
      vertex 4.04055 0.528152 7.24255
      vertex 4.06602 -0.269135 7.28936
    endloop
  endfacet
  facet normal -0.0214373 -0.0598858 -0.997975
    outer loop
      vertex 4.07152 -0.166426 7.33617
      vertex 4.02593 0.629965 7.28936
      vertex 5.14488 0.229415 7.28936
    endloop
  endfacet
  facet normal -0.0269586 -0.0449911 -0.998624
    outer loop
      vertex 5.09099 -0.77729 7.33617
      vertex 4.07152 -0.166426 7.33617
      vertex 5.14488 0.229415 7.28936
    endloop
  endfacet
  facet normal 0.976665 0.0435485 -0.210307
    outer loop
      vertex 4.06602 -0.269135 7.28936
      vertex 4.02593 0.629965 7.28936
      vertex 4.07152 -0.166426 7.33617
    endloop
  endfacet
  facet normal 0.96646 -0.147552 0.210198
    outer loop
      vertex 4.07152 -0.166426 7.33617
      vertex 3.93569 -1.05611 7.33617
      vertex 4.06602 -0.269135 7.28936
    endloop
  endfacet
  facet normal -0.0220019 0.047612 0.998624
    outer loop
      vertex 5.14488 0.229415 7.28936
      vertex 4.06602 -0.269135 7.28936
      vertex 5.09099 -0.77729 7.33617
    endloop
  endfacet
  facet normal -0.0149225 0.0618318 0.997975
    outer loop
      vertex 4.06602 -0.269135 7.28936
      vertex 3.93569 -1.05611 7.33617
      vertex 5.09099 -0.77729 7.33617
    endloop
  endfacet
  facet normal -0.0326935 -0.0545622 -0.997975
    outer loop
      vertex 5.09099 -0.77729 7.33617
      vertex 3.96109 -0.95644 7.38298
      vertex 4.07152 -0.166426 7.33617
    endloop
  endfacet
  facet normal -0.0352073 -0.0388773 -0.998624
    outer loop
      vertex 4.84202 -1.75421 7.38298
      vertex 3.96109 -0.95644 7.38298
      vertex 5.09099 -0.77729 7.33617
    endloop
  endfacet
  facet normal 0.96645 -0.14755 -0.210244
    outer loop
      vertex 3.96109 -0.95644 7.38298
      vertex 3.93569 -1.05611 7.33617
      vertex 4.07152 -0.166426 7.33617
    endloop
  endfacet
  facet normal 0.919174 -0.333009 0.210296
    outer loop
      vertex 3.96109 -0.95644 7.38298
      vertex 3.65453 -1.80261 7.38298
      vertex 3.93569 -1.05611 7.33617
    endloop
  endfacet
  facet normal -0.0123049 0.0509859 0.998624
    outer loop
      vertex 5.09099 -0.77729 7.33617
      vertex 3.93569 -1.05611 7.33617
      vertex 4.84202 -1.75421 7.38298
    endloop
  endfacet
  facet normal -0.00259037 0.0635546 0.997975
    outer loop
      vertex 3.93569 -1.05611 7.33617
      vertex 3.65453 -1.80261 7.38298
      vertex 4.84202 -1.75421 7.38298
    endloop
  endfacet
  facet normal -0.0426966 -0.0471473 -0.997975
    outer loop
      vertex 4.84202 -1.75421 7.38298
      vertex 3.69886 -1.7098 7.42979
      vertex 3.96109 -0.95644 7.38298
    endloop
  endfacet
  facet normal -0.0421064 -0.031273 -0.998624
    outer loop
      vertex 4.40749 -2.66391 7.42979
      vertex 3.69886 -1.7098 7.42979
      vertex 4.84202 -1.75421 7.38298
    endloop
  endfacet
  facet normal 0.919188 -0.333014 -0.210224
    outer loop
      vertex 3.69886 -1.7098 7.42979
      vertex 3.65453 -1.80261 7.38298
      vertex 3.96109 -0.95644 7.38298
    endloop
  endfacet
  facet normal 0.836695 -0.505695 0.210273
    outer loop
      vertex 3.69886 -1.7098 7.42979
      vertex 3.23333 -2.48004 7.42979
      vertex 3.65453 -1.80261 7.38298
    endloop
  endfacet
  facet normal -0.00213598 0.052406 0.998624
    outer loop
      vertex 4.84202 -1.75421 7.38298
      vertex 3.65453 -1.80261 7.38298
      vertex 4.40749 -2.66391 7.42979
    endloop
  endfacet
  facet normal 0.0098407 0.0628409 0.997975
    outer loop
      vertex 3.65453 -1.80261 7.38298
      vertex 3.23333 -2.48004 7.42979
      vertex 4.40749 -2.66391 7.42979
    endloop
  endfacet
  facet normal -0.0510639 -0.0379258 -0.997975
    outer loop
      vertex 4.40749 -2.66391 7.42979
      vertex 3.29489 -2.39764 7.4766
      vertex 3.69886 -1.7098 7.42979
    endloop
  endfacet
  facet normal -0.0473926 -0.0224712 -0.998624
    outer loop
      vertex 3.80407 -3.47152 7.4766
      vertex 3.29489 -2.39764 7.4766
      vertex 4.40749 -2.66391 7.42979
    endloop
  endfacet
  facet normal 0.836714 -0.505707 -0.210166
    outer loop
      vertex 3.29489 -2.39764 7.4766
      vertex 3.23333 -2.48004 7.42979
      vertex 3.69886 -1.7098 7.42979
    endloop
  endfacet
  facet normal 0.72213 -0.658997 0.210362
    outer loop
      vertex 3.29489 -2.39764 7.4766
      vertex 2.68822 -3.06243 7.4766
      vertex 3.23333 -2.48004 7.42979
    endloop
  endfacet
  facet normal 0.00811461 0.0518184 0.998624
    outer loop
      vertex 4.40749 -2.66391 7.42979
      vertex 3.23333 -2.48004 7.42979
      vertex 3.80407 -3.47152 7.4766
    endloop
  endfacet
  facet normal 0.0218944 0.05972 0.997975
    outer loop
      vertex 3.23333 -2.48004 7.42979
      vertex 2.68822 -3.06243 7.4766
      vertex 3.80407 -3.47152 7.4766
    endloop
  endfacet
  facet normal -0.0574619 -0.0272455 -0.997976
    outer loop
      vertex 3.80407 -3.47152 7.4766
      vertex 2.76466 -2.9936 7.5234
      vertex 3.29489 -2.39764 7.4766
    endloop
  endfacet
  facet normal -0.0508512 -0.0128048 -0.998624
    outer loop
      vertex 3.05487 -4.1461 7.5234
      vertex 2.76466 -2.9936 7.5234
      vertex 3.80407 -3.47152 7.4766
    endloop
  endfacet
  facet normal 0.722143 -0.659009 -0.210278
    outer loop
      vertex 2.76466 -2.9936 7.5234
      vertex 2.68822 -3.06243 7.4766
      vertex 3.29489 -2.39764 7.4766
    endloop
  endfacet
  facet normal 0.579907 -0.787055 0.210362
    outer loop
      vertex 2.76466 -2.9936 7.5234
      vertex 2.0401 -3.52746 7.5234
      vertex 2.68822 -3.06243 7.4766
    endloop
  endfacet
  facet normal 0.0180501 0.0492343 0.998624
    outer loop
      vertex 3.80407 -3.47152 7.4766
      vertex 2.68822 -3.06243 7.4766
      vertex 3.05487 -4.1461 7.5234
    endloop
  endfacet
  facet normal 0.0331027 0.0542992 0.997976
    outer loop
      vertex 2.68822 -3.06243 7.4766
      vertex 2.0401 -3.52746 7.5234
      vertex 3.05487 -4.1461 7.5234
    endloop
  endfacet
  facet normal -0.0616814 -0.0155319 -0.997975
    outer loop
      vertex 3.05487 -4.1461 7.5234
      vertex 2.12848 -3.47485 7.57021
      vertex 2.76466 -2.9936 7.5234
    endloop
  endfacet
  facet normal -0.0523827 -0.00265367 -0.998624
    outer loop
      vertex 2.18861 -4.6618 7.57021
      vertex 2.12848 -3.47485 7.57021
      vertex 3.05487 -4.1461 7.5234
    endloop
  endfacet
  facet normal 0.579912 -0.787062 -0.210324
    outer loop
      vertex 2.12848 -3.47485 7.57021
      vertex 2.0401 -3.52746 7.5234
      vertex 2.76466 -2.9936 7.5234
    endloop
  endfacet
  facet normal 0.415476 -0.884984 0.210196
    outer loop
      vertex 2.12848 -3.47485 7.57021
      vertex 1.3138 -3.85732 7.57021
      vertex 2.0401 -3.52746 7.5234
    endloop
  endfacet
  facet normal 0.0273019 0.0447839 0.998624
    outer loop
      vertex 3.05487 -4.1461 7.5234
      vertex 2.0401 -3.52746 7.5234
      vertex 2.18861 -4.6618 7.57021
    endloop
  endfacet
  facet normal 0.0430556 0.0468196 0.997975
    outer loop
      vertex 2.0401 -3.52746 7.5234
      vertex 1.3138 -3.85732 7.57021
      vertex 2.18861 -4.6618 7.57021
    endloop
  endfacet
  facet normal -0.0635258 -0.00321817 -0.997975
    outer loop
      vertex 2.18861 -4.6618 7.57021
      vertex 1.41074 -3.82293 7.61702
      vertex 2.12848 -3.47485 7.57021
    endloop
  endfacet
  facet normal -0.0518956 0.00760254 -0.998624
    outer loop
      vertex 2.18861 -4.6618 7.57021
      vertex 1.23847 -4.99886 7.61702
      vertex 1.41074 -3.82293 7.61702
    endloop
  endfacet
  facet normal 0.415472 -0.884975 -0.210244
    outer loop
      vertex 1.41074 -3.82293 7.61702
      vertex 1.3138 -3.85732 7.57021
      vertex 2.12848 -3.47485 7.57021
    endloop
  endfacet
  facet normal 0.235101 -0.94895 0.21029
    outer loop
      vertex 1.41074 -3.82293 7.61702
      vertex 0.537153 -4.03936 7.61702
      vertex 1.3138 -3.85732 7.57021
    endloop
  endfacet
  facet normal 0.035503 0.0386067 0.998624
    outer loop
      vertex 1.3138 -3.85732 7.57021
      vertex 1.23847 -4.99886 7.61702
      vertex 2.18861 -4.6618 7.57021
    endloop
  endfacet
  facet normal 0.0513521 0.0375343 0.997975
    outer loop
      vertex 1.3138 -3.85732 7.57021
      vertex 0.537153 -4.03936 7.61702
      vertex 1.23847 -4.99886 7.61702
    endloop
  endfacet
  facet normal -0.0629352 0.00921981 -0.997975
    outer loop
      vertex 1.23847 -4.99886 7.61702
      vertex 0.638933 -4.02452 7.66383
      vertex 1.41074 -3.82293 7.61702
    endloop
  endfacet
  facet normal -0.0494204 0.017567 -0.998624
    outer loop
      vertex 1.23847 -4.99886 7.61702
      vertex 0.240878 -5.14435 7.66383
      vertex 0.638933 -4.02452 7.66383
    endloop
  endfacet
  facet normal 0.235098 -0.948939 -0.210341
    outer loop
      vertex 0.638933 -4.02452 7.66383
      vertex 0.537153 -4.03936 7.61702
      vertex 1.41074 -3.82293 7.61702
    endloop
  endfacet
  facet normal 0.0457223 -0.976591 0.21019
    outer loop
      vertex 0.638933 -4.02452 7.66383
      vertex -0.260075 -4.06661 7.66383
      vertex 0.537153 -4.03936 7.61702
    endloop
  endfacet
  facet normal 0.0423446 0.0309504 0.998624
    outer loop
      vertex 0.537153 -4.03936 7.61702
      vertex 0.240878 -5.14435 7.66383
      vertex 1.23847 -4.99886 7.61702
    endloop
  endfacet
  facet normal 0.0576806 0.026811 0.997975
    outer loop
      vertex 0.537153 -4.03936 7.61702
      vertex -0.260075 -4.06661 7.66383
      vertex 0.240878 -5.14435 7.66383
    endloop
  endfacet
  facet normal -0.0599309 0.021303 -0.997975
    outer loop
      vertex -0.0668479 -4.31562 7.7
      vertex 0.638933 -4.02452 7.66383
      vertex 0.240878 -5.14435 7.66383
    endloop
  endfacet
  facet normal -0.059931 0.0213033 -0.997975
    outer loop
      vertex 0.638933 -4.02452 7.66383
      vertex -0.0668479 -4.31562 7.7
      vertex 0.0236176 -4.06112 7.7
    endloop
  endfacet
  facet normal -0.0450495 0.0268572 -0.998624
    outer loop
      vertex 0.240878 -5.14435 7.66383
      vertex -0.537125 -5.10445 7.7
      vertex -0.0668479 -4.31562 7.7
    endloop
  endfacet
  facet normal 0.0457392 -0.976517 -0.210528
    outer loop
      vertex -0.260075 -4.06661 7.66383
      vertex 0.0236176 -4.06112 7.7
      vertex -0.180699 -4.07069 7.7
    endloop
  endfacet
  facet normal 0.0457204 -0.976551 -0.210376
    outer loop
      vertex 0.0236176 -4.06112 7.7
      vertex -0.260075 -4.06661 7.66383
      vertex 0.638933 -4.02452 7.66383
    endloop
  endfacet
  facet normal -0.145418 -0.966812 0.210067
    outer loop
      vertex -0.180699 -4.07069 7.7
      vertex -0.868418 -3.96725 7.7
      vertex -0.260075 -4.06661 7.66383
    endloop
  endfacet
  facet normal 0.0475607 0.0221071 0.998624
    outer loop
      vertex -0.650976 -4.85951 7.7
      vertex 0.240878 -5.14435 7.66383
      vertex -0.260075 -4.06661 7.66383
    endloop
  endfacet
  facet normal 0.0475606 0.0221067 0.998624
    outer loop
      vertex 0.240878 -5.14435 7.66383
      vertex -0.650976 -4.85951 7.7
      vertex -0.537125 -5.10445 7.7
    endloop
  endfacet
  facet normal 0.0617959 0.0150595 0.997975
    outer loop
      vertex -0.260075 -4.06661 7.66383
      vertex -0.868418 -3.96725 7.7
      vertex -0.650976 -4.85951 7.7
    endloop
  endfacet
  facet normal 0.43909 0.253509 -0.861936
    outer loop
      vertex 9.12791 0 0.299999
      vertex 4.56395 7.905 0.299999
      vertex 4.90748 8.5 0.65
    endloop
  endfacet
  facet normal 0 0 -1
    outer loop
      vertex 3.5074 -2.025 0.299999
      vertex 9.12791 0 0.299999
      vertex 4.56395 -7.905 0.299999
    endloop
  endfacet
  facet normal 0 0 -1
    outer loop
      vertex 4.03459 0.352981 0.299999
      vertex 9.12791 0 0.299999
      vertex 4.05 0 0.299999
    endloop
  endfacet
  facet normal -0 0 -1
    outer loop
      vertex 9.12791 0 0.299999
      vertex 4.03459 -0.352981 0.299999
      vertex 4.05 0 0.299999
    endloop
  endfacet
  facet normal 0 0 -1
    outer loop
      vertex 9.12791 0 0.299999
      vertex 3.98847 -0.703275 0.299999
      vertex 4.03459 -0.352981 0.299999
    endloop
  endfacet
  facet normal 0 0 -1
    outer loop
      vertex 9.12791 0 0.299999
      vertex 3.912 -1.04822 0.299999
      vertex 3.98847 -0.703275 0.299999
    endloop
  endfacet
  facet normal 0 0 -1
    outer loop
      vertex 9.12791 0 0.299999
      vertex 3.80575 -1.38518 0.299999
      vertex 3.912 -1.04822 0.299999
    endloop
  endfacet
  facet normal 0 0 -1
    outer loop
      vertex 9.12791 0 0.299999
      vertex 3.67055 -1.7116 0.299999
      vertex 3.80575 -1.38518 0.299999
    endloop
  endfacet
  facet normal 0 0 -1
    outer loop
      vertex 9.12791 0 0.299999
      vertex 3.5074 -2.025 0.299999
      vertex 3.67055 -1.7116 0.299999
    endloop
  endfacet
  facet normal 0 0 -1
    outer loop
      vertex 4.56395 -7.905 0.299999
      vertex 3.31756 -2.32298 0.299999
      vertex 3.5074 -2.025 0.299999
    endloop
  endfacet
  facet normal 0 0 -1
    outer loop
      vertex 4.56395 -7.905 0.299999
      vertex 3.10248 -2.60329 0.299999
      vertex 3.31756 -2.32298 0.299999
    endloop
  endfacet
  facet normal 0 0 -1
    outer loop
      vertex 4.56395 -7.905 0.299999
      vertex 2.86378 -2.86378 0.299999
      vertex 3.10248 -2.60329 0.299999
    endloop
  endfacet
  facet normal 0 0 -1
    outer loop
      vertex 4.56395 -7.905 0.299999
      vertex 2.60329 -3.10248 0.299999
      vertex 2.86378 -2.86378 0.299999
    endloop
  endfacet
  facet normal 0 0 -1
    outer loop
      vertex 4.56395 -7.905 0.299999
      vertex 2.32298 -3.31756 0.299999
      vertex 2.60329 -3.10248 0.299999
    endloop
  endfacet
  facet normal 0 0 -1
    outer loop
      vertex 4.56395 -7.905 0.299999
      vertex 2.025 -3.5074 0.299999
      vertex 2.32298 -3.31756 0.299999
    endloop
  endfacet
  facet normal 0 0 -1
    outer loop
      vertex 4.56395 -7.905 0.299999
      vertex 1.7116 -3.67055 0.299999
      vertex 2.025 -3.5074 0.299999
    endloop
  endfacet
  facet normal 0 0 -1
    outer loop
      vertex 4.56395 -7.905 0.299999
      vertex 1.38518 -3.80575 0.299999
      vertex 1.7116 -3.67055 0.299999
    endloop
  endfacet
  facet normal 0 0 -1
    outer loop
      vertex 4.56395 -7.905 0.299999
      vertex 1.04822 -3.912 0.299999
      vertex 1.38518 -3.80575 0.299999
    endloop
  endfacet
  facet normal 0 0 -1
    outer loop
      vertex 4.56395 -7.905 0.299999
      vertex 0.703275 -3.98847 0.299999
      vertex 1.04822 -3.912 0.299999
    endloop
  endfacet
  facet normal 0 0 -1
    outer loop
      vertex 4.56395 -7.905 0.299999
      vertex 0.352981 -4.03459 0.299999
      vertex 0.703275 -3.98847 0.299999
    endloop
  endfacet
  facet normal 0 0 -1
    outer loop
      vertex 4.56395 -7.905 0.299999
      vertex 0 -4.05 0.299999
      vertex 0.352981 -4.03459 0.299999
    endloop
  endfacet
  facet normal 0 0 -1
    outer loop
      vertex -4.56395 -7.905 0.299999
      vertex 0 -4.05 0.299999
      vertex 4.56395 -7.905 0.299999
    endloop
  endfacet
  facet normal -0 0 -1
    outer loop
      vertex 0 -4.05 0.299999
      vertex -4.56395 -7.905 0.299999
      vertex -0.352981 -4.03459 0.299999
    endloop
  endfacet
  facet normal 0 -0 -1
    outer loop
      vertex -2.5647 -4.44119 0.299999
      vertex -0.352981 -4.03459 0.299999
      vertex -4.56395 -7.905 0.299999
    endloop
  endfacet
  facet normal -0 0 -1
    outer loop
      vertex -0.352981 -4.03459 0.299999
      vertex -2.5647 -4.44119 0.299999
      vertex -0.703275 -3.98847 0.299999
    endloop
  endfacet
  facet normal 0 -0 -1
    outer loop
      vertex -1.89432 -3.98601 0.299999
      vertex -1.04822 -3.912 0.299999
      vertex -2.5647 -4.44119 0.299999
    endloop
  endfacet
  facet normal -0 0 -1
    outer loop
      vertex -1.38518 -3.80575 0.299999
      vertex -1.89432 -3.98601 0.299999
      vertex -1.62884 -3.71669 0.299999
    endloop
  endfacet
  facet normal -0 0 -1
    outer loop
      vertex -1.04822 -3.912 0.299999
      vertex -1.89432 -3.98601 0.299999
      vertex -1.38518 -3.80575 0.299999
    endloop
  endfacet
  facet normal 0 0 -1
    outer loop
      vertex -2.5641 -4.06303 0.299999
      vertex -2.86378 -2.86378 0.299999
      vertex -2.60329 -3.10248 0.299999
    endloop
  endfacet
  facet normal 0 0 -1
    outer loop
      vertex -2.5641 -4.06303 0.299999
      vertex -3.10248 -2.60329 0.299999
      vertex -2.86378 -2.86378 0.299999
    endloop
  endfacet
  facet normal 0 0 -1
    outer loop
      vertex -2.5647 -4.44119 0.299999
      vertex -3.31756 -2.32298 0.299999
      vertex -3.10248 -2.60329 0.299999
    endloop
  endfacet
  facet normal 0 0 -1
    outer loop
      vertex -4.56395 -7.905 0.299999
      vertex -3.31756 -2.32298 0.299999
      vertex -2.5647 -4.44119 0.299999
    endloop
  endfacet
  facet normal -0 0 -1
    outer loop
      vertex -3.31756 -2.32298 0.299999
      vertex -4.56395 -7.905 0.299999
      vertex -3.5074 -2.025 0.299999
    endloop
  endfacet
  facet normal 0 0 -1
    outer loop
      vertex -9.12791 0 0.299999
      vertex -3.5074 -2.025 0.299999
      vertex -4.56395 -7.905 0.299999
    endloop
  endfacet
  facet normal 0 0 -1
    outer loop
      vertex -3.98847 -0.703275 0.299999
      vertex -9.12791 0 0.299999
      vertex -4.03459 -0.352981 0.299999
    endloop
  endfacet
  facet normal 0 0 -1
    outer loop
      vertex -3.912 -1.04822 0.299999
      vertex -9.12791 0 0.299999
      vertex -3.98847 -0.703275 0.299999
    endloop
  endfacet
  facet normal 0 0 -1
    outer loop
      vertex -3.80575 -1.38518 0.299999
      vertex -9.12791 0 0.299999
      vertex -3.912 -1.04822 0.299999
    endloop
  endfacet
  facet normal 0 0 -1
    outer loop
      vertex -3.67055 -1.7116 0.299999
      vertex -9.12791 0 0.299999
      vertex -3.80575 -1.38518 0.299999
    endloop
  endfacet
  facet normal 0 0 -1
    outer loop
      vertex -3.5074 -2.025 0.299999
      vertex -9.12791 0 0.299999
      vertex -3.67055 -1.7116 0.299999
    endloop
  endfacet
  facet normal -0 0 -1
    outer loop
      vertex -0.703275 -3.98847 0.299999
      vertex -2.5647 -4.44119 0.299999
      vertex -1.04822 -3.912 0.299999
    endloop
  endfacet
  facet normal 0 0 -1
    outer loop
      vertex 3.98847 0.703275 0.299999
      vertex 9.12791 0 0.299999
      vertex 4.03459 0.352981 0.299999
    endloop
  endfacet
  facet normal 0 0 -1
    outer loop
      vertex 3.912 1.04822 0.299999
      vertex 9.12791 0 0.299999
      vertex 3.98847 0.703275 0.299999
    endloop
  endfacet
  facet normal 0 0 -1
    outer loop
      vertex 3.80575 1.38518 0.299999
      vertex 9.12791 0 0.299999
      vertex 3.912 1.04822 0.299999
    endloop
  endfacet
  facet normal 0 0 -1
    outer loop
      vertex 3.67055 1.7116 0.299999
      vertex 9.12791 0 0.299999
      vertex 3.80575 1.38518 0.299999
    endloop
  endfacet
  facet normal 0 0 -1
    outer loop
      vertex 3.5074 2.025 0.299999
      vertex 9.12791 0 0.299999
      vertex 3.67055 1.7116 0.299999
    endloop
  endfacet
  facet normal 0 0 -1
    outer loop
      vertex 9.12791 0 0.299999
      vertex 3.5074 2.025 0.299999
      vertex 4.56395 7.905 0.299999
    endloop
  endfacet
  facet normal 0 0 -1
    outer loop
      vertex 3.31756 2.32298 0.299999
      vertex 4.56395 7.905 0.299999
      vertex 3.5074 2.025 0.299999
    endloop
  endfacet
  facet normal 0 0 -1
    outer loop
      vertex 3.10248 2.60329 0.299999
      vertex 4.56395 7.905 0.299999
      vertex 3.31756 2.32298 0.299999
    endloop
  endfacet
  facet normal 0 0 -1
    outer loop
      vertex 2.86378 2.86378 0.299999
      vertex 4.56395 7.905 0.299999
      vertex 3.10248 2.60329 0.299999
    endloop
  endfacet
  facet normal 0 0 -1
    outer loop
      vertex 2.60329 3.10248 0.299999
      vertex 4.56395 7.905 0.299999
      vertex 2.86378 2.86378 0.299999
    endloop
  endfacet
  facet normal 0 0 -1
    outer loop
      vertex 2.32298 3.31756 0.299999
      vertex 4.56395 7.905 0.299999
      vertex 2.60329 3.10248 0.299999
    endloop
  endfacet
  facet normal 0 0 -1
    outer loop
      vertex 2.025 3.5074 0.299999
      vertex 4.56395 7.905 0.299999
      vertex 2.32298 3.31756 0.299999
    endloop
  endfacet
  facet normal 0 0 -1
    outer loop
      vertex 1.7116 3.67055 0.299999
      vertex 4.56395 7.905 0.299999
      vertex 2.025 3.5074 0.299999
    endloop
  endfacet
  facet normal 0 0 -1
    outer loop
      vertex 1.38518 3.80575 0.299999
      vertex 4.56395 7.905 0.299999
      vertex 1.7116 3.67055 0.299999
    endloop
  endfacet
  facet normal 0 0 -1
    outer loop
      vertex 1.04822 3.912 0.299999
      vertex 4.56395 7.905 0.299999
      vertex 1.38518 3.80575 0.299999
    endloop
  endfacet
  facet normal 0 0 -1
    outer loop
      vertex 0.703275 3.98847 0.299999
      vertex 4.56395 7.905 0.299999
      vertex 1.04822 3.912 0.299999
    endloop
  endfacet
  facet normal 0 0 -1
    outer loop
      vertex 0.352981 4.03459 0.299999
      vertex 4.56395 7.905 0.299999
      vertex 0.703275 3.98847 0.299999
    endloop
  endfacet
  facet normal 0 0 -1
    outer loop
      vertex 0 4.05 0.299999
      vertex 4.56395 7.905 0.299999
      vertex 0.352981 4.03459 0.299999
    endloop
  endfacet
  facet normal 0 0 -1
    outer loop
      vertex -4.56395 7.905 0.299999
      vertex 0 4.05 0.299999
      vertex -0.352981 4.03459 0.299999
    endloop
  endfacet
  facet normal 0 0 -1
    outer loop
      vertex -4.56395 7.905 0.299999
      vertex -0.352981 4.03459 0.299999
      vertex -0.703275 3.98847 0.299999
    endloop
  endfacet
  facet normal 0 0 -1
    outer loop
      vertex -4.56395 7.905 0.299999
      vertex -0.703275 3.98847 0.299999
      vertex -1.04822 3.912 0.299999
    endloop
  endfacet
  facet normal 0 0 -1
    outer loop
      vertex -4.56395 7.905 0.299999
      vertex -1.04822 3.912 0.299999
      vertex -1.38518 3.80575 0.299999
    endloop
  endfacet
  facet normal 0 0 -1
    outer loop
      vertex -4.56395 7.905 0.299999
      vertex -1.38518 3.80575 0.299999
      vertex -1.7116 3.67055 0.299999
    endloop
  endfacet
  facet normal 0 0 -1
    outer loop
      vertex -4.56395 7.905 0.299999
      vertex -1.7116 3.67055 0.299999
      vertex -2.025 3.5074 0.299999
    endloop
  endfacet
  facet normal 0 0 -1
    outer loop
      vertex -4.56395 7.905 0.299999
      vertex -2.025 3.5074 0.299999
      vertex -2.32298 3.31756 0.299999
    endloop
  endfacet
  facet normal 0 0 -1
    outer loop
      vertex -4.03459 -0.352981 0.299999
      vertex -9.12791 0 0.299999
      vertex -4.05 0 0.299999
    endloop
  endfacet
  facet normal 0 0 -1
    outer loop
      vertex 0 4.05 0.299999
      vertex -4.56395 7.905 0.299999
      vertex 4.56395 7.905 0.299999
    endloop
  endfacet
  facet normal 0 0 -1
    outer loop
      vertex -2.60329 3.10248 0.299999
      vertex -4.56395 7.905 0.299999
      vertex -2.32298 3.31756 0.299999
    endloop
  endfacet
  facet normal 0 0 -1
    outer loop
      vertex -2.86378 2.86378 0.299999
      vertex -4.56395 7.905 0.299999
      vertex -2.60329 3.10248 0.299999
    endloop
  endfacet
  facet normal 0 0 -1
    outer loop
      vertex -3.10248 2.60329 0.299999
      vertex -4.56395 7.905 0.299999
      vertex -2.86378 2.86378 0.299999
    endloop
  endfacet
  facet normal 0 0 -1
    outer loop
      vertex -3.31756 2.32298 0.299999
      vertex -4.56395 7.905 0.299999
      vertex -3.10248 2.60329 0.299999
    endloop
  endfacet
  facet normal 0 0 -1
    outer loop
      vertex -3.5074 2.025 0.299999
      vertex -4.56395 7.905 0.299999
      vertex -3.31756 2.32298 0.299999
    endloop
  endfacet
  facet normal 0 0 -1
    outer loop
      vertex -9.12791 0 0.299999
      vertex -3.5074 2.025 0.299999
      vertex -3.67055 1.7116 0.299999
    endloop
  endfacet
  facet normal 0 0 -1
    outer loop
      vertex -9.12791 0 0.299999
      vertex -3.67055 1.7116 0.299999
      vertex -3.80575 1.38518 0.299999
    endloop
  endfacet
  facet normal 0 0 -1
    outer loop
      vertex -9.12791 0 0.299999
      vertex -3.80575 1.38518 0.299999
      vertex -3.912 1.04822 0.299999
    endloop
  endfacet
  facet normal 0 0 -1
    outer loop
      vertex -9.12791 0 0.299999
      vertex -3.912 1.04822 0.299999
      vertex -3.98847 0.703275 0.299999
    endloop
  endfacet
  facet normal 0 0 -1
    outer loop
      vertex -9.12791 0 0.299999
      vertex -3.98847 0.703275 0.299999
      vertex -4.03459 0.352981 0.299999
    endloop
  endfacet
  facet normal 0 0 -1
    outer loop
      vertex -4.05 0 0.299999
      vertex -9.12791 0 0.299999
      vertex -4.03459 0.352981 0.299999
    endloop
  endfacet
  facet normal -0 0 -1
    outer loop
      vertex -3.5074 2.025 0.299999
      vertex -9.12791 0 0.299999
      vertex -4.56395 7.905 0.299999
    endloop
  endfacet
  facet normal 0 0 -1
    outer loop
      vertex -1.62884 -3.71669 0.299999
      vertex -1.7116 -3.67055 0.299999
      vertex -1.38518 -3.80575 0.299999
    endloop
  endfacet
  facet normal 0 0 -1
    outer loop
      vertex -1.89372 -3.60784 0.299999
      vertex -1.7116 -3.67055 0.299999
      vertex -1.62884 -3.71669 0.299999
    endloop
  endfacet
  facet normal 0 0 -1
    outer loop
      vertex -1.89372 -3.60784 0.299999
      vertex -2.025 -3.5074 0.299999
      vertex -1.7116 -3.67055 0.299999
    endloop
  endfacet
  facet normal 0 0 -1
    outer loop
      vertex -1.89372 -3.60784 0.299999
      vertex -2.32298 -3.31756 0.299999
      vertex -2.025 -3.5074 0.299999
    endloop
  endfacet
  facet normal 0 0 -1
    outer loop
      vertex -2.40497 -3.2685 0.299999
      vertex -2.32298 -3.31756 0.299999
      vertex -1.89372 -3.60784 0.299999
    endloop
  endfacet
  facet normal 0 0 -1
    outer loop
      vertex -2.40497 -3.2685 0.299999
      vertex -2.60329 -3.10248 0.299999
      vertex -2.32298 -3.31756 0.299999
    endloop
  endfacet
  facet normal 0 0 -1
    outer loop
      vertex -2.5641 -4.06303 0.299999
      vertex -2.60329 -3.10248 0.299999
      vertex -2.40497 -3.2685 0.299999
    endloop
  endfacet
  facet normal 0 0 -1
    outer loop
      vertex -3.10248 -2.60329 0.299999
      vertex -2.5641 -4.06303 0.299999
      vertex -2.5647 -4.44119 0.299999
    endloop
  endfacet
  facet normal -0.439097 -0.253512 -0.861931
    outer loop
      vertex -4.90748 -8.5 0.65
      vertex -9.81495 0 0.65
      vertex -9.12791 0 0.299999
    endloop
  endfacet
  facet normal -0.439096 0.253512 0.861932
    outer loop
      vertex -4.90748 8.5 7.35
      vertex -9.81495 0 7.35
      vertex -9.12791 0 7.7
    endloop
  endfacet
  facet normal 0 0.507021 -0.861934
    outer loop
      vertex -4.56395 7.905 0.299999
      vertex 4.90748 8.5 0.65
      vertex 4.56395 7.905 0.299999
    endloop
  endfacet
  facet normal 0 0.507021 -0.861934
    outer loop
      vertex 4.90748 8.5 0.65
      vertex -4.56395 7.905 0.299999
      vertex -4.90748 8.5 0.65
    endloop
  endfacet
  facet normal 0 -1 0
    outer loop
      vertex -4.90748 -8.5 0.65
      vertex 4.90748 -8.5 7.35
      vertex -4.90748 -8.5 7.35
    endloop
  endfacet
  facet normal 0 -1 -0
    outer loop
      vertex 4.90748 -8.5 7.35
      vertex -4.90748 -8.5 0.65
      vertex 4.90748 -8.5 0.65
    endloop
  endfacet
  facet normal -0.439096 -0.253512 0.861932
    outer loop
      vertex -9.12791 0 7.7
      vertex -9.81495 0 7.35
      vertex -4.90748 -8.5 7.35
    endloop
  endfacet
  facet normal 0 1 -0
    outer loop
      vertex 4.90748 8.5 0.65
      vertex -4.90748 8.5 7.35
      vertex 4.90748 8.5 7.35
    endloop
  endfacet
  facet normal 0 1 0
    outer loop
      vertex -4.90748 8.5 7.35
      vertex 4.90748 8.5 0.65
      vertex -4.90748 8.5 0.65
    endloop
  endfacet
  facet normal -0.439097 0.253512 -0.861931
    outer loop
      vertex -9.12791 0 0.299999
      vertex -9.81495 0 0.65
      vertex -4.90748 8.5 0.65
    endloop
  endfacet
  facet normal -0.43909 0.253509 -0.861936
    outer loop
      vertex -4.56395 7.905 0.299999
      vertex -9.12791 0 0.299999
      vertex -4.90748 8.5 0.65
    endloop
  endfacet
  facet normal 0.439097 -0.253512 -0.861931
    outer loop
      vertex 9.81495 0 0.65
      vertex 4.90748 -8.5 0.65
      vertex 9.12791 0 0.299999
    endloop
  endfacet
  facet normal 0.439089 -0.253508 0.861936
    outer loop
      vertex 9.12791 0 7.7
      vertex 4.56395 -7.905 7.7
      vertex 4.90748 -8.5 7.35
    endloop
  endfacet
  facet normal -0.866026 -0.499999 0
    outer loop
      vertex -4.90748 -8.5 0.65
      vertex -9.81495 0 7.35
      vertex -9.81495 0 0.65
    endloop
  endfacet
  facet normal -0.866026 -0.499999 0
    outer loop
      vertex -9.81495 0 7.35
      vertex -4.90748 -8.5 0.65
      vertex -4.90748 -8.5 7.35
    endloop
  endfacet
  facet normal 0.439096 -0.253512 0.861932
    outer loop
      vertex 9.12791 0 7.7
      vertex 4.90748 -8.5 7.35
      vertex 9.81495 0 7.35
    endloop
  endfacet
  facet normal -0.43909 -0.253509 -0.861936
    outer loop
      vertex -4.90748 -8.5 0.65
      vertex -9.12791 0 0.299999
      vertex -4.56395 -7.905 0.299999
    endloop
  endfacet
  facet normal -0.866026 0.499999 0
    outer loop
      vertex -9.81495 0 0.65
      vertex -4.90748 8.5 7.35
      vertex -4.90748 8.5 0.65
    endloop
  endfacet
  facet normal -0.866026 0.499999 0
    outer loop
      vertex -4.90748 8.5 7.35
      vertex -9.81495 0 0.65
      vertex -9.81495 0 7.35
    endloop
  endfacet
  facet normal 0.439097 0.253512 -0.861931
    outer loop
      vertex 9.12791 0 0.299999
      vertex 4.90748 8.5 0.65
      vertex 9.81495 0 0.65
    endloop
  endfacet
  facet normal 0.439096 0.253512 0.861932
    outer loop
      vertex 9.81495 0 7.35
      vertex 4.90748 8.5 7.35
      vertex 9.12791 0 7.7
    endloop
  endfacet
  facet normal 0 0.50702 0.861934
    outer loop
      vertex 4.90748 8.5 7.35
      vertex -4.56395 7.905 7.7
      vertex 4.56395 7.905 7.7
    endloop
  endfacet
  facet normal 0 0.50702 0.861934
    outer loop
      vertex -4.56395 7.905 7.7
      vertex 4.90748 8.5 7.35
      vertex -4.90748 8.5 7.35
    endloop
  endfacet
  facet normal -0.439089 0.253508 0.861936
    outer loop
      vertex -4.90748 8.5 7.35
      vertex -9.12791 0 7.7
      vertex -4.56395 7.905 7.7
    endloop
  endfacet
  facet normal 0.866026 0.499999 0
    outer loop
      vertex 9.81495 0 7.35
      vertex 4.90748 8.5 0.65
      vertex 4.90748 8.5 7.35
    endloop
  endfacet
  facet normal 0.866026 0.499999 0
    outer loop
      vertex 4.90748 8.5 0.65
      vertex 9.81495 0 7.35
      vertex 9.81495 0 0.65
    endloop
  endfacet
  facet normal 0 -0.507021 -0.861934
    outer loop
      vertex 4.90748 -8.5 0.65
      vertex -4.56395 -7.905 0.299999
      vertex 4.56395 -7.905 0.299999
    endloop
  endfacet
  facet normal 0 -0.507021 -0.861934
    outer loop
      vertex -4.56395 -7.905 0.299999
      vertex 4.90748 -8.5 0.65
      vertex -4.90748 -8.5 0.65
    endloop
  endfacet
  facet normal 0.866026 -0.499999 0
    outer loop
      vertex 4.90748 -8.5 7.35
      vertex 9.81495 0 0.65
      vertex 9.81495 0 7.35
    endloop
  endfacet
  facet normal 0.866026 -0.499999 0
    outer loop
      vertex 9.81495 0 0.65
      vertex 4.90748 -8.5 7.35
      vertex 4.90748 -8.5 0.65
    endloop
  endfacet
  facet normal -0.439089 -0.253508 0.861936
    outer loop
      vertex -4.56395 -7.905 7.7
      vertex -9.12791 0 7.7
      vertex -4.90748 -8.5 7.35
    endloop
  endfacet
  facet normal -0 0 1
    outer loop
      vertex 0 -4.05 7.7
      vertex 0.0236176 -4.06112 7.7
      vertex 0.352981 -4.03459 7.7
    endloop
  endfacet
  facet normal 0 0 1
    outer loop
      vertex 0 -4.05 7.7
      vertex -0.180699 -4.07069 7.7
      vertex 0.0236176 -4.06112 7.7
    endloop
  endfacet
  facet normal 0 0 1
    outer loop
      vertex -0.352981 -4.03459 7.7
      vertex -0.180699 -4.07069 7.7
      vertex 0 -4.05 7.7
    endloop
  endfacet
  facet normal 0 0 1
    outer loop
      vertex -0.703275 -3.98847 7.7
      vertex -0.180699 -4.07069 7.7
      vertex -0.352981 -4.03459 7.7
    endloop
  endfacet
  facet normal 0 0 1
    outer loop
      vertex -0.703275 -3.98847 7.7
      vertex -0.868418 -3.96725 7.7
      vertex -0.180699 -4.07069 7.7
    endloop
  endfacet
  facet normal -0 -0 1
    outer loop
      vertex -0.868418 -3.96725 7.7
      vertex -0.703275 -3.98847 7.7
      vertex -1.04822 -3.912 7.7
    endloop
  endfacet
  facet normal -0 0 1
    outer loop
      vertex 3.5074 2.025 7.7
      vertex 9.12791 0 7.7
      vertex 4.56395 7.905 7.7
    endloop
  endfacet
  facet normal 0 0 1
    outer loop
      vertex 4.03459 -0.352981 7.7
      vertex 9.12791 0 7.7
      vertex 4.05 0 7.7
    endloop
  endfacet
  facet normal 0 0 1
    outer loop
      vertex 9.12791 0 7.7
      vertex 4.03459 0.352981 7.7
      vertex 4.05 0 7.7
    endloop
  endfacet
  facet normal 0 0 1
    outer loop
      vertex 9.12791 0 7.7
      vertex 3.98847 0.703275 7.7
      vertex 4.03459 0.352981 7.7
    endloop
  endfacet
  facet normal 0 0 1
    outer loop
      vertex 9.12791 0 7.7
      vertex 3.912 1.04822 7.7
      vertex 3.98847 0.703275 7.7
    endloop
  endfacet
  facet normal 0 0 1
    outer loop
      vertex 9.12791 0 7.7
      vertex 3.80575 1.38518 7.7
      vertex 3.912 1.04822 7.7
    endloop
  endfacet
  facet normal 0 0 1
    outer loop
      vertex 9.12791 0 7.7
      vertex 3.67055 1.7116 7.7
      vertex 3.80575 1.38518 7.7
    endloop
  endfacet
  facet normal 0 0 1
    outer loop
      vertex 9.12791 0 7.7
      vertex 3.5074 2.025 7.7
      vertex 3.67055 1.7116 7.7
    endloop
  endfacet
  facet normal 0 0 1
    outer loop
      vertex 4.56395 7.905 7.7
      vertex 3.31756 2.32298 7.7
      vertex 3.5074 2.025 7.7
    endloop
  endfacet
  facet normal 0 0 1
    outer loop
      vertex 4.56395 7.905 7.7
      vertex 3.10248 2.60329 7.7
      vertex 3.31756 2.32298 7.7
    endloop
  endfacet
  facet normal 0 0 1
    outer loop
      vertex 4.56395 7.905 7.7
      vertex 2.86378 2.86378 7.7
      vertex 3.10248 2.60329 7.7
    endloop
  endfacet
  facet normal 0 0 1
    outer loop
      vertex 4.56395 7.905 7.7
      vertex 2.60329 3.10248 7.7
      vertex 2.86378 2.86378 7.7
    endloop
  endfacet
  facet normal 0 0 1
    outer loop
      vertex 4.56395 7.905 7.7
      vertex 2.32298 3.31756 7.7
      vertex 2.60329 3.10248 7.7
    endloop
  endfacet
  facet normal 0 0 1
    outer loop
      vertex 4.56395 7.905 7.7
      vertex 2.025 3.5074 7.7
      vertex 2.32298 3.31756 7.7
    endloop
  endfacet
  facet normal 0 0 1
    outer loop
      vertex 4.56395 7.905 7.7
      vertex 1.7116 3.67055 7.7
      vertex 2.025 3.5074 7.7
    endloop
  endfacet
  facet normal 0 0 1
    outer loop
      vertex 4.56395 7.905 7.7
      vertex 1.38518 3.80575 7.7
      vertex 1.7116 3.67055 7.7
    endloop
  endfacet
  facet normal 0 0 1
    outer loop
      vertex 4.56395 7.905 7.7
      vertex 1.04822 3.912 7.7
      vertex 1.38518 3.80575 7.7
    endloop
  endfacet
  facet normal 0 0 1
    outer loop
      vertex 4.56395 7.905 7.7
      vertex 0.703275 3.98847 7.7
      vertex 1.04822 3.912 7.7
    endloop
  endfacet
  facet normal 0 0 1
    outer loop
      vertex 4.56395 7.905 7.7
      vertex 0.352981 4.03459 7.7
      vertex 0.703275 3.98847 7.7
    endloop
  endfacet
  facet normal 0 0 1
    outer loop
      vertex 4.56395 7.905 7.7
      vertex 0 4.05 7.7
      vertex 0.352981 4.03459 7.7
    endloop
  endfacet
  facet normal -0 0 1
    outer loop
      vertex -4.56395 7.905 7.7
      vertex 0 4.05 7.7
      vertex 4.56395 7.905 7.7
    endloop
  endfacet
  facet normal 0 0 1
    outer loop
      vertex 0 4.05 7.7
      vertex -4.56395 7.905 7.7
      vertex -0.352981 4.03459 7.7
    endloop
  endfacet
  facet normal 0 0 1
    outer loop
      vertex -0.352981 4.03459 7.7
      vertex -4.56395 7.905 7.7
      vertex -0.703275 3.98847 7.7
    endloop
  endfacet
  facet normal 0 0 1
    outer loop
      vertex -0.703275 3.98847 7.7
      vertex -4.56395 7.905 7.7
      vertex -1.04822 3.912 7.7
    endloop
  endfacet
  facet normal 0 0 1
    outer loop
      vertex -1.04822 3.912 7.7
      vertex -4.56395 7.905 7.7
      vertex -1.38518 3.80575 7.7
    endloop
  endfacet
  facet normal 0 0 1
    outer loop
      vertex -1.38518 3.80575 7.7
      vertex -4.56395 7.905 7.7
      vertex -1.7116 3.67055 7.7
    endloop
  endfacet
  facet normal 0 0 1
    outer loop
      vertex -1.7116 3.67055 7.7
      vertex -4.56395 7.905 7.7
      vertex -2.025 3.5074 7.7
    endloop
  endfacet
  facet normal 0 0 1
    outer loop
      vertex -3.98847 0.703275 7.7
      vertex -9.12791 0 7.7
      vertex -4.03459 0.352981 7.7
    endloop
  endfacet
  facet normal 0 0 1
    outer loop
      vertex -3.912 1.04822 7.7
      vertex -9.12791 0 7.7
      vertex -3.98847 0.703275 7.7
    endloop
  endfacet
  facet normal 0 0 1
    outer loop
      vertex -3.80575 1.38518 7.7
      vertex -9.12791 0 7.7
      vertex -3.912 1.04822 7.7
    endloop
  endfacet
  facet normal 0 0 1
    outer loop
      vertex -3.67055 1.7116 7.7
      vertex -9.12791 0 7.7
      vertex -3.80575 1.38518 7.7
    endloop
  endfacet
  facet normal 0 0 1
    outer loop
      vertex -3.5074 2.025 7.7
      vertex -9.12791 0 7.7
      vertex -3.67055 1.7116 7.7
    endloop
  endfacet
  facet normal 0 0 1
    outer loop
      vertex -9.12791 0 7.7
      vertex -3.5074 2.025 7.7
      vertex -4.56395 7.905 7.7
    endloop
  endfacet
  facet normal 0 0 1
    outer loop
      vertex -3.31756 2.32298 7.7
      vertex -4.56395 7.905 7.7
      vertex -3.5074 2.025 7.7
    endloop
  endfacet
  facet normal 0 0 1
    outer loop
      vertex -3.10248 2.60329 7.7
      vertex -4.56395 7.905 7.7
      vertex -3.31756 2.32298 7.7
    endloop
  endfacet
  facet normal 0 0 1
    outer loop
      vertex -2.86378 2.86378 7.7
      vertex -4.56395 7.905 7.7
      vertex -3.10248 2.60329 7.7
    endloop
  endfacet
  facet normal 0 0 1
    outer loop
      vertex -2.60329 3.10248 7.7
      vertex -4.56395 7.905 7.7
      vertex -2.86378 2.86378 7.7
    endloop
  endfacet
  facet normal 0 0 1
    outer loop
      vertex -2.32298 3.31756 7.7
      vertex -4.56395 7.905 7.7
      vertex -2.60329 3.10248 7.7
    endloop
  endfacet
  facet normal 0 0 1
    outer loop
      vertex -2.025 3.5074 7.7
      vertex -4.56395 7.905 7.7
      vertex -2.32298 3.31756 7.7
    endloop
  endfacet
  facet normal 0 0 1
    outer loop
      vertex 3.98847 -0.703275 7.7
      vertex 9.12791 0 7.7
      vertex 4.03459 -0.352981 7.7
    endloop
  endfacet
  facet normal 0 0 1
    outer loop
      vertex 3.912 -1.04822 7.7
      vertex 9.12791 0 7.7
      vertex 3.98847 -0.703275 7.7
    endloop
  endfacet
  facet normal 0 0 1
    outer loop
      vertex 3.80575 -1.38518 7.7
      vertex 9.12791 0 7.7
      vertex 3.912 -1.04822 7.7
    endloop
  endfacet
  facet normal 0 0 1
    outer loop
      vertex 3.67055 -1.7116 7.7
      vertex 9.12791 0 7.7
      vertex 3.80575 -1.38518 7.7
    endloop
  endfacet
  facet normal 0 0 1
    outer loop
      vertex 3.5074 -2.025 7.7
      vertex 9.12791 0 7.7
      vertex 3.67055 -1.7116 7.7
    endloop
  endfacet
  facet normal 0 0 1
    outer loop
      vertex 9.12791 0 7.7
      vertex 3.5074 -2.025 7.7
      vertex 4.56395 -7.905 7.7
    endloop
  endfacet
  facet normal -0 0 1
    outer loop
      vertex 3.31756 -2.32298 7.7
      vertex 4.56395 -7.905 7.7
      vertex 3.5074 -2.025 7.7
    endloop
  endfacet
  facet normal -0 0 1
    outer loop
      vertex 3.10248 -2.60329 7.7
      vertex 4.56395 -7.905 7.7
      vertex 3.31756 -2.32298 7.7
    endloop
  endfacet
  facet normal -0 0 1
    outer loop
      vertex 2.86378 -2.86378 7.7
      vertex 4.56395 -7.905 7.7
      vertex 3.10248 -2.60329 7.7
    endloop
  endfacet
  facet normal -0 0 1
    outer loop
      vertex 2.60329 -3.10248 7.7
      vertex 4.56395 -7.905 7.7
      vertex 2.86378 -2.86378 7.7
    endloop
  endfacet
  facet normal -0 0 1
    outer loop
      vertex 2.32298 -3.31756 7.7
      vertex 4.56395 -7.905 7.7
      vertex 2.60329 -3.10248 7.7
    endloop
  endfacet
  facet normal -0 0 1
    outer loop
      vertex 2.025 -3.5074 7.7
      vertex 4.56395 -7.905 7.7
      vertex 2.32298 -3.31756 7.7
    endloop
  endfacet
  facet normal -0 0 1
    outer loop
      vertex 1.7116 -3.67055 7.7
      vertex 4.56395 -7.905 7.7
      vertex 2.025 -3.5074 7.7
    endloop
  endfacet
  facet normal -0 0 1
    outer loop
      vertex 1.38518 -3.80575 7.7
      vertex 4.56395 -7.905 7.7
      vertex 1.7116 -3.67055 7.7
    endloop
  endfacet
  facet normal -0 0 1
    outer loop
      vertex 1.04822 -3.912 7.7
      vertex 4.56395 -7.905 7.7
      vertex 1.38518 -3.80575 7.7
    endloop
  endfacet
  facet normal 0 0 1
    outer loop
      vertex -0.537125 -5.10445 7.7
      vertex 1.04822 -3.912 7.7
      vertex 0.703275 -3.98847 7.7
    endloop
  endfacet
  facet normal 0 0 1
    outer loop
      vertex -0.0668479 -4.31562 7.7
      vertex 0.703275 -3.98847 7.7
      vertex 0.352981 -4.03459 7.7
    endloop
  endfacet
  facet normal 0 0 1
    outer loop
      vertex -0.0668479 -4.31562 7.7
      vertex 0.352981 -4.03459 7.7
      vertex 0.0236176 -4.06112 7.7
    endloop
  endfacet
  facet normal 0 0 1
    outer loop
      vertex 0.703275 -3.98847 7.7
      vertex -0.0668479 -4.31562 7.7
      vertex -0.537125 -5.10445 7.7
    endloop
  endfacet
  facet normal 0 0 1
    outer loop
      vertex 1.04822 -3.912 7.7
      vertex -0.537125 -5.10445 7.7
      vertex 4.56395 -7.905 7.7
    endloop
  endfacet
  facet normal 0 0 1
    outer loop
      vertex -1.04822 -3.912 7.7
      vertex -0.650976 -4.85951 7.7
      vertex -0.868418 -3.96725 7.7
    endloop
  endfacet
  facet normal 0 0 1
    outer loop
      vertex -1.38518 -3.80575 7.7
      vertex -0.650976 -4.85951 7.7
      vertex -1.04822 -3.912 7.7
    endloop
  endfacet
  facet normal 0 0 1
    outer loop
      vertex -1.7116 -3.67055 7.7
      vertex -0.650976 -4.85951 7.7
      vertex -1.38518 -3.80575 7.7
    endloop
  endfacet
  facet normal 0 0 1
    outer loop
      vertex -4.56395 -7.905 7.7
      vertex -0.650976 -4.85951 7.7
      vertex -1.7116 -3.67055 7.7
    endloop
  endfacet
  facet normal 0 0 1
    outer loop
      vertex -4.56395 -7.905 7.7
      vertex -1.7116 -3.67055 7.7
      vertex -2.025 -3.5074 7.7
    endloop
  endfacet
  facet normal 0 0 1
    outer loop
      vertex -4.56395 -7.905 7.7
      vertex -2.025 -3.5074 7.7
      vertex -2.32298 -3.31756 7.7
    endloop
  endfacet
  facet normal 0 0 1
    outer loop
      vertex -4.56395 -7.905 7.7
      vertex -2.32298 -3.31756 7.7
      vertex -2.60329 -3.10248 7.7
    endloop
  endfacet
  facet normal 0 0 1
    outer loop
      vertex -4.56395 -7.905 7.7
      vertex -2.60329 -3.10248 7.7
      vertex -2.86378 -2.86378 7.7
    endloop
  endfacet
  facet normal 0 0 1
    outer loop
      vertex -4.03459 0.352981 7.7
      vertex -9.12791 0 7.7
      vertex -4.05 0 7.7
    endloop
  endfacet
  facet normal 0 0 1
    outer loop
      vertex -0.537125 -5.10445 7.7
      vertex -4.56395 -7.905 7.7
      vertex 4.56395 -7.905 7.7
    endloop
  endfacet
  facet normal 0 0 1
    outer loop
      vertex -0.650976 -4.85951 7.7
      vertex -4.56395 -7.905 7.7
      vertex -0.537125 -5.10445 7.7
    endloop
  endfacet
  facet normal 0 0 1
    outer loop
      vertex -3.10248 -2.60329 7.7
      vertex -4.56395 -7.905 7.7
      vertex -2.86378 -2.86378 7.7
    endloop
  endfacet
  facet normal 0 0 1
    outer loop
      vertex -3.31756 -2.32298 7.7
      vertex -4.56395 -7.905 7.7
      vertex -3.10248 -2.60329 7.7
    endloop
  endfacet
  facet normal 0 0 1
    outer loop
      vertex -3.5074 -2.025 7.7
      vertex -4.56395 -7.905 7.7
      vertex -3.31756 -2.32298 7.7
    endloop
  endfacet
  facet normal 0 0 1
    outer loop
      vertex -9.12791 0 7.7
      vertex -3.5074 -2.025 7.7
      vertex -3.67055 -1.7116 7.7
    endloop
  endfacet
  facet normal 0 0 1
    outer loop
      vertex -9.12791 0 7.7
      vertex -3.67055 -1.7116 7.7
      vertex -3.80575 -1.38518 7.7
    endloop
  endfacet
  facet normal 0 0 1
    outer loop
      vertex -9.12791 0 7.7
      vertex -3.80575 -1.38518 7.7
      vertex -3.912 -1.04822 7.7
    endloop
  endfacet
  facet normal 0 0 1
    outer loop
      vertex -9.12791 0 7.7
      vertex -3.912 -1.04822 7.7
      vertex -3.98847 -0.703275 7.7
    endloop
  endfacet
  facet normal 0 0 1
    outer loop
      vertex -9.12791 0 7.7
      vertex -3.98847 -0.703275 7.7
      vertex -4.03459 -0.352981 7.7
    endloop
  endfacet
  facet normal 0 0 1
    outer loop
      vertex -4.05 0 7.7
      vertex -9.12791 0 7.7
      vertex -4.03459 -0.352981 7.7
    endloop
  endfacet
  facet normal 0 0 1
    outer loop
      vertex -3.5074 -2.025 7.7
      vertex -9.12791 0 7.7
      vertex -4.56395 -7.905 7.7
    endloop
  endfacet
  facet normal 0 -0.50702 0.861934
    outer loop
      vertex -4.56395 -7.905 7.7
      vertex 4.90748 -8.5 7.35
      vertex 4.56395 -7.905 7.7
    endloop
  endfacet
  facet normal 0 -0.50702 0.861934
    outer loop
      vertex 4.90748 -8.5 7.35
      vertex -4.56395 -7.905 7.7
      vertex -4.90748 -8.5 7.35
    endloop
  endfacet
  facet normal 0.43909 -0.253509 -0.861936
    outer loop
      vertex 4.90748 -8.5 0.65
      vertex 4.56395 -7.905 0.299999
      vertex 9.12791 0 0.299999
    endloop
  endfacet
  facet normal 0.439089 0.253508 0.861936
    outer loop
      vertex 4.90748 8.5 7.35
      vertex 4.56395 7.905 7.7
      vertex 9.12791 0 7.7
    endloop
  endfacet
endsolid OpenSCAD_Model
