solid OpenSCAD_Model
  facet normal 0.995185 0.0980164 0
    outer loop
      vertex 9.97859 0.654031 2
      vertex 9.91445 1.30526 0
      vertex 9.91445 1.30526 2
    endloop
  endfacet
  facet normal 0.995185 0.0980164 0
    outer loop
      vertex 9.91445 1.30526 0
      vertex 9.97859 0.654031 2
      vertex 9.97859 0.654031 0
    endloop
  endfacet
  facet normal 0.999465 0.0327179 0
    outer loop
      vertex 10 0 2
      vertex 9.97859 0.654031 0
      vertex 9.97859 0.654031 2
    endloop
  endfacet
  facet normal 0.999465 0.0327179 0
    outer loop
      vertex 9.97859 0.654031 0
      vertex 10 0 2
      vertex 10 0 0
    endloop
  endfacet
  facet normal 0.986642 0.162902 0
    outer loop
      vertex 9.91445 1.30526 2
      vertex 9.80785 1.9509 0
      vertex 9.80785 1.9509 2
    endloop
  endfacet
  facet normal 0.986642 0.162902 0
    outer loop
      vertex 9.80785 1.9509 0
      vertex 9.91445 1.30526 2
      vertex 9.91445 1.30526 0
    endloop
  endfacet
  facet normal -0.935909 -0.352242 0
    outer loop
      vertex -9.2388 -3.82683 0
      vertex -9.4693 -3.21439 2
      vertex -9.4693 -3.21439 0
    endloop
  endfacet
  facet normal -0.935909 -0.352242 0
    outer loop
      vertex -9.4693 -3.21439 2
      vertex -9.2388 -3.82683 0
      vertex -9.2388 -3.82683 2
    endloop
  endfacet
  facet normal -0.0980164 -0.995185 0
    outer loop
      vertex -1.30526 -9.91445 0
      vertex -0.654031 -9.97859 2
      vertex -1.30526 -9.91445 2
    endloop
  endfacet
  facet normal -0.0980164 -0.995185 -0
    outer loop
      vertex -0.654031 -9.97859 2
      vertex -1.30526 -9.91445 0
      vertex -0.654031 -9.97859 0
    endloop
  endfacet
  facet normal 0.849207 0.528061 0
    outer loop
      vertex 8.66025 5 2
      vertex 8.3147 5.5557 0
      vertex 8.3147 5.5557 2
    endloop
  endfacet
  facet normal 0.849207 0.528061 0
    outer loop
      vertex 8.3147 5.5557 0
      vertex 8.66025 5 2
      vertex 8.66025 5 0
    endloop
  endfacet
  facet normal -0.352242 0.935909 0
    outer loop
      vertex -3.21439 9.4693 0
      vertex -3.82683 9.2388 2
      vertex -3.21439 9.4693 2
    endloop
  endfacet
  facet normal -0.352242 0.935909 0
    outer loop
      vertex -3.82683 9.2388 2
      vertex -3.21439 9.4693 0
      vertex -3.82683 9.2388 0
    endloop
  endfacet
  facet normal 0.0980164 -0.995185 0
    outer loop
      vertex 0.654031 -9.97859 0
      vertex 1.30526 -9.91445 2
      vertex 0.654031 -9.97859 2
    endloop
  endfacet
  facet normal 0.0980164 -0.995185 0
    outer loop
      vertex 1.30526 -9.91445 2
      vertex 0.654031 -9.97859 0
      vertex 1.30526 -9.91445 0
    endloop
  endfacet
  facet normal -0.0327179 0.999465 0
    outer loop
      vertex 0 10 0
      vertex -0.654031 9.97859 2
      vertex 0 10 2
    endloop
  endfacet
  facet normal -0.0327179 0.999465 0
    outer loop
      vertex -0.654031 9.97859 2
      vertex 0 10 0
      vertex -0.654031 9.97859 0
    endloop
  endfacet
  facet normal -0.999465 -0.0327179 0
    outer loop
      vertex -9.97859 -0.654031 0
      vertex -10 0 2
      vertex -10 0 0
    endloop
  endfacet
  facet normal -0.999465 -0.0327179 0
    outer loop
      vertex -10 0 2
      vertex -9.97859 -0.654031 0
      vertex -9.97859 -0.654031 2
    endloop
  endfacet
  facet normal -0.729865 0.683592 0
    outer loop
      vertex -7.5184 6.59346 0
      vertex -7.07107 7.07107 2
      vertex -7.07107 7.07107 0
    endloop
  endfacet
  facet normal -0.729865 0.683592 0
    outer loop
      vertex -7.07107 7.07107 2
      vertex -7.5184 6.59346 0
      vertex -7.5184 6.59346 2
    endloop
  endfacet
  facet normal 0.290291 -0.956939 0
    outer loop
      vertex 2.58819 -9.65926 0
      vertex 3.21439 -9.4693 2
      vertex 2.58819 -9.65926 2
    endloop
  endfacet
  facet normal 0.290291 -0.956939 0
    outer loop
      vertex 3.21439 -9.4693 2
      vertex 2.58819 -9.65926 0
      vertex 3.21439 -9.4693 0
    endloop
  endfacet
  facet normal 0.528061 0.849207 -0
    outer loop
      vertex 5.5557 8.3147 0
      vertex 5 8.66025 2
      vertex 5.5557 8.3147 2
    endloop
  endfacet
  facet normal 0.528061 0.849207 0
    outer loop
      vertex 5 8.66025 2
      vertex 5.5557 8.3147 0
      vertex 5 8.66025 0
    endloop
  endfacet
  facet normal -0.683592 -0.729865 0
    outer loop
      vertex -7.07107 -7.07107 0
      vertex -6.59346 -7.5184 2
      vertex -7.07107 -7.07107 2
    endloop
  endfacet
  facet normal -0.683592 -0.729865 -0
    outer loop
      vertex -6.59346 -7.5184 2
      vertex -7.07107 -7.07107 0
      vertex -6.59346 -7.5184 0
    endloop
  endfacet
  facet normal 0.162902 0.986642 -0
    outer loop
      vertex 1.9509 9.80785 0
      vertex 1.30526 9.91445 2
      vertex 1.9509 9.80785 2
    endloop
  endfacet
  facet normal 0.162902 0.986642 0
    outer loop
      vertex 1.30526 9.91445 2
      vertex 1.9509 9.80785 0
      vertex 1.30526 9.91445 0
    endloop
  endfacet
  facet normal -0.973879 -0.227069 0
    outer loop
      vertex -9.65926 -2.58819 0
      vertex -9.80785 -1.9509 2
      vertex -9.80785 -1.9509 0
    endloop
  endfacet
  facet normal -0.973879 -0.227069 0
    outer loop
      vertex -9.80785 -1.9509 2
      vertex -9.65926 -2.58819 0
      vertex -9.65926 -2.58819 2
    endloop
  endfacet
  facet normal 0.729865 -0.683592 0
    outer loop
      vertex 7.07107 -7.07107 2
      vertex 7.5184 -6.59346 0
      vertex 7.5184 -6.59346 2
    endloop
  endfacet
  facet normal 0.729865 -0.683592 0
    outer loop
      vertex 7.5184 -6.59346 0
      vertex 7.07107 -7.07107 2
      vertex 7.07107 -7.07107 0
    endloop
  endfacet
  facet normal -0.582486 0.81284 0
    outer loop
      vertex -5.5557 8.3147 0
      vertex -6.08761 7.93353 2
      vertex -5.5557 8.3147 2
    endloop
  endfacet
  facet normal -0.582486 0.81284 0
    outer loop
      vertex -6.08761 7.93353 2
      vertex -5.5557 8.3147 0
      vertex -6.08761 7.93353 0
    endloop
  endfacet
  facet normal 0.973879 0.227069 0
    outer loop
      vertex 9.80785 1.9509 2
      vertex 9.65926 2.58819 0
      vertex 9.65926 2.58819 2
    endloop
  endfacet
  facet normal 0.973879 0.227069 0
    outer loop
      vertex 9.65926 2.58819 0
      vertex 9.80785 1.9509 2
      vertex 9.80785 1.9509 0
    endloop
  endfacet
  facet normal -0.227069 0.973879 0
    outer loop
      vertex -1.9509 9.80785 0
      vertex -2.58819 9.65926 2
      vertex -1.9509 9.80785 2
    endloop
  endfacet
  facet normal -0.227069 0.973879 0
    outer loop
      vertex -2.58819 9.65926 2
      vertex -1.9509 9.80785 0
      vertex -2.58819 9.65926 0
    endloop
  endfacet
  facet normal 0.683592 0.729865 -0
    outer loop
      vertex 7.07107 7.07107 0
      vertex 6.59346 7.5184 2
      vertex 7.07107 7.07107 2
    endloop
  endfacet
  facet normal 0.683592 0.729865 0
    outer loop
      vertex 6.59346 7.5184 2
      vertex 7.07107 7.07107 0
      vertex 6.59346 7.5184 0
    endloop
  endfacet
  facet normal 0.582486 0.81284 -0
    outer loop
      vertex 6.08761 7.93353 0
      vertex 5.5557 8.3147 2
      vertex 6.08761 7.93353 2
    endloop
  endfacet
  facet normal 0.582486 0.81284 0
    outer loop
      vertex 5.5557 8.3147 2
      vertex 6.08761 7.93353 0
      vertex 5.5557 8.3147 0
    endloop
  endfacet
  facet normal 0.999465 -0.0327179 0
    outer loop
      vertex 9.97859 -0.654031 2
      vertex 10 0 0
      vertex 10 0 2
    endloop
  endfacet
  facet normal 0.999465 -0.0327179 0
    outer loop
      vertex 10 0 0
      vertex 9.97859 -0.654031 2
      vertex 9.97859 -0.654031 0
    endloop
  endfacet
  facet normal 0.412705 -0.910865 0
    outer loop
      vertex 3.82683 -9.2388 0
      vertex 4.42289 -8.96873 2
      vertex 3.82683 -9.2388 2
    endloop
  endfacet
  facet normal 0.412705 -0.910865 0
    outer loop
      vertex 4.42289 -8.96873 2
      vertex 3.82683 -9.2388 0
      vertex 4.42289 -8.96873 0
    endloop
  endfacet
  facet normal 0.227069 -0.973879 0
    outer loop
      vertex 1.9509 -9.80785 0
      vertex 2.58819 -9.65926 2
      vertex 1.9509 -9.80785 2
    endloop
  endfacet
  facet normal 0.227069 -0.973879 0
    outer loop
      vertex 2.58819 -9.65926 2
      vertex 1.9509 -9.80785 0
      vertex 2.58819 -9.65926 0
    endloop
  endfacet
  facet normal -0.683592 0.729865 0
    outer loop
      vertex -6.59346 7.5184 0
      vertex -7.07107 7.07107 2
      vertex -6.59346 7.5184 2
    endloop
  endfacet
  facet normal -0.683592 0.729865 0
    outer loop
      vertex -7.07107 7.07107 2
      vertex -6.59346 7.5184 0
      vertex -7.07107 7.07107 0
    endloop
  endfacet
  facet normal 0.412705 0.910865 -0
    outer loop
      vertex 4.42289 8.96873 0
      vertex 3.82683 9.2388 2
      vertex 4.42289 8.96873 2
    endloop
  endfacet
  facet normal 0.412705 0.910865 0
    outer loop
      vertex 3.82683 9.2388 2
      vertex 4.42289 8.96873 0
      vertex 3.82683 9.2388 0
    endloop
  endfacet
  facet normal 0.81284 0.582486 0
    outer loop
      vertex 8.3147 5.5557 2
      vertex 7.93353 6.08761 0
      vertex 7.93353 6.08761 2
    endloop
  endfacet
  facet normal 0.81284 0.582486 0
    outer loop
      vertex 7.93353 6.08761 0
      vertex 8.3147 5.5557 2
      vertex 8.3147 5.5557 0
    endloop
  endfacet
  facet normal 0.162902 -0.986642 0
    outer loop
      vertex 1.30526 -9.91445 0
      vertex 1.9509 -9.80785 2
      vertex 1.30526 -9.91445 2
    endloop
  endfacet
  facet normal 0.162902 -0.986642 0
    outer loop
      vertex 1.9509 -9.80785 2
      vertex 1.30526 -9.91445 0
      vertex 1.9509 -9.80785 0
    endloop
  endfacet
  facet normal -0.0980164 0.995185 0
    outer loop
      vertex -0.654031 9.97859 0
      vertex -1.30526 9.91445 2
      vertex -0.654031 9.97859 2
    endloop
  endfacet
  facet normal -0.0980164 0.995185 0
    outer loop
      vertex -1.30526 9.91445 2
      vertex -0.654031 9.97859 0
      vertex -1.30526 9.91445 0
    endloop
  endfacet
  facet normal 0.881916 0.471407 0
    outer loop
      vertex 8.96873 4.42289 2
      vertex 8.66025 5 0
      vertex 8.66025 5 2
    endloop
  endfacet
  facet normal 0.881916 0.471407 0
    outer loop
      vertex 8.66025 5 0
      vertex 8.96873 4.42289 2
      vertex 8.96873 4.42289 0
    endloop
  endfacet
  facet normal -0.412705 0.910865 0
    outer loop
      vertex -3.82683 9.2388 0
      vertex -4.42289 8.96873 2
      vertex -3.82683 9.2388 2
    endloop
  endfacet
  facet normal -0.412705 0.910865 0
    outer loop
      vertex -4.42289 8.96873 2
      vertex -3.82683 9.2388 0
      vertex -4.42289 8.96873 0
    endloop
  endfacet
  facet normal 0.849207 -0.528061 0
    outer loop
      vertex 8.3147 -5.5557 2
      vertex 8.66025 -5 0
      vertex 8.66025 -5 2
    endloop
  endfacet
  facet normal 0.849207 -0.528061 0
    outer loop
      vertex 8.66025 -5 0
      vertex 8.3147 -5.5557 2
      vertex 8.3147 -5.5557 0
    endloop
  endfacet
  facet normal 0.986642 -0.162902 0
    outer loop
      vertex 9.80785 -1.9509 2
      vertex 9.91445 -1.30526 0
      vertex 9.91445 -1.30526 2
    endloop
  endfacet
  facet normal 0.986642 -0.162902 0
    outer loop
      vertex 9.91445 -1.30526 0
      vertex 9.80785 -1.9509 2
      vertex 9.80785 -1.9509 0
    endloop
  endfacet
  facet normal 0.956939 0.290291 0
    outer loop
      vertex 9.65926 2.58819 2
      vertex 9.4693 3.21439 0
      vertex 9.4693 3.21439 2
    endloop
  endfacet
  facet normal 0.956939 0.290291 0
    outer loop
      vertex 9.4693 3.21439 0
      vertex 9.65926 2.58819 2
      vertex 9.65926 2.58819 0
    endloop
  endfacet
  facet normal -0.995185 0.0980164 0
    outer loop
      vertex -9.97859 0.654031 0
      vertex -9.91445 1.30526 2
      vertex -9.91445 1.30526 0
    endloop
  endfacet
  facet normal -0.995185 0.0980164 0
    outer loop
      vertex -9.91445 1.30526 2
      vertex -9.97859 0.654031 0
      vertex -9.97859 0.654031 2
    endloop
  endfacet
  facet normal 0.956939 -0.290291 0
    outer loop
      vertex 9.4693 -3.21439 2
      vertex 9.65926 -2.58819 0
      vertex 9.65926 -2.58819 2
    endloop
  endfacet
  facet normal 0.956939 -0.290291 0
    outer loop
      vertex 9.65926 -2.58819 0
      vertex 9.4693 -3.21439 2
      vertex 9.4693 -3.21439 0
    endloop
  endfacet
  facet normal -0.986642 -0.162902 0
    outer loop
      vertex -9.80785 -1.9509 0
      vertex -9.91445 -1.30526 2
      vertex -9.91445 -1.30526 0
    endloop
  endfacet
  facet normal -0.986642 -0.162902 0
    outer loop
      vertex -9.91445 -1.30526 2
      vertex -9.80785 -1.9509 0
      vertex -9.80785 -1.9509 2
    endloop
  endfacet
  facet normal -0.471407 -0.881916 0
    outer loop
      vertex -5 -8.66025 0
      vertex -4.42289 -8.96873 2
      vertex -5 -8.66025 2
    endloop
  endfacet
  facet normal -0.471407 -0.881916 -0
    outer loop
      vertex -4.42289 -8.96873 2
      vertex -5 -8.66025 0
      vertex -4.42289 -8.96873 0
    endloop
  endfacet
  facet normal 0.0327179 -0.999465 0
    outer loop
      vertex 0 -10 0
      vertex 0.654031 -9.97859 2
      vertex 0 -10 2
    endloop
  endfacet
  facet normal 0.0327179 -0.999465 0
    outer loop
      vertex 0.654031 -9.97859 2
      vertex 0 -10 0
      vertex 0.654031 -9.97859 0
    endloop
  endfacet
  facet normal -0.910865 -0.412705 0
    outer loop
      vertex -8.96873 -4.42289 0
      vertex -9.2388 -3.82683 2
      vertex -9.2388 -3.82683 0
    endloop
  endfacet
  facet normal -0.910865 -0.412705 0
    outer loop
      vertex -9.2388 -3.82683 2
      vertex -8.96873 -4.42289 0
      vertex -8.96873 -4.42289 2
    endloop
  endfacet
  facet normal 0.881916 -0.471407 0
    outer loop
      vertex 8.66025 -5 2
      vertex 8.96873 -4.42289 0
      vertex 8.96873 -4.42289 2
    endloop
  endfacet
  facet normal 0.881916 -0.471407 0
    outer loop
      vertex 8.96873 -4.42289 0
      vertex 8.66025 -5 2
      vertex 8.66025 -5 0
    endloop
  endfacet
  facet normal 0.729865 0.683592 0
    outer loop
      vertex 7.5184 6.59346 2
      vertex 7.07107 7.07107 0
      vertex 7.07107 7.07107 2
    endloop
  endfacet
  facet normal 0.729865 0.683592 0
    outer loop
      vertex 7.07107 7.07107 0
      vertex 7.5184 6.59346 2
      vertex 7.5184 6.59346 0
    endloop
  endfacet
  facet normal -0.227069 -0.973879 0
    outer loop
      vertex -2.58819 -9.65926 0
      vertex -1.9509 -9.80785 2
      vertex -2.58819 -9.65926 2
    endloop
  endfacet
  facet normal -0.227069 -0.973879 -0
    outer loop
      vertex -1.9509 -9.80785 2
      vertex -2.58819 -9.65926 0
      vertex -1.9509 -9.80785 0
    endloop
  endfacet
  facet normal 0.352242 0.935909 -0
    outer loop
      vertex 3.82683 9.2388 0
      vertex 3.21439 9.4693 2
      vertex 3.82683 9.2388 2
    endloop
  endfacet
  facet normal 0.352242 0.935909 0
    outer loop
      vertex 3.21439 9.4693 2
      vertex 3.82683 9.2388 0
      vertex 3.21439 9.4693 0
    endloop
  endfacet
  facet normal 0.935909 0.352242 0
    outer loop
      vertex 9.4693 3.21439 2
      vertex 9.2388 3.82683 0
      vertex 9.2388 3.82683 2
    endloop
  endfacet
  facet normal 0.935909 0.352242 0
    outer loop
      vertex 9.2388 3.82683 0
      vertex 9.4693 3.21439 2
      vertex 9.4693 3.21439 0
    endloop
  endfacet
  facet normal 0.773018 -0.634384 0
    outer loop
      vertex 7.5184 -6.59346 2
      vertex 7.93353 -6.08761 0
      vertex 7.93353 -6.08761 2
    endloop
  endfacet
  facet normal 0.773018 -0.634384 0
    outer loop
      vertex 7.93353 -6.08761 0
      vertex 7.5184 -6.59346 2
      vertex 7.5184 -6.59346 0
    endloop
  endfacet
  facet normal -0.352242 -0.935909 0
    outer loop
      vertex -3.82683 -9.2388 0
      vertex -3.21439 -9.4693 2
      vertex -3.82683 -9.2388 2
    endloop
  endfacet
  facet normal -0.352242 -0.935909 -0
    outer loop
      vertex -3.21439 -9.4693 2
      vertex -3.82683 -9.2388 0
      vertex -3.21439 -9.4693 0
    endloop
  endfacet
  facet normal 0.352242 -0.935909 0
    outer loop
      vertex 3.21439 -9.4693 0
      vertex 3.82683 -9.2388 2
      vertex 3.21439 -9.4693 2
    endloop
  endfacet
  facet normal 0.352242 -0.935909 0
    outer loop
      vertex 3.82683 -9.2388 2
      vertex 3.21439 -9.4693 0
      vertex 3.82683 -9.2388 0
    endloop
  endfacet
  facet normal -0.849207 0.528061 0
    outer loop
      vertex -8.66025 5 0
      vertex -8.3147 5.5557 2
      vertex -8.3147 5.5557 0
    endloop
  endfacet
  facet normal -0.849207 0.528061 0
    outer loop
      vertex -8.3147 5.5557 2
      vertex -8.66025 5 0
      vertex -8.66025 5 2
    endloop
  endfacet
  facet normal 0.910865 0.412705 0
    outer loop
      vertex 9.2388 3.82683 2
      vertex 8.96873 4.42289 0
      vertex 8.96873 4.42289 2
    endloop
  endfacet
  facet normal 0.910865 0.412705 0
    outer loop
      vertex 8.96873 4.42289 0
      vertex 9.2388 3.82683 2
      vertex 9.2388 3.82683 0
    endloop
  endfacet
  facet normal -0.471407 0.881916 0
    outer loop
      vertex -4.42289 8.96873 0
      vertex -5 8.66025 2
      vertex -4.42289 8.96873 2
    endloop
  endfacet
  facet normal -0.471407 0.881916 0
    outer loop
      vertex -5 8.66025 2
      vertex -4.42289 8.96873 0
      vertex -5 8.66025 0
    endloop
  endfacet
  facet normal 0.0327179 0.999465 -0
    outer loop
      vertex 0.654031 9.97859 0
      vertex 0 10 2
      vertex 0.654031 9.97859 2
    endloop
  endfacet
  facet normal 0.0327179 0.999465 0
    outer loop
      vertex 0 10 2
      vertex 0.654031 9.97859 0
      vertex 0 10 0
    endloop
  endfacet
  facet normal 0.773018 0.634384 0
    outer loop
      vertex 7.93353 6.08761 2
      vertex 7.5184 6.59346 0
      vertex 7.5184 6.59346 2
    endloop
  endfacet
  facet normal 0.773018 0.634384 0
    outer loop
      vertex 7.5184 6.59346 0
      vertex 7.93353 6.08761 2
      vertex 7.93353 6.08761 0
    endloop
  endfacet
  facet normal -0.849207 -0.528061 0
    outer loop
      vertex -8.3147 -5.5557 0
      vertex -8.66025 -5 2
      vertex -8.66025 -5 0
    endloop
  endfacet
  facet normal -0.849207 -0.528061 0
    outer loop
      vertex -8.66025 -5 2
      vertex -8.3147 -5.5557 0
      vertex -8.3147 -5.5557 2
    endloop
  endfacet
  facet normal -0.910865 0.412705 0
    outer loop
      vertex -9.2388 3.82683 0
      vertex -8.96873 4.42289 2
      vertex -8.96873 4.42289 0
    endloop
  endfacet
  facet normal -0.910865 0.412705 0
    outer loop
      vertex -8.96873 4.42289 2
      vertex -9.2388 3.82683 0
      vertex -9.2388 3.82683 2
    endloop
  endfacet
  facet normal -0.81284 -0.582486 0
    outer loop
      vertex -7.93353 -6.08761 0
      vertex -8.3147 -5.5557 2
      vertex -8.3147 -5.5557 0
    endloop
  endfacet
  facet normal -0.81284 -0.582486 0
    outer loop
      vertex -8.3147 -5.5557 2
      vertex -7.93353 -6.08761 0
      vertex -7.93353 -6.08761 2
    endloop
  endfacet
  facet normal 0.81284 -0.582486 0
    outer loop
      vertex 7.93353 -6.08761 2
      vertex 8.3147 -5.5557 0
      vertex 8.3147 -5.5557 2
    endloop
  endfacet
  facet normal 0.81284 -0.582486 0
    outer loop
      vertex 8.3147 -5.5557 0
      vertex 7.93353 -6.08761 2
      vertex 7.93353 -6.08761 0
    endloop
  endfacet
  facet normal 0.471407 0.881916 -0
    outer loop
      vertex 5 8.66025 0
      vertex 4.42289 8.96873 2
      vertex 5 8.66025 2
    endloop
  endfacet
  facet normal 0.471407 0.881916 0
    outer loop
      vertex 4.42289 8.96873 2
      vertex 5 8.66025 0
      vertex 4.42289 8.96873 0
    endloop
  endfacet
  facet normal -0.935909 0.352242 0
    outer loop
      vertex -9.4693 3.21439 0
      vertex -9.2388 3.82683 2
      vertex -9.2388 3.82683 0
    endloop
  endfacet
  facet normal -0.935909 0.352242 0
    outer loop
      vertex -9.2388 3.82683 2
      vertex -9.4693 3.21439 0
      vertex -9.4693 3.21439 2
    endloop
  endfacet
  facet normal 0.634384 0.773018 -0
    outer loop
      vertex 6.59346 7.5184 0
      vertex 6.08761 7.93353 2
      vertex 6.59346 7.5184 2
    endloop
  endfacet
  facet normal 0.634384 0.773018 0
    outer loop
      vertex 6.08761 7.93353 2
      vertex 6.59346 7.5184 0
      vertex 6.08761 7.93353 0
    endloop
  endfacet
  facet normal -0.881916 -0.471407 0
    outer loop
      vertex -8.66025 -5 0
      vertex -8.96873 -4.42289 2
      vertex -8.96873 -4.42289 0
    endloop
  endfacet
  facet normal -0.881916 -0.471407 0
    outer loop
      vertex -8.96873 -4.42289 2
      vertex -8.66025 -5 0
      vertex -8.66025 -5 2
    endloop
  endfacet
  facet normal 0.995185 -0.0980164 0
    outer loop
      vertex 9.91445 -1.30526 2
      vertex 9.97859 -0.654031 0
      vertex 9.97859 -0.654031 2
    endloop
  endfacet
  facet normal 0.995185 -0.0980164 0
    outer loop
      vertex 9.97859 -0.654031 0
      vertex 9.91445 -1.30526 2
      vertex 9.91445 -1.30526 0
    endloop
  endfacet
  facet normal -0.634384 -0.773018 0
    outer loop
      vertex -6.59346 -7.5184 0
      vertex -6.08761 -7.93353 2
      vertex -6.59346 -7.5184 2
    endloop
  endfacet
  facet normal -0.634384 -0.773018 -0
    outer loop
      vertex -6.08761 -7.93353 2
      vertex -6.59346 -7.5184 0
      vertex -6.08761 -7.93353 0
    endloop
  endfacet
  facet normal -0.956939 -0.290291 0
    outer loop
      vertex -9.4693 -3.21439 0
      vertex -9.65926 -2.58819 2
      vertex -9.65926 -2.58819 0
    endloop
  endfacet
  facet normal -0.956939 -0.290291 0
    outer loop
      vertex -9.65926 -2.58819 2
      vertex -9.4693 -3.21439 0
      vertex -9.4693 -3.21439 2
    endloop
  endfacet
  facet normal 0.290291 0.956939 -0
    outer loop
      vertex 3.21439 9.4693 0
      vertex 2.58819 9.65926 2
      vertex 3.21439 9.4693 2
    endloop
  endfacet
  facet normal 0.290291 0.956939 0
    outer loop
      vertex 2.58819 9.65926 2
      vertex 3.21439 9.4693 0
      vertex 2.58819 9.65926 0
    endloop
  endfacet
  facet normal 0.528061 -0.849207 0
    outer loop
      vertex 5 -8.66025 0
      vertex 5.5557 -8.3147 2
      vertex 5 -8.66025 2
    endloop
  endfacet
  facet normal 0.528061 -0.849207 0
    outer loop
      vertex 5.5557 -8.3147 2
      vertex 5 -8.66025 0
      vertex 5.5557 -8.3147 0
    endloop
  endfacet
  facet normal -0.986642 0.162902 0
    outer loop
      vertex -9.91445 1.30526 0
      vertex -9.80785 1.9509 2
      vertex -9.80785 1.9509 0
    endloop
  endfacet
  facet normal -0.986642 0.162902 0
    outer loop
      vertex -9.80785 1.9509 2
      vertex -9.91445 1.30526 0
      vertex -9.91445 1.30526 2
    endloop
  endfacet
  facet normal -0.290291 0.956939 0
    outer loop
      vertex -2.58819 9.65926 0
      vertex -3.21439 9.4693 2
      vertex -2.58819 9.65926 2
    endloop
  endfacet
  facet normal -0.290291 0.956939 0
    outer loop
      vertex -3.21439 9.4693 2
      vertex -2.58819 9.65926 0
      vertex -3.21439 9.4693 0
    endloop
  endfacet
  facet normal 0.227069 0.973879 -0
    outer loop
      vertex 2.58819 9.65926 0
      vertex 1.9509 9.80785 2
      vertex 2.58819 9.65926 2
    endloop
  endfacet
  facet normal 0.227069 0.973879 0
    outer loop
      vertex 1.9509 9.80785 2
      vertex 2.58819 9.65926 0
      vertex 1.9509 9.80785 0
    endloop
  endfacet
  facet normal -0.881916 0.471407 0
    outer loop
      vertex -8.96873 4.42289 0
      vertex -8.66025 5 2
      vertex -8.66025 5 0
    endloop
  endfacet
  facet normal -0.881916 0.471407 0
    outer loop
      vertex -8.66025 5 2
      vertex -8.96873 4.42289 0
      vertex -8.96873 4.42289 2
    endloop
  endfacet
  facet normal 0.683592 -0.729865 0
    outer loop
      vertex 6.59346 -7.5184 0
      vertex 7.07107 -7.07107 2
      vertex 6.59346 -7.5184 2
    endloop
  endfacet
  facet normal 0.683592 -0.729865 0
    outer loop
      vertex 7.07107 -7.07107 2
      vertex 6.59346 -7.5184 0
      vertex 7.07107 -7.07107 0
    endloop
  endfacet
  facet normal -0.634384 0.773018 0
    outer loop
      vertex -6.08761 7.93353 0
      vertex -6.59346 7.5184 2
      vertex -6.08761 7.93353 2
    endloop
  endfacet
  facet normal -0.634384 0.773018 0
    outer loop
      vertex -6.59346 7.5184 2
      vertex -6.08761 7.93353 0
      vertex -6.59346 7.5184 0
    endloop
  endfacet
  facet normal -0.162902 -0.986642 0
    outer loop
      vertex -1.9509 -9.80785 0
      vertex -1.30526 -9.91445 2
      vertex -1.9509 -9.80785 2
    endloop
  endfacet
  facet normal -0.162902 -0.986642 -0
    outer loop
      vertex -1.30526 -9.91445 2
      vertex -1.9509 -9.80785 0
      vertex -1.30526 -9.91445 0
    endloop
  endfacet
  facet normal 0.471407 -0.881916 0
    outer loop
      vertex 4.42289 -8.96873 0
      vertex 5 -8.66025 2
      vertex 4.42289 -8.96873 2
    endloop
  endfacet
  facet normal 0.471407 -0.881916 0
    outer loop
      vertex 5 -8.66025 2
      vertex 4.42289 -8.96873 0
      vertex 5 -8.66025 0
    endloop
  endfacet
  facet normal -0.956939 0.290291 0
    outer loop
      vertex -9.65926 2.58819 0
      vertex -9.4693 3.21439 2
      vertex -9.4693 3.21439 0
    endloop
  endfacet
  facet normal -0.956939 0.290291 0
    outer loop
      vertex -9.4693 3.21439 2
      vertex -9.65926 2.58819 0
      vertex -9.65926 2.58819 2
    endloop
  endfacet
  facet normal 0.973879 -0.227069 0
    outer loop
      vertex 9.65926 -2.58819 2
      vertex 9.80785 -1.9509 0
      vertex 9.80785 -1.9509 2
    endloop
  endfacet
  facet normal 0.973879 -0.227069 0
    outer loop
      vertex 9.80785 -1.9509 0
      vertex 9.65926 -2.58819 2
      vertex 9.65926 -2.58819 0
    endloop
  endfacet
  facet normal -0.973879 0.227069 0
    outer loop
      vertex -9.80785 1.9509 0
      vertex -9.65926 2.58819 2
      vertex -9.65926 2.58819 0
    endloop
  endfacet
  facet normal -0.973879 0.227069 0
    outer loop
      vertex -9.65926 2.58819 2
      vertex -9.80785 1.9509 0
      vertex -9.80785 1.9509 2
    endloop
  endfacet
  facet normal -0.999465 0.0327179 0
    outer loop
      vertex -10 0 0
      vertex -9.97859 0.654031 2
      vertex -9.97859 0.654031 0
    endloop
  endfacet
  facet normal -0.999465 0.0327179 0
    outer loop
      vertex -9.97859 0.654031 2
      vertex -10 0 0
      vertex -10 0 2
    endloop
  endfacet
  facet normal -0.773018 -0.634384 0
    outer loop
      vertex -7.5184 -6.59346 0
      vertex -7.93353 -6.08761 2
      vertex -7.93353 -6.08761 0
    endloop
  endfacet
  facet normal -0.773018 -0.634384 0
    outer loop
      vertex -7.93353 -6.08761 2
      vertex -7.5184 -6.59346 0
      vertex -7.5184 -6.59346 2
    endloop
  endfacet
  facet normal -0.162902 0.986642 0
    outer loop
      vertex -1.30526 9.91445 0
      vertex -1.9509 9.80785 2
      vertex -1.30526 9.91445 2
    endloop
  endfacet
  facet normal -0.162902 0.986642 0
    outer loop
      vertex -1.9509 9.80785 2
      vertex -1.30526 9.91445 0
      vertex -1.9509 9.80785 0
    endloop
  endfacet
  facet normal 0 0 1
    outer loop
      vertex 5.25 0 2
      vertex 10 0 2
      vertex 9.97859 0.654031 2
    endloop
  endfacet
  facet normal 0 0 1
    outer loop
      vertex 5.23876 0.343366 2
      vertex 9.97859 0.654031 2
      vertex 9.91445 1.30526 2
    endloop
  endfacet
  facet normal 0 0 1
    outer loop
      vertex 10 0 2
      vertex 5.25 0 2
      vertex 9.97859 -0.654031 2
    endloop
  endfacet
  facet normal 0 0 1
    outer loop
      vertex 5.20508 0.685262 2
      vertex 9.91445 1.30526 2
      vertex 9.80785 1.9509 2
    endloop
  endfacet
  facet normal -0 0 1
    outer loop
      vertex 5.23876 -0.343366 2
      vertex 9.97859 -0.654031 2
      vertex 5.25 0 2
    endloop
  endfacet
  facet normal 0 0 1
    outer loop
      vertex 5.14912 1.02422 2
      vertex 9.80785 1.9509 2
      vertex 9.65926 2.58819 2
    endloop
  endfacet
  facet normal 0 0 1
    outer loop
      vertex 9.97859 -0.654031 2
      vertex 5.23876 -0.343366 2
      vertex 9.91445 -1.30526 2
    endloop
  endfacet
  facet normal 0 0 1
    outer loop
      vertex 5.07111 1.3588 2
      vertex 9.65926 2.58819 2
      vertex 9.4693 3.21439 2
    endloop
  endfacet
  facet normal -0 0 1
    outer loop
      vertex 5.20508 -0.685262 2
      vertex 9.91445 -1.30526 2
      vertex 5.23876 -0.343366 2
    endloop
  endfacet
  facet normal 0 0 1
    outer loop
      vertex 4.97138 1.68756 2
      vertex 9.4693 3.21439 2
      vertex 9.2388 3.82683 2
    endloop
  endfacet
  facet normal 0 0 1
    outer loop
      vertex 9.91445 -1.30526 2
      vertex 5.20508 -0.685262 2
      vertex 9.80785 -1.9509 2
    endloop
  endfacet
  facet normal 0 0 1
    outer loop
      vertex 4.85037 2.00909 2
      vertex 9.2388 3.82683 2
      vertex 8.96873 4.42289 2
    endloop
  endfacet
  facet normal -0 0 1
    outer loop
      vertex 5.14912 -1.02422 2
      vertex 9.80785 -1.9509 2
      vertex 5.20508 -0.685262 2
    endloop
  endfacet
  facet normal 0 0 1
    outer loop
      vertex 4.70858 2.32201 2
      vertex 8.96873 4.42289 2
      vertex 8.66025 5 2
    endloop
  endfacet
  facet normal 0 0 1
    outer loop
      vertex 9.80785 -1.9509 2
      vertex 5.14912 -1.02422 2
      vertex 9.65926 -2.58819 2
    endloop
  endfacet
  facet normal 0 0 1
    outer loop
      vertex 4.54663 2.625 2
      vertex 8.66025 5 2
      vertex 8.3147 5.5557 2
    endloop
  endfacet
  facet normal -0 0 1
    outer loop
      vertex 5.07111 -1.3588 2
      vertex 9.65926 -2.58819 2
      vertex 5.14912 -1.02422 2
    endloop
  endfacet
  facet normal 0 0 1
    outer loop
      vertex 4.36522 2.91674 2
      vertex 8.3147 5.5557 2
      vertex 7.93353 6.08761 2
    endloop
  endfacet
  facet normal 0 0 1
    outer loop
      vertex 9.65926 -2.58819 2
      vertex 5.07111 -1.3588 2
      vertex 9.4693 -3.21439 2
    endloop
  endfacet
  facet normal 0 0 1
    outer loop
      vertex 4.1651 3.196 2
      vertex 7.93353 6.08761 2
      vertex 7.5184 6.59346 2
    endloop
  endfacet
  facet normal -0 0 1
    outer loop
      vertex 4.97138 -1.68756 2
      vertex 9.4693 -3.21439 2
      vertex 5.07111 -1.3588 2
    endloop
  endfacet
  facet normal 0 0 1
    outer loop
      vertex 3.94716 3.46157 2
      vertex 7.5184 6.59346 2
      vertex 7.07107 7.07107 2
    endloop
  endfacet
  facet normal 0 0 1
    outer loop
      vertex 9.4693 -3.21439 2
      vertex 4.97138 -1.68756 2
      vertex 9.2388 -3.82683 2
    endloop
  endfacet
  facet normal 0 0 1
    outer loop
      vertex 3.71231 3.71231 2
      vertex 7.07107 7.07107 2
      vertex 6.59346 7.5184 2
    endloop
  endfacet
  facet normal -0 0 1
    outer loop
      vertex 4.85037 -2.00909 2
      vertex 9.2388 -3.82683 2
      vertex 4.97138 -1.68756 2
    endloop
  endfacet
  facet normal 0 0 1
    outer loop
      vertex 3.46157 3.94716 2
      vertex 6.59346 7.5184 2
      vertex 6.08761 7.93353 2
    endloop
  endfacet
  facet normal 0 0 1
    outer loop
      vertex 9.2388 -3.82683 2
      vertex 4.85037 -2.00909 2
      vertex 8.96873 -4.42289 2
    endloop
  endfacet
  facet normal 0 0 1
    outer loop
      vertex 3.196 4.1651 2
      vertex 6.08761 7.93353 2
      vertex 5.5557 8.3147 2
    endloop
  endfacet
  facet normal -0 0 1
    outer loop
      vertex 4.70858 -2.32201 2
      vertex 8.96873 -4.42289 2
      vertex 4.85037 -2.00909 2
    endloop
  endfacet
  facet normal 0 0 1
    outer loop
      vertex 8.96873 -4.42289 2
      vertex 4.70858 -2.32201 2
      vertex 8.66025 -5 2
    endloop
  endfacet
  facet normal 0 0 1
    outer loop
      vertex 9.97859 0.654031 2
      vertex 5.23876 0.343366 2
      vertex 5.25 0 2
    endloop
  endfacet
  facet normal 0 0 1
    outer loop
      vertex 9.91445 1.30526 2
      vertex 5.20508 0.685262 2
      vertex 5.23876 0.343366 2
    endloop
  endfacet
  facet normal 0 0 1
    outer loop
      vertex 9.80785 1.9509 2
      vertex 5.14912 1.02422 2
      vertex 5.20508 0.685262 2
    endloop
  endfacet
  facet normal 0 0 1
    outer loop
      vertex 9.65926 2.58819 2
      vertex 5.07111 1.3588 2
      vertex 5.14912 1.02422 2
    endloop
  endfacet
  facet normal 0 0 1
    outer loop
      vertex 2.91674 4.36522 2
      vertex 5.5557 8.3147 2
      vertex 5 8.66025 2
    endloop
  endfacet
  facet normal 0 0 1
    outer loop
      vertex 9.4693 3.21439 2
      vertex 4.97138 1.68756 2
      vertex 5.07111 1.3588 2
    endloop
  endfacet
  facet normal 0 0 1
    outer loop
      vertex 9.2388 3.82683 2
      vertex 4.85037 2.00909 2
      vertex 4.97138 1.68756 2
    endloop
  endfacet
  facet normal 0 0 1
    outer loop
      vertex 8.96873 4.42289 2
      vertex 4.70858 2.32201 2
      vertex 4.85037 2.00909 2
    endloop
  endfacet
  facet normal 0 0 1
    outer loop
      vertex 8.66025 5 2
      vertex 4.54663 2.625 2
      vertex 4.70858 2.32201 2
    endloop
  endfacet
  facet normal 0 0 1
    outer loop
      vertex 2.625 4.54663 2
      vertex 5 8.66025 2
      vertex 4.42289 8.96873 2
    endloop
  endfacet
  facet normal 0 0 1
    outer loop
      vertex 8.3147 5.5557 2
      vertex 4.36522 2.91674 2
      vertex 4.54663 2.625 2
    endloop
  endfacet
  facet normal 0 0 1
    outer loop
      vertex 7.93353 6.08761 2
      vertex 4.1651 3.196 2
      vertex 4.36522 2.91674 2
    endloop
  endfacet
  facet normal 0 0 1
    outer loop
      vertex 7.5184 6.59346 2
      vertex 3.94716 3.46157 2
      vertex 4.1651 3.196 2
    endloop
  endfacet
  facet normal 0 0 1
    outer loop
      vertex 2.32201 4.70858 2
      vertex 4.42289 8.96873 2
      vertex 3.82683 9.2388 2
    endloop
  endfacet
  facet normal 0 0 1
    outer loop
      vertex 7.07107 7.07107 2
      vertex 3.71231 3.71231 2
      vertex 3.94716 3.46157 2
    endloop
  endfacet
  facet normal 0 0 1
    outer loop
      vertex 6.59346 7.5184 2
      vertex 3.46157 3.94716 2
      vertex 3.71231 3.71231 2
    endloop
  endfacet
  facet normal 0 0 1
    outer loop
      vertex 2.00909 4.85037 2
      vertex 3.82683 9.2388 2
      vertex 3.21439 9.4693 2
    endloop
  endfacet
  facet normal 0 0 1
    outer loop
      vertex 6.08761 7.93353 2
      vertex 3.196 4.1651 2
      vertex 3.46157 3.94716 2
    endloop
  endfacet
  facet normal 0 0 1
    outer loop
      vertex 5.5557 8.3147 2
      vertex 2.91674 4.36522 2
      vertex 3.196 4.1651 2
    endloop
  endfacet
  facet normal 0 0 1
    outer loop
      vertex 5 8.66025 2
      vertex 2.625 4.54663 2
      vertex 2.91674 4.36522 2
    endloop
  endfacet
  facet normal 0 0 1
    outer loop
      vertex 1.68756 4.97138 2
      vertex 3.21439 9.4693 2
      vertex 2.58819 9.65926 2
    endloop
  endfacet
  facet normal 0 0 1
    outer loop
      vertex 4.42289 8.96873 2
      vertex 2.32201 4.70858 2
      vertex 2.625 4.54663 2
    endloop
  endfacet
  facet normal 0 0 1
    outer loop
      vertex 3.82683 9.2388 2
      vertex 2.00909 4.85037 2
      vertex 2.32201 4.70858 2
    endloop
  endfacet
  facet normal 0 0 1
    outer loop
      vertex 1.3588 5.07111 2
      vertex 2.58819 9.65926 2
      vertex 1.9509 9.80785 2
    endloop
  endfacet
  facet normal 0 0 1
    outer loop
      vertex 3.21439 9.4693 2
      vertex 1.68756 4.97138 2
      vertex 2.00909 4.85037 2
    endloop
  endfacet
  facet normal 0 0 1
    outer loop
      vertex 2.58819 9.65926 2
      vertex 1.3588 5.07111 2
      vertex 1.68756 4.97138 2
    endloop
  endfacet
  facet normal 0 0 1
    outer loop
      vertex 1.02422 5.14912 2
      vertex 1.9509 9.80785 2
      vertex 1.30526 9.91445 2
    endloop
  endfacet
  facet normal 0 0 1
    outer loop
      vertex 1.9509 9.80785 2
      vertex 1.02422 5.14912 2
      vertex 1.3588 5.07111 2
    endloop
  endfacet
  facet normal 0 0 1
    outer loop
      vertex 1.30526 9.91445 2
      vertex 0.685262 5.20508 2
      vertex 1.02422 5.14912 2
    endloop
  endfacet
  facet normal 0 0 1
    outer loop
      vertex 0.654031 9.97859 2
      vertex 0.685262 5.20508 2
      vertex 1.30526 9.91445 2
    endloop
  endfacet
  facet normal 0 0 1
    outer loop
      vertex 0.654031 9.97859 2
      vertex 0.343366 5.23876 2
      vertex 0.685262 5.20508 2
    endloop
  endfacet
  facet normal 0 0 1
    outer loop
      vertex 0 10 2
      vertex 0.343366 5.23876 2
      vertex 0.654031 9.97859 2
    endloop
  endfacet
  facet normal 0 0 1
    outer loop
      vertex 0 10 2
      vertex 0 5.25 2
      vertex 0.343366 5.23876 2
    endloop
  endfacet
  facet normal 0 0 1
    outer loop
      vertex 0 10 2
      vertex -0.343366 5.23876 2
      vertex 0 5.25 2
    endloop
  endfacet
  facet normal -0 0 1
    outer loop
      vertex -0.654031 9.97859 2
      vertex -0.343366 5.23876 2
      vertex 0 10 2
    endloop
  endfacet
  facet normal 0 0 1
    outer loop
      vertex -0.654031 9.97859 2
      vertex -0.685262 5.20508 2
      vertex -0.343366 5.23876 2
    endloop
  endfacet
  facet normal -0 0 1
    outer loop
      vertex -1.30526 9.91445 2
      vertex -0.685262 5.20508 2
      vertex -0.654031 9.97859 2
    endloop
  endfacet
  facet normal 0 0 1
    outer loop
      vertex -0.685262 5.20508 2
      vertex -1.30526 9.91445 2
      vertex -1.02422 5.14912 2
    endloop
  endfacet
  facet normal -0 0 1
    outer loop
      vertex -1.9509 9.80785 2
      vertex -1.02422 5.14912 2
      vertex -1.30526 9.91445 2
    endloop
  endfacet
  facet normal 0 0 1
    outer loop
      vertex -1.02422 5.14912 2
      vertex -1.9509 9.80785 2
      vertex -1.3588 5.07111 2
    endloop
  endfacet
  facet normal -0 0 1
    outer loop
      vertex -2.58819 9.65926 2
      vertex -1.3588 5.07111 2
      vertex -1.9509 9.80785 2
    endloop
  endfacet
  facet normal 0 0 1
    outer loop
      vertex -1.3588 5.07111 2
      vertex -2.58819 9.65926 2
      vertex -1.68756 4.97138 2
    endloop
  endfacet
  facet normal -0 0 1
    outer loop
      vertex -3.21439 9.4693 2
      vertex -1.68756 4.97138 2
      vertex -2.58819 9.65926 2
    endloop
  endfacet
  facet normal 0 0 1
    outer loop
      vertex -1.68756 4.97138 2
      vertex -3.21439 9.4693 2
      vertex -2.00909 4.85037 2
    endloop
  endfacet
  facet normal -0 0 1
    outer loop
      vertex -3.82683 9.2388 2
      vertex -2.00909 4.85037 2
      vertex -3.21439 9.4693 2
    endloop
  endfacet
  facet normal 0 0 1
    outer loop
      vertex -2.00909 4.85037 2
      vertex -3.82683 9.2388 2
      vertex -2.32201 4.70858 2
    endloop
  endfacet
  facet normal -0 0 1
    outer loop
      vertex -4.42289 8.96873 2
      vertex -2.32201 4.70858 2
      vertex -3.82683 9.2388 2
    endloop
  endfacet
  facet normal 0 0 1
    outer loop
      vertex -2.32201 4.70858 2
      vertex -4.42289 8.96873 2
      vertex -2.625 4.54663 2
    endloop
  endfacet
  facet normal -0 0 1
    outer loop
      vertex -5 8.66025 2
      vertex -2.625 4.54663 2
      vertex -4.42289 8.96873 2
    endloop
  endfacet
  facet normal 0 0 1
    outer loop
      vertex -2.625 4.54663 2
      vertex -5 8.66025 2
      vertex -2.91674 4.36522 2
    endloop
  endfacet
  facet normal -0 0 1
    outer loop
      vertex -5.5557 8.3147 2
      vertex -2.91674 4.36522 2
      vertex -5 8.66025 2
    endloop
  endfacet
  facet normal 0 0 1
    outer loop
      vertex -2.91674 4.36522 2
      vertex -5.5557 8.3147 2
      vertex -3.196 4.1651 2
    endloop
  endfacet
  facet normal -0 0 1
    outer loop
      vertex -6.08761 7.93353 2
      vertex -3.196 4.1651 2
      vertex -5.5557 8.3147 2
    endloop
  endfacet
  facet normal 0 0 1
    outer loop
      vertex -3.196 4.1651 2
      vertex -6.08761 7.93353 2
      vertex -3.46157 3.94716 2
    endloop
  endfacet
  facet normal -0 0 1
    outer loop
      vertex -6.59346 7.5184 2
      vertex -3.46157 3.94716 2
      vertex -6.08761 7.93353 2
    endloop
  endfacet
  facet normal 0 0 1
    outer loop
      vertex -3.46157 3.94716 2
      vertex -6.59346 7.5184 2
      vertex -3.71231 3.71231 2
    endloop
  endfacet
  facet normal -0 0 1
    outer loop
      vertex -7.07107 7.07107 2
      vertex -3.71231 3.71231 2
      vertex -6.59346 7.5184 2
    endloop
  endfacet
  facet normal 0 0 1
    outer loop
      vertex -3.71231 3.71231 2
      vertex -7.07107 7.07107 2
      vertex -3.94716 3.46157 2
    endloop
  endfacet
  facet normal -0 0 1
    outer loop
      vertex -7.5184 6.59346 2
      vertex -3.94716 3.46157 2
      vertex -7.07107 7.07107 2
    endloop
  endfacet
  facet normal 0 0 1
    outer loop
      vertex -3.94716 3.46157 2
      vertex -7.5184 6.59346 2
      vertex -4.1651 3.196 2
    endloop
  endfacet
  facet normal -0 0 1
    outer loop
      vertex -7.93353 6.08761 2
      vertex -4.1651 3.196 2
      vertex -7.5184 6.59346 2
    endloop
  endfacet
  facet normal 0 0 1
    outer loop
      vertex -4.1651 3.196 2
      vertex -7.93353 6.08761 2
      vertex -4.36522 2.91674 2
    endloop
  endfacet
  facet normal -0 0 1
    outer loop
      vertex -8.3147 5.5557 2
      vertex -4.36522 2.91674 2
      vertex -7.93353 6.08761 2
    endloop
  endfacet
  facet normal 0 0 1
    outer loop
      vertex -4.36522 2.91674 2
      vertex -8.3147 5.5557 2
      vertex -4.54663 2.625 2
    endloop
  endfacet
  facet normal -0 0 1
    outer loop
      vertex -8.66025 5 2
      vertex -4.54663 2.625 2
      vertex -8.3147 5.5557 2
    endloop
  endfacet
  facet normal 0 0 1
    outer loop
      vertex -4.54663 2.625 2
      vertex -8.66025 5 2
      vertex -4.70858 2.32201 2
    endloop
  endfacet
  facet normal -0 0 1
    outer loop
      vertex 4.54663 -2.625 2
      vertex 8.66025 -5 2
      vertex 4.70858 -2.32201 2
    endloop
  endfacet
  facet normal 0 0 1
    outer loop
      vertex 8.66025 -5 2
      vertex 4.54663 -2.625 2
      vertex 8.3147 -5.5557 2
    endloop
  endfacet
  facet normal -0 0 1
    outer loop
      vertex 4.36522 -2.91674 2
      vertex 8.3147 -5.5557 2
      vertex 4.54663 -2.625 2
    endloop
  endfacet
  facet normal 0 0 1
    outer loop
      vertex 8.3147 -5.5557 2
      vertex 4.36522 -2.91674 2
      vertex 7.93353 -6.08761 2
    endloop
  endfacet
  facet normal -0 0 1
    outer loop
      vertex 4.1651 -3.196 2
      vertex 7.93353 -6.08761 2
      vertex 4.36522 -2.91674 2
    endloop
  endfacet
  facet normal 0 0 1
    outer loop
      vertex 7.93353 -6.08761 2
      vertex 4.1651 -3.196 2
      vertex 7.5184 -6.59346 2
    endloop
  endfacet
  facet normal -0 0 1
    outer loop
      vertex 3.94716 -3.46157 2
      vertex 7.5184 -6.59346 2
      vertex 4.1651 -3.196 2
    endloop
  endfacet
  facet normal 0 0 1
    outer loop
      vertex 7.5184 -6.59346 2
      vertex 3.94716 -3.46157 2
      vertex 7.07107 -7.07107 2
    endloop
  endfacet
  facet normal -0 0 1
    outer loop
      vertex 3.71231 -3.71231 2
      vertex 7.07107 -7.07107 2
      vertex 3.94716 -3.46157 2
    endloop
  endfacet
  facet normal 0 0 1
    outer loop
      vertex 7.07107 -7.07107 2
      vertex 3.71231 -3.71231 2
      vertex 6.59346 -7.5184 2
    endloop
  endfacet
  facet normal -0 0 1
    outer loop
      vertex 3.46157 -3.94716 2
      vertex 6.59346 -7.5184 2
      vertex 3.71231 -3.71231 2
    endloop
  endfacet
  facet normal 0 0 1
    outer loop
      vertex 6.59346 -7.5184 2
      vertex 3.46157 -3.94716 2
      vertex 6.08761 -7.93353 2
    endloop
  endfacet
  facet normal -0 0 1
    outer loop
      vertex 3.196 -4.1651 2
      vertex 6.08761 -7.93353 2
      vertex 3.46157 -3.94716 2
    endloop
  endfacet
  facet normal 0 0 1
    outer loop
      vertex 6.08761 -7.93353 2
      vertex 3.196 -4.1651 2
      vertex 5.5557 -8.3147 2
    endloop
  endfacet
  facet normal -0 0 1
    outer loop
      vertex 2.91674 -4.36522 2
      vertex 5.5557 -8.3147 2
      vertex 3.196 -4.1651 2
    endloop
  endfacet
  facet normal 0 0 1
    outer loop
      vertex 5.5557 -8.3147 2
      vertex 2.91674 -4.36522 2
      vertex 5 -8.66025 2
    endloop
  endfacet
  facet normal -0 0 1
    outer loop
      vertex 2.625 -4.54663 2
      vertex 5 -8.66025 2
      vertex 2.91674 -4.36522 2
    endloop
  endfacet
  facet normal 0 0 1
    outer loop
      vertex 5 -8.66025 2
      vertex 2.625 -4.54663 2
      vertex 4.42289 -8.96873 2
    endloop
  endfacet
  facet normal -0 0 1
    outer loop
      vertex 2.32201 -4.70858 2
      vertex 4.42289 -8.96873 2
      vertex 2.625 -4.54663 2
    endloop
  endfacet
  facet normal 0 0 1
    outer loop
      vertex 4.42289 -8.96873 2
      vertex 2.32201 -4.70858 2
      vertex 3.82683 -9.2388 2
    endloop
  endfacet
  facet normal -0 0 1
    outer loop
      vertex 2.00909 -4.85037 2
      vertex 3.82683 -9.2388 2
      vertex 2.32201 -4.70858 2
    endloop
  endfacet
  facet normal 0 0 1
    outer loop
      vertex 3.82683 -9.2388 2
      vertex 2.00909 -4.85037 2
      vertex 3.21439 -9.4693 2
    endloop
  endfacet
  facet normal -0 0 1
    outer loop
      vertex 1.68756 -4.97138 2
      vertex 3.21439 -9.4693 2
      vertex 2.00909 -4.85037 2
    endloop
  endfacet
  facet normal 0 0 1
    outer loop
      vertex 3.21439 -9.4693 2
      vertex 1.68756 -4.97138 2
      vertex 2.58819 -9.65926 2
    endloop
  endfacet
  facet normal -0 0 1
    outer loop
      vertex 1.3588 -5.07111 2
      vertex 2.58819 -9.65926 2
      vertex 1.68756 -4.97138 2
    endloop
  endfacet
  facet normal 0 0 1
    outer loop
      vertex 2.58819 -9.65926 2
      vertex 1.3588 -5.07111 2
      vertex 1.9509 -9.80785 2
    endloop
  endfacet
  facet normal -0 0 1
    outer loop
      vertex 1.02422 -5.14912 2
      vertex 1.9509 -9.80785 2
      vertex 1.3588 -5.07111 2
    endloop
  endfacet
  facet normal 0 0 1
    outer loop
      vertex 1.9509 -9.80785 2
      vertex 1.02422 -5.14912 2
      vertex 1.30526 -9.91445 2
    endloop
  endfacet
  facet normal -0 0 1
    outer loop
      vertex 0.685262 -5.20508 2
      vertex 1.30526 -9.91445 2
      vertex 1.02422 -5.14912 2
    endloop
  endfacet
  facet normal 0 0 1
    outer loop
      vertex 0.685262 -5.20508 2
      vertex 0.654031 -9.97859 2
      vertex 1.30526 -9.91445 2
    endloop
  endfacet
  facet normal -0 0 1
    outer loop
      vertex 0.343366 -5.23876 2
      vertex 0.654031 -9.97859 2
      vertex 0.685262 -5.20508 2
    endloop
  endfacet
  facet normal -0 0 1
    outer loop
      vertex 0 -5.25 2
      vertex 0.654031 -9.97859 2
      vertex 0.343366 -5.23876 2
    endloop
  endfacet
  facet normal 0 0 1
    outer loop
      vertex 0 -5.25 2
      vertex 0 -10 2
      vertex 0.654031 -9.97859 2
    endloop
  endfacet
  facet normal 0 0 1
    outer loop
      vertex -0.343366 -5.23876 2
      vertex 0 -10 2
      vertex 0 -5.25 2
    endloop
  endfacet
  facet normal 0 0 1
    outer loop
      vertex -0.343366 -5.23876 2
      vertex -0.654031 -9.97859 2
      vertex 0 -10 2
    endloop
  endfacet
  facet normal 0 0 1
    outer loop
      vertex -0.685262 -5.20508 2
      vertex -0.654031 -9.97859 2
      vertex -0.343366 -5.23876 2
    endloop
  endfacet
  facet normal 0 0 1
    outer loop
      vertex -1.30526 -9.91445 2
      vertex -0.685262 -5.20508 2
      vertex -1.02422 -5.14912 2
    endloop
  endfacet
  facet normal 0 0 1
    outer loop
      vertex -0.685262 -5.20508 2
      vertex -1.30526 -9.91445 2
      vertex -0.654031 -9.97859 2
    endloop
  endfacet
  facet normal 0 0 1
    outer loop
      vertex -1.9509 -9.80785 2
      vertex -1.02422 -5.14912 2
      vertex -1.3588 -5.07111 2
    endloop
  endfacet
  facet normal 0 0 1
    outer loop
      vertex -2.58819 -9.65926 2
      vertex -1.3588 -5.07111 2
      vertex -1.68756 -4.97138 2
    endloop
  endfacet
  facet normal 0 0 1
    outer loop
      vertex -1.02422 -5.14912 2
      vertex -1.9509 -9.80785 2
      vertex -1.30526 -9.91445 2
    endloop
  endfacet
  facet normal 0 0 1
    outer loop
      vertex -3.21439 -9.4693 2
      vertex -1.68756 -4.97138 2
      vertex -2.00909 -4.85037 2
    endloop
  endfacet
  facet normal 0 0 1
    outer loop
      vertex -3.82683 -9.2388 2
      vertex -2.00909 -4.85037 2
      vertex -2.32201 -4.70858 2
    endloop
  endfacet
  facet normal 0 0 1
    outer loop
      vertex -1.3588 -5.07111 2
      vertex -2.58819 -9.65926 2
      vertex -1.9509 -9.80785 2
    endloop
  endfacet
  facet normal 0 0 1
    outer loop
      vertex -4.42289 -8.96873 2
      vertex -2.32201 -4.70858 2
      vertex -2.625 -4.54663 2
    endloop
  endfacet
  facet normal 0 0 1
    outer loop
      vertex -5 -8.66025 2
      vertex -2.625 -4.54663 2
      vertex -2.91674 -4.36522 2
    endloop
  endfacet
  facet normal 0 0 1
    outer loop
      vertex -5.5557 -8.3147 2
      vertex -2.91674 -4.36522 2
      vertex -3.196 -4.1651 2
    endloop
  endfacet
  facet normal 0 0 1
    outer loop
      vertex -1.68756 -4.97138 2
      vertex -3.21439 -9.4693 2
      vertex -2.58819 -9.65926 2
    endloop
  endfacet
  facet normal 0 0 1
    outer loop
      vertex -6.08761 -7.93353 2
      vertex -3.196 -4.1651 2
      vertex -3.46157 -3.94716 2
    endloop
  endfacet
  facet normal 0 0 1
    outer loop
      vertex -6.59346 -7.5184 2
      vertex -3.46157 -3.94716 2
      vertex -3.71231 -3.71231 2
    endloop
  endfacet
  facet normal 0 0 1
    outer loop
      vertex -2.00909 -4.85037 2
      vertex -3.82683 -9.2388 2
      vertex -3.21439 -9.4693 2
    endloop
  endfacet
  facet normal 0 0 1
    outer loop
      vertex -7.07107 -7.07107 2
      vertex -3.71231 -3.71231 2
      vertex -3.94716 -3.46157 2
    endloop
  endfacet
  facet normal 0 0 1
    outer loop
      vertex -7.5184 -6.59346 2
      vertex -3.94716 -3.46157 2
      vertex -4.1651 -3.196 2
    endloop
  endfacet
  facet normal 0 0 1
    outer loop
      vertex -7.93353 -6.08761 2
      vertex -4.1651 -3.196 2
      vertex -4.36522 -2.91674 2
    endloop
  endfacet
  facet normal 0 0 1
    outer loop
      vertex -2.32201 -4.70858 2
      vertex -4.42289 -8.96873 2
      vertex -3.82683 -9.2388 2
    endloop
  endfacet
  facet normal 0 0 1
    outer loop
      vertex -8.3147 -5.5557 2
      vertex -4.36522 -2.91674 2
      vertex -4.54663 -2.625 2
    endloop
  endfacet
  facet normal 0 0 1
    outer loop
      vertex -8.66025 -5 2
      vertex -4.54663 -2.625 2
      vertex -4.70858 -2.32201 2
    endloop
  endfacet
  facet normal 0 0 1
    outer loop
      vertex -8.96873 -4.42289 2
      vertex -4.70858 -2.32201 2
      vertex -4.85037 -2.00909 2
    endloop
  endfacet
  facet normal 0 0 1
    outer loop
      vertex -9.2388 -3.82683 2
      vertex -4.85037 -2.00909 2
      vertex -4.97138 -1.68756 2
    endloop
  endfacet
  facet normal 0 0 1
    outer loop
      vertex -2.625 -4.54663 2
      vertex -5 -8.66025 2
      vertex -4.42289 -8.96873 2
    endloop
  endfacet
  facet normal 0 0 1
    outer loop
      vertex -9.4693 -3.21439 2
      vertex -4.97138 -1.68756 2
      vertex -5.07111 -1.3588 2
    endloop
  endfacet
  facet normal 0 0 1
    outer loop
      vertex -9.65926 -2.58819 2
      vertex -5.07111 -1.3588 2
      vertex -5.14912 -1.02422 2
    endloop
  endfacet
  facet normal 0 0 1
    outer loop
      vertex -9.80785 -1.9509 2
      vertex -5.14912 -1.02422 2
      vertex -5.20508 -0.685262 2
    endloop
  endfacet
  facet normal 0 0 1
    outer loop
      vertex -9.91445 -1.30526 2
      vertex -5.20508 -0.685262 2
      vertex -5.23876 -0.343366 2
    endloop
  endfacet
  facet normal 0 0 1
    outer loop
      vertex -9.97859 -0.654031 2
      vertex -5.23876 -0.343366 2
      vertex -5.25 0 2
    endloop
  endfacet
  facet normal -0 0 1
    outer loop
      vertex -8.96873 4.42289 2
      vertex -4.70858 2.32201 2
      vertex -8.66025 5 2
    endloop
  endfacet
  facet normal 0 0 1
    outer loop
      vertex -2.91674 -4.36522 2
      vertex -5.5557 -8.3147 2
      vertex -5 -8.66025 2
    endloop
  endfacet
  facet normal 0 0 1
    outer loop
      vertex -4.70858 2.32201 2
      vertex -8.96873 4.42289 2
      vertex -4.85037 2.00909 2
    endloop
  endfacet
  facet normal 0 0 1
    outer loop
      vertex -3.196 -4.1651 2
      vertex -6.08761 -7.93353 2
      vertex -5.5557 -8.3147 2
    endloop
  endfacet
  facet normal -0 0 1
    outer loop
      vertex -9.2388 3.82683 2
      vertex -4.85037 2.00909 2
      vertex -8.96873 4.42289 2
    endloop
  endfacet
  facet normal 0 0 1
    outer loop
      vertex -3.46157 -3.94716 2
      vertex -6.59346 -7.5184 2
      vertex -6.08761 -7.93353 2
    endloop
  endfacet
  facet normal 0 0 1
    outer loop
      vertex -4.85037 2.00909 2
      vertex -9.2388 3.82683 2
      vertex -4.97138 1.68756 2
    endloop
  endfacet
  facet normal 0 0 1
    outer loop
      vertex -3.71231 -3.71231 2
      vertex -7.07107 -7.07107 2
      vertex -6.59346 -7.5184 2
    endloop
  endfacet
  facet normal -0 0 1
    outer loop
      vertex -9.4693 3.21439 2
      vertex -4.97138 1.68756 2
      vertex -9.2388 3.82683 2
    endloop
  endfacet
  facet normal 0 0 1
    outer loop
      vertex -3.94716 -3.46157 2
      vertex -7.5184 -6.59346 2
      vertex -7.07107 -7.07107 2
    endloop
  endfacet
  facet normal 0 0 1
    outer loop
      vertex -4.97138 1.68756 2
      vertex -9.4693 3.21439 2
      vertex -5.07111 1.3588 2
    endloop
  endfacet
  facet normal 0 0 1
    outer loop
      vertex -4.1651 -3.196 2
      vertex -7.93353 -6.08761 2
      vertex -7.5184 -6.59346 2
    endloop
  endfacet
  facet normal -0 0 1
    outer loop
      vertex -9.65926 2.58819 2
      vertex -5.07111 1.3588 2
      vertex -9.4693 3.21439 2
    endloop
  endfacet
  facet normal 0 0 1
    outer loop
      vertex -4.36522 -2.91674 2
      vertex -8.3147 -5.5557 2
      vertex -7.93353 -6.08761 2
    endloop
  endfacet
  facet normal 0 0 1
    outer loop
      vertex -5.07111 1.3588 2
      vertex -9.65926 2.58819 2
      vertex -5.14912 1.02422 2
    endloop
  endfacet
  facet normal 0 0 1
    outer loop
      vertex -4.54663 -2.625 2
      vertex -8.66025 -5 2
      vertex -8.3147 -5.5557 2
    endloop
  endfacet
  facet normal -0 0 1
    outer loop
      vertex -9.80785 1.9509 2
      vertex -5.14912 1.02422 2
      vertex -9.65926 2.58819 2
    endloop
  endfacet
  facet normal 0 0 1
    outer loop
      vertex -4.70858 -2.32201 2
      vertex -8.96873 -4.42289 2
      vertex -8.66025 -5 2
    endloop
  endfacet
  facet normal 0 0 1
    outer loop
      vertex -5.14912 1.02422 2
      vertex -9.80785 1.9509 2
      vertex -5.20508 0.685262 2
    endloop
  endfacet
  facet normal 0 0 1
    outer loop
      vertex -4.85037 -2.00909 2
      vertex -9.2388 -3.82683 2
      vertex -8.96873 -4.42289 2
    endloop
  endfacet
  facet normal -0 0 1
    outer loop
      vertex -9.91445 1.30526 2
      vertex -5.20508 0.685262 2
      vertex -9.80785 1.9509 2
    endloop
  endfacet
  facet normal 0 0 1
    outer loop
      vertex -4.97138 -1.68756 2
      vertex -9.4693 -3.21439 2
      vertex -9.2388 -3.82683 2
    endloop
  endfacet
  facet normal 0 0 1
    outer loop
      vertex -5.20508 0.685262 2
      vertex -9.91445 1.30526 2
      vertex -5.23876 0.343366 2
    endloop
  endfacet
  facet normal 0 0 1
    outer loop
      vertex -5.07111 -1.3588 2
      vertex -9.65926 -2.58819 2
      vertex -9.4693 -3.21439 2
    endloop
  endfacet
  facet normal -0 0 1
    outer loop
      vertex -9.97859 0.654031 2
      vertex -5.23876 0.343366 2
      vertex -9.91445 1.30526 2
    endloop
  endfacet
  facet normal 0 0 1
    outer loop
      vertex -5.14912 -1.02422 2
      vertex -9.80785 -1.9509 2
      vertex -9.65926 -2.58819 2
    endloop
  endfacet
  facet normal 0 0 1
    outer loop
      vertex -5.23876 0.343366 2
      vertex -9.97859 0.654031 2
      vertex -5.25 0 2
    endloop
  endfacet
  facet normal 0 0 1
    outer loop
      vertex -5.20508 -0.685262 2
      vertex -9.91445 -1.30526 2
      vertex -9.80785 -1.9509 2
    endloop
  endfacet
  facet normal 0 0 1
    outer loop
      vertex -10 0 2
      vertex -5.25 0 2
      vertex -9.97859 0.654031 2
    endloop
  endfacet
  facet normal 0 0 1
    outer loop
      vertex -5.23876 -0.343366 2
      vertex -9.97859 -0.654031 2
      vertex -9.91445 -1.30526 2
    endloop
  endfacet
  facet normal 0 0 1
    outer loop
      vertex -5.25 0 2
      vertex -10 0 2
      vertex -9.97859 -0.654031 2
    endloop
  endfacet
  facet normal -0.81284 0.582486 0
    outer loop
      vertex -8.3147 5.5557 0
      vertex -7.93353 6.08761 2
      vertex -7.93353 6.08761 0
    endloop
  endfacet
  facet normal -0.81284 0.582486 0
    outer loop
      vertex -7.93353 6.08761 2
      vertex -8.3147 5.5557 0
      vertex -8.3147 5.5557 2
    endloop
  endfacet
  facet normal -0.729865 -0.683592 0
    outer loop
      vertex -7.07107 -7.07107 0
      vertex -7.5184 -6.59346 2
      vertex -7.5184 -6.59346 0
    endloop
  endfacet
  facet normal -0.729865 -0.683592 0
    outer loop
      vertex -7.5184 -6.59346 2
      vertex -7.07107 -7.07107 0
      vertex -7.07107 -7.07107 2
    endloop
  endfacet
  facet normal -0.0327179 -0.999465 0
    outer loop
      vertex -0.654031 -9.97859 0
      vertex 0 -10 2
      vertex -0.654031 -9.97859 2
    endloop
  endfacet
  facet normal -0.0327179 -0.999465 -0
    outer loop
      vertex 0 -10 2
      vertex -0.654031 -9.97859 0
      vertex 0 -10 0
    endloop
  endfacet
  facet normal 0.582486 -0.81284 0
    outer loop
      vertex 5.5557 -8.3147 0
      vertex 6.08761 -7.93353 2
      vertex 5.5557 -8.3147 2
    endloop
  endfacet
  facet normal 0.582486 -0.81284 0
    outer loop
      vertex 6.08761 -7.93353 2
      vertex 5.5557 -8.3147 0
      vertex 6.08761 -7.93353 0
    endloop
  endfacet
  facet normal -0.995185 -0.0980164 0
    outer loop
      vertex -9.91445 -1.30526 0
      vertex -9.97859 -0.654031 2
      vertex -9.97859 -0.654031 0
    endloop
  endfacet
  facet normal -0.995185 -0.0980164 0
    outer loop
      vertex -9.97859 -0.654031 2
      vertex -9.91445 -1.30526 0
      vertex -9.91445 -1.30526 2
    endloop
  endfacet
  facet normal 0.0980164 0.995185 -0
    outer loop
      vertex 1.30526 9.91445 0
      vertex 0.654031 9.97859 2
      vertex 1.30526 9.91445 2
    endloop
  endfacet
  facet normal 0.0980164 0.995185 0
    outer loop
      vertex 0.654031 9.97859 2
      vertex 1.30526 9.91445 0
      vertex 0.654031 9.97859 0
    endloop
  endfacet
  facet normal 0 0 -1
    outer loop
      vertex 5.25 0 0
      vertex 10 0 0
      vertex 9.97859 -0.654031 0
    endloop
  endfacet
  facet normal 0 0 -1
    outer loop
      vertex 5.23876 -0.343366 0
      vertex 9.97859 -0.654031 0
      vertex 9.91445 -1.30526 0
    endloop
  endfacet
  facet normal 0 0 -1
    outer loop
      vertex 10 0 0
      vertex 5.25 0 0
      vertex 9.97859 0.654031 0
    endloop
  endfacet
  facet normal 0 0 -1
    outer loop
      vertex 5.20508 -0.685262 0
      vertex 9.91445 -1.30526 0
      vertex 9.80785 -1.9509 0
    endloop
  endfacet
  facet normal 0 0 -1
    outer loop
      vertex 5.23876 0.343366 0
      vertex 9.97859 0.654031 0
      vertex 5.25 0 0
    endloop
  endfacet
  facet normal 0 0 -1
    outer loop
      vertex 5.14912 -1.02422 0
      vertex 9.80785 -1.9509 0
      vertex 9.65926 -2.58819 0
    endloop
  endfacet
  facet normal -0 0 -1
    outer loop
      vertex 9.97859 0.654031 0
      vertex 5.23876 0.343366 0
      vertex 9.91445 1.30526 0
    endloop
  endfacet
  facet normal 0 0 -1
    outer loop
      vertex 5.07111 -1.3588 0
      vertex 9.65926 -2.58819 0
      vertex 9.4693 -3.21439 0
    endloop
  endfacet
  facet normal 0 0 -1
    outer loop
      vertex 5.20508 0.685262 0
      vertex 9.91445 1.30526 0
      vertex 5.23876 0.343366 0
    endloop
  endfacet
  facet normal 0 0 -1
    outer loop
      vertex 4.97138 -1.68756 0
      vertex 9.4693 -3.21439 0
      vertex 9.2388 -3.82683 0
    endloop
  endfacet
  facet normal -0 0 -1
    outer loop
      vertex 9.91445 1.30526 0
      vertex 5.20508 0.685262 0
      vertex 9.80785 1.9509 0
    endloop
  endfacet
  facet normal 0 0 -1
    outer loop
      vertex 4.85037 -2.00909 0
      vertex 9.2388 -3.82683 0
      vertex 8.96873 -4.42289 0
    endloop
  endfacet
  facet normal 0 0 -1
    outer loop
      vertex 5.14912 1.02422 0
      vertex 9.80785 1.9509 0
      vertex 5.20508 0.685262 0
    endloop
  endfacet
  facet normal 0 0 -1
    outer loop
      vertex 4.70858 -2.32201 0
      vertex 8.96873 -4.42289 0
      vertex 8.66025 -5 0
    endloop
  endfacet
  facet normal -0 0 -1
    outer loop
      vertex 9.80785 1.9509 0
      vertex 5.14912 1.02422 0
      vertex 9.65926 2.58819 0
    endloop
  endfacet
  facet normal 0 0 -1
    outer loop
      vertex 4.54663 -2.625 0
      vertex 8.66025 -5 0
      vertex 8.3147 -5.5557 0
    endloop
  endfacet
  facet normal 0 0 -1
    outer loop
      vertex 5.07111 1.3588 0
      vertex 9.65926 2.58819 0
      vertex 5.14912 1.02422 0
    endloop
  endfacet
  facet normal 0 0 -1
    outer loop
      vertex 4.36522 -2.91674 0
      vertex 8.3147 -5.5557 0
      vertex 7.93353 -6.08761 0
    endloop
  endfacet
  facet normal -0 0 -1
    outer loop
      vertex 9.65926 2.58819 0
      vertex 5.07111 1.3588 0
      vertex 9.4693 3.21439 0
    endloop
  endfacet
  facet normal 0 0 -1
    outer loop
      vertex 4.1651 -3.196 0
      vertex 7.93353 -6.08761 0
      vertex 7.5184 -6.59346 0
    endloop
  endfacet
  facet normal 0 0 -1
    outer loop
      vertex 4.97138 1.68756 0
      vertex 9.4693 3.21439 0
      vertex 5.07111 1.3588 0
    endloop
  endfacet
  facet normal 0 0 -1
    outer loop
      vertex 3.94716 -3.46157 0
      vertex 7.5184 -6.59346 0
      vertex 7.07107 -7.07107 0
    endloop
  endfacet
  facet normal -0 0 -1
    outer loop
      vertex 9.4693 3.21439 0
      vertex 4.97138 1.68756 0
      vertex 9.2388 3.82683 0
    endloop
  endfacet
  facet normal 0 0 -1
    outer loop
      vertex 3.71231 -3.71231 0
      vertex 7.07107 -7.07107 0
      vertex 6.59346 -7.5184 0
    endloop
  endfacet
  facet normal 0 0 -1
    outer loop
      vertex 4.85037 2.00909 0
      vertex 9.2388 3.82683 0
      vertex 4.97138 1.68756 0
    endloop
  endfacet
  facet normal 0 0 -1
    outer loop
      vertex 3.46157 -3.94716 0
      vertex 6.59346 -7.5184 0
      vertex 6.08761 -7.93353 0
    endloop
  endfacet
  facet normal -0 0 -1
    outer loop
      vertex 9.2388 3.82683 0
      vertex 4.85037 2.00909 0
      vertex 8.96873 4.42289 0
    endloop
  endfacet
  facet normal 0 0 -1
    outer loop
      vertex 3.196 -4.1651 0
      vertex 6.08761 -7.93353 0
      vertex 5.5557 -8.3147 0
    endloop
  endfacet
  facet normal 0 0 -1
    outer loop
      vertex 4.70858 2.32201 0
      vertex 8.96873 4.42289 0
      vertex 4.85037 2.00909 0
    endloop
  endfacet
  facet normal -0 0 -1
    outer loop
      vertex 8.96873 4.42289 0
      vertex 4.70858 2.32201 0
      vertex 8.66025 5 0
    endloop
  endfacet
  facet normal 0 0 -1
    outer loop
      vertex 9.97859 -0.654031 0
      vertex 5.23876 -0.343366 0
      vertex 5.25 0 0
    endloop
  endfacet
  facet normal 0 0 -1
    outer loop
      vertex 9.91445 -1.30526 0
      vertex 5.20508 -0.685262 0
      vertex 5.23876 -0.343366 0
    endloop
  endfacet
  facet normal 0 0 -1
    outer loop
      vertex 9.80785 -1.9509 0
      vertex 5.14912 -1.02422 0
      vertex 5.20508 -0.685262 0
    endloop
  endfacet
  facet normal 0 0 -1
    outer loop
      vertex 9.65926 -2.58819 0
      vertex 5.07111 -1.3588 0
      vertex 5.14912 -1.02422 0
    endloop
  endfacet
  facet normal 0 0 -1
    outer loop
      vertex 2.91674 -4.36522 0
      vertex 5.5557 -8.3147 0
      vertex 5 -8.66025 0
    endloop
  endfacet
  facet normal 0 0 -1
    outer loop
      vertex 9.4693 -3.21439 0
      vertex 4.97138 -1.68756 0
      vertex 5.07111 -1.3588 0
    endloop
  endfacet
  facet normal 0 0 -1
    outer loop
      vertex 9.2388 -3.82683 0
      vertex 4.85037 -2.00909 0
      vertex 4.97138 -1.68756 0
    endloop
  endfacet
  facet normal 0 0 -1
    outer loop
      vertex 8.96873 -4.42289 0
      vertex 4.70858 -2.32201 0
      vertex 4.85037 -2.00909 0
    endloop
  endfacet
  facet normal 0 0 -1
    outer loop
      vertex 8.66025 -5 0
      vertex 4.54663 -2.625 0
      vertex 4.70858 -2.32201 0
    endloop
  endfacet
  facet normal 0 0 -1
    outer loop
      vertex 2.625 -4.54663 0
      vertex 5 -8.66025 0
      vertex 4.42289 -8.96873 0
    endloop
  endfacet
  facet normal 0 0 -1
    outer loop
      vertex 8.3147 -5.5557 0
      vertex 4.36522 -2.91674 0
      vertex 4.54663 -2.625 0
    endloop
  endfacet
  facet normal 0 0 -1
    outer loop
      vertex 7.93353 -6.08761 0
      vertex 4.1651 -3.196 0
      vertex 4.36522 -2.91674 0
    endloop
  endfacet
  facet normal 0 0 -1
    outer loop
      vertex 7.5184 -6.59346 0
      vertex 3.94716 -3.46157 0
      vertex 4.1651 -3.196 0
    endloop
  endfacet
  facet normal 0 0 -1
    outer loop
      vertex 2.32201 -4.70858 0
      vertex 4.42289 -8.96873 0
      vertex 3.82683 -9.2388 0
    endloop
  endfacet
  facet normal 0 0 -1
    outer loop
      vertex 7.07107 -7.07107 0
      vertex 3.71231 -3.71231 0
      vertex 3.94716 -3.46157 0
    endloop
  endfacet
  facet normal 0 0 -1
    outer loop
      vertex 6.59346 -7.5184 0
      vertex 3.46157 -3.94716 0
      vertex 3.71231 -3.71231 0
    endloop
  endfacet
  facet normal 0 0 -1
    outer loop
      vertex 2.00909 -4.85037 0
      vertex 3.82683 -9.2388 0
      vertex 3.21439 -9.4693 0
    endloop
  endfacet
  facet normal 0 0 -1
    outer loop
      vertex 6.08761 -7.93353 0
      vertex 3.196 -4.1651 0
      vertex 3.46157 -3.94716 0
    endloop
  endfacet
  facet normal 0 0 -1
    outer loop
      vertex 5.5557 -8.3147 0
      vertex 2.91674 -4.36522 0
      vertex 3.196 -4.1651 0
    endloop
  endfacet
  facet normal 0 0 -1
    outer loop
      vertex 5 -8.66025 0
      vertex 2.625 -4.54663 0
      vertex 2.91674 -4.36522 0
    endloop
  endfacet
  facet normal 0 0 -1
    outer loop
      vertex 1.68756 -4.97138 0
      vertex 3.21439 -9.4693 0
      vertex 2.58819 -9.65926 0
    endloop
  endfacet
  facet normal 0 0 -1
    outer loop
      vertex 4.42289 -8.96873 0
      vertex 2.32201 -4.70858 0
      vertex 2.625 -4.54663 0
    endloop
  endfacet
  facet normal 0 0 -1
    outer loop
      vertex 3.82683 -9.2388 0
      vertex 2.00909 -4.85037 0
      vertex 2.32201 -4.70858 0
    endloop
  endfacet
  facet normal 0 0 -1
    outer loop
      vertex 1.3588 -5.07111 0
      vertex 2.58819 -9.65926 0
      vertex 1.9509 -9.80785 0
    endloop
  endfacet
  facet normal 0 0 -1
    outer loop
      vertex 3.21439 -9.4693 0
      vertex 1.68756 -4.97138 0
      vertex 2.00909 -4.85037 0
    endloop
  endfacet
  facet normal 0 0 -1
    outer loop
      vertex 2.58819 -9.65926 0
      vertex 1.3588 -5.07111 0
      vertex 1.68756 -4.97138 0
    endloop
  endfacet
  facet normal 0 0 -1
    outer loop
      vertex 1.02422 -5.14912 0
      vertex 1.9509 -9.80785 0
      vertex 1.30526 -9.91445 0
    endloop
  endfacet
  facet normal 0 0 -1
    outer loop
      vertex 1.9509 -9.80785 0
      vertex 1.02422 -5.14912 0
      vertex 1.3588 -5.07111 0
    endloop
  endfacet
  facet normal 0 0 -1
    outer loop
      vertex 1.30526 -9.91445 0
      vertex 0.685262 -5.20508 0
      vertex 1.02422 -5.14912 0
    endloop
  endfacet
  facet normal 0 0 -1
    outer loop
      vertex 0.654031 -9.97859 0
      vertex 0.685262 -5.20508 0
      vertex 1.30526 -9.91445 0
    endloop
  endfacet
  facet normal 0 0 -1
    outer loop
      vertex 0.654031 -9.97859 0
      vertex 0.343366 -5.23876 0
      vertex 0.685262 -5.20508 0
    endloop
  endfacet
  facet normal 0 0 -1
    outer loop
      vertex 0 -10 0
      vertex 0.343366 -5.23876 0
      vertex 0.654031 -9.97859 0
    endloop
  endfacet
  facet normal 0 0 -1
    outer loop
      vertex 0 -10 0
      vertex 0 -5.25 0
      vertex 0.343366 -5.23876 0
    endloop
  endfacet
  facet normal 0 0 -1
    outer loop
      vertex 0 -10 0
      vertex -0.343366 -5.23876 0
      vertex 0 -5.25 0
    endloop
  endfacet
  facet normal 0 0 -1
    outer loop
      vertex -0.654031 -9.97859 0
      vertex -0.343366 -5.23876 0
      vertex 0 -10 0
    endloop
  endfacet
  facet normal 0 0 -1
    outer loop
      vertex -0.654031 -9.97859 0
      vertex -0.685262 -5.20508 0
      vertex -0.343366 -5.23876 0
    endloop
  endfacet
  facet normal 0 0 -1
    outer loop
      vertex -1.30526 -9.91445 0
      vertex -0.685262 -5.20508 0
      vertex -0.654031 -9.97859 0
    endloop
  endfacet
  facet normal -0 0 -1
    outer loop
      vertex -0.685262 -5.20508 0
      vertex -1.30526 -9.91445 0
      vertex -1.02422 -5.14912 0
    endloop
  endfacet
  facet normal 0 0 -1
    outer loop
      vertex -1.9509 -9.80785 0
      vertex -1.02422 -5.14912 0
      vertex -1.30526 -9.91445 0
    endloop
  endfacet
  facet normal -0 0 -1
    outer loop
      vertex -1.02422 -5.14912 0
      vertex -1.9509 -9.80785 0
      vertex -1.3588 -5.07111 0
    endloop
  endfacet
  facet normal 0 0 -1
    outer loop
      vertex -2.58819 -9.65926 0
      vertex -1.3588 -5.07111 0
      vertex -1.9509 -9.80785 0
    endloop
  endfacet
  facet normal -0 0 -1
    outer loop
      vertex -1.3588 -5.07111 0
      vertex -2.58819 -9.65926 0
      vertex -1.68756 -4.97138 0
    endloop
  endfacet
  facet normal 0 0 -1
    outer loop
      vertex -3.21439 -9.4693 0
      vertex -1.68756 -4.97138 0
      vertex -2.58819 -9.65926 0
    endloop
  endfacet
  facet normal -0 0 -1
    outer loop
      vertex -1.68756 -4.97138 0
      vertex -3.21439 -9.4693 0
      vertex -2.00909 -4.85037 0
    endloop
  endfacet
  facet normal 0 0 -1
    outer loop
      vertex -3.82683 -9.2388 0
      vertex -2.00909 -4.85037 0
      vertex -3.21439 -9.4693 0
    endloop
  endfacet
  facet normal -0 0 -1
    outer loop
      vertex -2.00909 -4.85037 0
      vertex -3.82683 -9.2388 0
      vertex -2.32201 -4.70858 0
    endloop
  endfacet
  facet normal 0 0 -1
    outer loop
      vertex -4.42289 -8.96873 0
      vertex -2.32201 -4.70858 0
      vertex -3.82683 -9.2388 0
    endloop
  endfacet
  facet normal -0 0 -1
    outer loop
      vertex -2.32201 -4.70858 0
      vertex -4.42289 -8.96873 0
      vertex -2.625 -4.54663 0
    endloop
  endfacet
  facet normal 0 0 -1
    outer loop
      vertex -5 -8.66025 0
      vertex -2.625 -4.54663 0
      vertex -4.42289 -8.96873 0
    endloop
  endfacet
  facet normal -0 0 -1
    outer loop
      vertex -2.625 -4.54663 0
      vertex -5 -8.66025 0
      vertex -2.91674 -4.36522 0
    endloop
  endfacet
  facet normal 0 0 -1
    outer loop
      vertex -5.5557 -8.3147 0
      vertex -2.91674 -4.36522 0
      vertex -5 -8.66025 0
    endloop
  endfacet
  facet normal -0 0 -1
    outer loop
      vertex -2.91674 -4.36522 0
      vertex -5.5557 -8.3147 0
      vertex -3.196 -4.1651 0
    endloop
  endfacet
  facet normal 0 0 -1
    outer loop
      vertex -6.08761 -7.93353 0
      vertex -3.196 -4.1651 0
      vertex -5.5557 -8.3147 0
    endloop
  endfacet
  facet normal -0 0 -1
    outer loop
      vertex -3.196 -4.1651 0
      vertex -6.08761 -7.93353 0
      vertex -3.46157 -3.94716 0
    endloop
  endfacet
  facet normal 0 0 -1
    outer loop
      vertex -6.59346 -7.5184 0
      vertex -3.46157 -3.94716 0
      vertex -6.08761 -7.93353 0
    endloop
  endfacet
  facet normal -0 0 -1
    outer loop
      vertex -3.46157 -3.94716 0
      vertex -6.59346 -7.5184 0
      vertex -3.71231 -3.71231 0
    endloop
  endfacet
  facet normal 0 0 -1
    outer loop
      vertex -7.07107 -7.07107 0
      vertex -3.71231 -3.71231 0
      vertex -6.59346 -7.5184 0
    endloop
  endfacet
  facet normal -0 0 -1
    outer loop
      vertex -3.71231 -3.71231 0
      vertex -7.07107 -7.07107 0
      vertex -3.94716 -3.46157 0
    endloop
  endfacet
  facet normal 0 0 -1
    outer loop
      vertex -7.5184 -6.59346 0
      vertex -3.94716 -3.46157 0
      vertex -7.07107 -7.07107 0
    endloop
  endfacet
  facet normal -0 0 -1
    outer loop
      vertex -3.94716 -3.46157 0
      vertex -7.5184 -6.59346 0
      vertex -4.1651 -3.196 0
    endloop
  endfacet
  facet normal 0 0 -1
    outer loop
      vertex -7.93353 -6.08761 0
      vertex -4.1651 -3.196 0
      vertex -7.5184 -6.59346 0
    endloop
  endfacet
  facet normal -0 0 -1
    outer loop
      vertex -4.1651 -3.196 0
      vertex -7.93353 -6.08761 0
      vertex -4.36522 -2.91674 0
    endloop
  endfacet
  facet normal 0 0 -1
    outer loop
      vertex -8.3147 -5.5557 0
      vertex -4.36522 -2.91674 0
      vertex -7.93353 -6.08761 0
    endloop
  endfacet
  facet normal -0 0 -1
    outer loop
      vertex -4.36522 -2.91674 0
      vertex -8.3147 -5.5557 0
      vertex -4.54663 -2.625 0
    endloop
  endfacet
  facet normal 0 0 -1
    outer loop
      vertex -8.66025 -5 0
      vertex -4.54663 -2.625 0
      vertex -8.3147 -5.5557 0
    endloop
  endfacet
  facet normal -0 0 -1
    outer loop
      vertex -4.54663 -2.625 0
      vertex -8.66025 -5 0
      vertex -4.70858 -2.32201 0
    endloop
  endfacet
  facet normal 0 0 -1
    outer loop
      vertex 4.54663 2.625 0
      vertex 8.66025 5 0
      vertex 4.70858 2.32201 0
    endloop
  endfacet
  facet normal -0 0 -1
    outer loop
      vertex 8.66025 5 0
      vertex 4.54663 2.625 0
      vertex 8.3147 5.5557 0
    endloop
  endfacet
  facet normal 0 0 -1
    outer loop
      vertex 4.36522 2.91674 0
      vertex 8.3147 5.5557 0
      vertex 4.54663 2.625 0
    endloop
  endfacet
  facet normal -0 0 -1
    outer loop
      vertex 8.3147 5.5557 0
      vertex 4.36522 2.91674 0
      vertex 7.93353 6.08761 0
    endloop
  endfacet
  facet normal 0 0 -1
    outer loop
      vertex 4.1651 3.196 0
      vertex 7.93353 6.08761 0
      vertex 4.36522 2.91674 0
    endloop
  endfacet
  facet normal -0 0 -1
    outer loop
      vertex 7.93353 6.08761 0
      vertex 4.1651 3.196 0
      vertex 7.5184 6.59346 0
    endloop
  endfacet
  facet normal 0 0 -1
    outer loop
      vertex 3.94716 3.46157 0
      vertex 7.5184 6.59346 0
      vertex 4.1651 3.196 0
    endloop
  endfacet
  facet normal -0 0 -1
    outer loop
      vertex 7.5184 6.59346 0
      vertex 3.94716 3.46157 0
      vertex 7.07107 7.07107 0
    endloop
  endfacet
  facet normal 0 0 -1
    outer loop
      vertex 3.71231 3.71231 0
      vertex 7.07107 7.07107 0
      vertex 3.94716 3.46157 0
    endloop
  endfacet
  facet normal -0 0 -1
    outer loop
      vertex 7.07107 7.07107 0
      vertex 3.71231 3.71231 0
      vertex 6.59346 7.5184 0
    endloop
  endfacet
  facet normal 0 0 -1
    outer loop
      vertex 3.46157 3.94716 0
      vertex 6.59346 7.5184 0
      vertex 3.71231 3.71231 0
    endloop
  endfacet
  facet normal -0 0 -1
    outer loop
      vertex 6.59346 7.5184 0
      vertex 3.46157 3.94716 0
      vertex 6.08761 7.93353 0
    endloop
  endfacet
  facet normal 0 0 -1
    outer loop
      vertex 3.196 4.1651 0
      vertex 6.08761 7.93353 0
      vertex 3.46157 3.94716 0
    endloop
  endfacet
  facet normal -0 0 -1
    outer loop
      vertex 6.08761 7.93353 0
      vertex 3.196 4.1651 0
      vertex 5.5557 8.3147 0
    endloop
  endfacet
  facet normal 0 0 -1
    outer loop
      vertex 2.91674 4.36522 0
      vertex 5.5557 8.3147 0
      vertex 3.196 4.1651 0
    endloop
  endfacet
  facet normal -0 0 -1
    outer loop
      vertex 5.5557 8.3147 0
      vertex 2.91674 4.36522 0
      vertex 5 8.66025 0
    endloop
  endfacet
  facet normal 0 0 -1
    outer loop
      vertex 2.625 4.54663 0
      vertex 5 8.66025 0
      vertex 2.91674 4.36522 0
    endloop
  endfacet
  facet normal -0 0 -1
    outer loop
      vertex 5 8.66025 0
      vertex 2.625 4.54663 0
      vertex 4.42289 8.96873 0
    endloop
  endfacet
  facet normal 0 0 -1
    outer loop
      vertex 2.32201 4.70858 0
      vertex 4.42289 8.96873 0
      vertex 2.625 4.54663 0
    endloop
  endfacet
  facet normal -0 0 -1
    outer loop
      vertex 4.42289 8.96873 0
      vertex 2.32201 4.70858 0
      vertex 3.82683 9.2388 0
    endloop
  endfacet
  facet normal 0 0 -1
    outer loop
      vertex 2.00909 4.85037 0
      vertex 3.82683 9.2388 0
      vertex 2.32201 4.70858 0
    endloop
  endfacet
  facet normal -0 0 -1
    outer loop
      vertex 3.82683 9.2388 0
      vertex 2.00909 4.85037 0
      vertex 3.21439 9.4693 0
    endloop
  endfacet
  facet normal 0 0 -1
    outer loop
      vertex 1.68756 4.97138 0
      vertex 3.21439 9.4693 0
      vertex 2.00909 4.85037 0
    endloop
  endfacet
  facet normal -0 0 -1
    outer loop
      vertex 3.21439 9.4693 0
      vertex 1.68756 4.97138 0
      vertex 2.58819 9.65926 0
    endloop
  endfacet
  facet normal 0 0 -1
    outer loop
      vertex 1.3588 5.07111 0
      vertex 2.58819 9.65926 0
      vertex 1.68756 4.97138 0
    endloop
  endfacet
  facet normal -0 0 -1
    outer loop
      vertex 2.58819 9.65926 0
      vertex 1.3588 5.07111 0
      vertex 1.9509 9.80785 0
    endloop
  endfacet
  facet normal 0 0 -1
    outer loop
      vertex 1.02422 5.14912 0
      vertex 1.9509 9.80785 0
      vertex 1.3588 5.07111 0
    endloop
  endfacet
  facet normal -0 0 -1
    outer loop
      vertex 1.9509 9.80785 0
      vertex 1.02422 5.14912 0
      vertex 1.30526 9.91445 0
    endloop
  endfacet
  facet normal 0 0 -1
    outer loop
      vertex 0.685262 5.20508 0
      vertex 1.30526 9.91445 0
      vertex 1.02422 5.14912 0
    endloop
  endfacet
  facet normal 0 0 -1
    outer loop
      vertex 0.685262 5.20508 0
      vertex 0.654031 9.97859 0
      vertex 1.30526 9.91445 0
    endloop
  endfacet
  facet normal 0 0 -1
    outer loop
      vertex 0.343366 5.23876 0
      vertex 0.654031 9.97859 0
      vertex 0.685262 5.20508 0
    endloop
  endfacet
  facet normal 0 0 -1
    outer loop
      vertex 0 5.25 0
      vertex 0.654031 9.97859 0
      vertex 0.343366 5.23876 0
    endloop
  endfacet
  facet normal 0 0 -1
    outer loop
      vertex 0 5.25 0
      vertex 0 10 0
      vertex 0.654031 9.97859 0
    endloop
  endfacet
  facet normal 0 0 -1
    outer loop
      vertex -0.343366 5.23876 0
      vertex 0 10 0
      vertex 0 5.25 0
    endloop
  endfacet
  facet normal 0 0 -1
    outer loop
      vertex -0.343366 5.23876 0
      vertex -0.654031 9.97859 0
      vertex 0 10 0
    endloop
  endfacet
  facet normal 0 0 -1
    outer loop
      vertex -0.685262 5.20508 0
      vertex -0.654031 9.97859 0
      vertex -0.343366 5.23876 0
    endloop
  endfacet
  facet normal 0 0 -1
    outer loop
      vertex -1.30526 9.91445 0
      vertex -0.685262 5.20508 0
      vertex -1.02422 5.14912 0
    endloop
  endfacet
  facet normal 0 0 -1
    outer loop
      vertex -0.685262 5.20508 0
      vertex -1.30526 9.91445 0
      vertex -0.654031 9.97859 0
    endloop
  endfacet
  facet normal 0 0 -1
    outer loop
      vertex -1.9509 9.80785 0
      vertex -1.02422 5.14912 0
      vertex -1.3588 5.07111 0
    endloop
  endfacet
  facet normal 0 0 -1
    outer loop
      vertex -2.58819 9.65926 0
      vertex -1.3588 5.07111 0
      vertex -1.68756 4.97138 0
    endloop
  endfacet
  facet normal 0 0 -1
    outer loop
      vertex -1.02422 5.14912 0
      vertex -1.9509 9.80785 0
      vertex -1.30526 9.91445 0
    endloop
  endfacet
  facet normal 0 0 -1
    outer loop
      vertex -3.21439 9.4693 0
      vertex -1.68756 4.97138 0
      vertex -2.00909 4.85037 0
    endloop
  endfacet
  facet normal 0 0 -1
    outer loop
      vertex -3.82683 9.2388 0
      vertex -2.00909 4.85037 0
      vertex -2.32201 4.70858 0
    endloop
  endfacet
  facet normal 0 0 -1
    outer loop
      vertex -1.3588 5.07111 0
      vertex -2.58819 9.65926 0
      vertex -1.9509 9.80785 0
    endloop
  endfacet
  facet normal 0 0 -1
    outer loop
      vertex -4.42289 8.96873 0
      vertex -2.32201 4.70858 0
      vertex -2.625 4.54663 0
    endloop
  endfacet
  facet normal 0 0 -1
    outer loop
      vertex -5 8.66025 0
      vertex -2.625 4.54663 0
      vertex -2.91674 4.36522 0
    endloop
  endfacet
  facet normal 0 0 -1
    outer loop
      vertex -5.5557 8.3147 0
      vertex -2.91674 4.36522 0
      vertex -3.196 4.1651 0
    endloop
  endfacet
  facet normal 0 0 -1
    outer loop
      vertex -1.68756 4.97138 0
      vertex -3.21439 9.4693 0
      vertex -2.58819 9.65926 0
    endloop
  endfacet
  facet normal 0 0 -1
    outer loop
      vertex -6.08761 7.93353 0
      vertex -3.196 4.1651 0
      vertex -3.46157 3.94716 0
    endloop
  endfacet
  facet normal 0 0 -1
    outer loop
      vertex -6.59346 7.5184 0
      vertex -3.46157 3.94716 0
      vertex -3.71231 3.71231 0
    endloop
  endfacet
  facet normal 0 0 -1
    outer loop
      vertex -2.00909 4.85037 0
      vertex -3.82683 9.2388 0
      vertex -3.21439 9.4693 0
    endloop
  endfacet
  facet normal 0 0 -1
    outer loop
      vertex -7.07107 7.07107 0
      vertex -3.71231 3.71231 0
      vertex -3.94716 3.46157 0
    endloop
  endfacet
  facet normal 0 0 -1
    outer loop
      vertex -7.5184 6.59346 0
      vertex -3.94716 3.46157 0
      vertex -4.1651 3.196 0
    endloop
  endfacet
  facet normal 0 0 -1
    outer loop
      vertex -7.93353 6.08761 0
      vertex -4.1651 3.196 0
      vertex -4.36522 2.91674 0
    endloop
  endfacet
  facet normal 0 0 -1
    outer loop
      vertex -2.32201 4.70858 0
      vertex -4.42289 8.96873 0
      vertex -3.82683 9.2388 0
    endloop
  endfacet
  facet normal 0 0 -1
    outer loop
      vertex -8.3147 5.5557 0
      vertex -4.36522 2.91674 0
      vertex -4.54663 2.625 0
    endloop
  endfacet
  facet normal 0 0 -1
    outer loop
      vertex -8.66025 5 0
      vertex -4.54663 2.625 0
      vertex -4.70858 2.32201 0
    endloop
  endfacet
  facet normal 0 0 -1
    outer loop
      vertex -8.96873 4.42289 0
      vertex -4.70858 2.32201 0
      vertex -4.85037 2.00909 0
    endloop
  endfacet
  facet normal 0 0 -1
    outer loop
      vertex -9.2388 3.82683 0
      vertex -4.85037 2.00909 0
      vertex -4.97138 1.68756 0
    endloop
  endfacet
  facet normal 0 0 -1
    outer loop
      vertex -2.625 4.54663 0
      vertex -5 8.66025 0
      vertex -4.42289 8.96873 0
    endloop
  endfacet
  facet normal 0 0 -1
    outer loop
      vertex -9.4693 3.21439 0
      vertex -4.97138 1.68756 0
      vertex -5.07111 1.3588 0
    endloop
  endfacet
  facet normal 0 0 -1
    outer loop
      vertex -9.65926 2.58819 0
      vertex -5.07111 1.3588 0
      vertex -5.14912 1.02422 0
    endloop
  endfacet
  facet normal 0 0 -1
    outer loop
      vertex -9.80785 1.9509 0
      vertex -5.14912 1.02422 0
      vertex -5.20508 0.685262 0
    endloop
  endfacet
  facet normal 0 0 -1
    outer loop
      vertex -9.91445 1.30526 0
      vertex -5.20508 0.685262 0
      vertex -5.23876 0.343366 0
    endloop
  endfacet
  facet normal 0 0 -1
    outer loop
      vertex -9.97859 0.654031 0
      vertex -5.23876 0.343366 0
      vertex -5.25 0 0
    endloop
  endfacet
  facet normal 0 0 -1
    outer loop
      vertex -8.96873 -4.42289 0
      vertex -4.70858 -2.32201 0
      vertex -8.66025 -5 0
    endloop
  endfacet
  facet normal 0 0 -1
    outer loop
      vertex -2.91674 4.36522 0
      vertex -5.5557 8.3147 0
      vertex -5 8.66025 0
    endloop
  endfacet
  facet normal -0 0 -1
    outer loop
      vertex -4.70858 -2.32201 0
      vertex -8.96873 -4.42289 0
      vertex -4.85037 -2.00909 0
    endloop
  endfacet
  facet normal 0 0 -1
    outer loop
      vertex -3.196 4.1651 0
      vertex -6.08761 7.93353 0
      vertex -5.5557 8.3147 0
    endloop
  endfacet
  facet normal 0 0 -1
    outer loop
      vertex -9.2388 -3.82683 0
      vertex -4.85037 -2.00909 0
      vertex -8.96873 -4.42289 0
    endloop
  endfacet
  facet normal 0 0 -1
    outer loop
      vertex -3.46157 3.94716 0
      vertex -6.59346 7.5184 0
      vertex -6.08761 7.93353 0
    endloop
  endfacet
  facet normal -0 0 -1
    outer loop
      vertex -4.85037 -2.00909 0
      vertex -9.2388 -3.82683 0
      vertex -4.97138 -1.68756 0
    endloop
  endfacet
  facet normal 0 0 -1
    outer loop
      vertex -3.71231 3.71231 0
      vertex -7.07107 7.07107 0
      vertex -6.59346 7.5184 0
    endloop
  endfacet
  facet normal 0 0 -1
    outer loop
      vertex -9.4693 -3.21439 0
      vertex -4.97138 -1.68756 0
      vertex -9.2388 -3.82683 0
    endloop
  endfacet
  facet normal 0 0 -1
    outer loop
      vertex -3.94716 3.46157 0
      vertex -7.5184 6.59346 0
      vertex -7.07107 7.07107 0
    endloop
  endfacet
  facet normal -0 0 -1
    outer loop
      vertex -4.97138 -1.68756 0
      vertex -9.4693 -3.21439 0
      vertex -5.07111 -1.3588 0
    endloop
  endfacet
  facet normal 0 0 -1
    outer loop
      vertex -4.1651 3.196 0
      vertex -7.93353 6.08761 0
      vertex -7.5184 6.59346 0
    endloop
  endfacet
  facet normal 0 0 -1
    outer loop
      vertex -9.65926 -2.58819 0
      vertex -5.07111 -1.3588 0
      vertex -9.4693 -3.21439 0
    endloop
  endfacet
  facet normal 0 0 -1
    outer loop
      vertex -4.36522 2.91674 0
      vertex -8.3147 5.5557 0
      vertex -7.93353 6.08761 0
    endloop
  endfacet
  facet normal -0 0 -1
    outer loop
      vertex -5.07111 -1.3588 0
      vertex -9.65926 -2.58819 0
      vertex -5.14912 -1.02422 0
    endloop
  endfacet
  facet normal 0 0 -1
    outer loop
      vertex -4.54663 2.625 0
      vertex -8.66025 5 0
      vertex -8.3147 5.5557 0
    endloop
  endfacet
  facet normal 0 0 -1
    outer loop
      vertex -9.80785 -1.9509 0
      vertex -5.14912 -1.02422 0
      vertex -9.65926 -2.58819 0
    endloop
  endfacet
  facet normal 0 0 -1
    outer loop
      vertex -4.70858 2.32201 0
      vertex -8.96873 4.42289 0
      vertex -8.66025 5 0
    endloop
  endfacet
  facet normal -0 0 -1
    outer loop
      vertex -5.14912 -1.02422 0
      vertex -9.80785 -1.9509 0
      vertex -5.20508 -0.685262 0
    endloop
  endfacet
  facet normal 0 0 -1
    outer loop
      vertex -4.85037 2.00909 0
      vertex -9.2388 3.82683 0
      vertex -8.96873 4.42289 0
    endloop
  endfacet
  facet normal 0 0 -1
    outer loop
      vertex -9.91445 -1.30526 0
      vertex -5.20508 -0.685262 0
      vertex -9.80785 -1.9509 0
    endloop
  endfacet
  facet normal 0 0 -1
    outer loop
      vertex -4.97138 1.68756 0
      vertex -9.4693 3.21439 0
      vertex -9.2388 3.82683 0
    endloop
  endfacet
  facet normal -0 0 -1
    outer loop
      vertex -5.20508 -0.685262 0
      vertex -9.91445 -1.30526 0
      vertex -5.23876 -0.343366 0
    endloop
  endfacet
  facet normal 0 0 -1
    outer loop
      vertex -5.07111 1.3588 0
      vertex -9.65926 2.58819 0
      vertex -9.4693 3.21439 0
    endloop
  endfacet
  facet normal 0 0 -1
    outer loop
      vertex -9.97859 -0.654031 0
      vertex -5.23876 -0.343366 0
      vertex -9.91445 -1.30526 0
    endloop
  endfacet
  facet normal 0 0 -1
    outer loop
      vertex -5.14912 1.02422 0
      vertex -9.80785 1.9509 0
      vertex -9.65926 2.58819 0
    endloop
  endfacet
  facet normal -0 0 -1
    outer loop
      vertex -5.23876 -0.343366 0
      vertex -9.97859 -0.654031 0
      vertex -5.25 0 0
    endloop
  endfacet
  facet normal 0 0 -1
    outer loop
      vertex -5.20508 0.685262 0
      vertex -9.91445 1.30526 0
      vertex -9.80785 1.9509 0
    endloop
  endfacet
  facet normal 0 0 -1
    outer loop
      vertex -10 0 0
      vertex -5.25 0 0
      vertex -9.97859 -0.654031 0
    endloop
  endfacet
  facet normal 0 0 -1
    outer loop
      vertex -5.23876 0.343366 0
      vertex -9.97859 0.654031 0
      vertex -9.91445 1.30526 0
    endloop
  endfacet
  facet normal 0 0 -1
    outer loop
      vertex -5.25 0 0
      vertex -10 0 0
      vertex -9.97859 0.654031 0
    endloop
  endfacet
  facet normal -0.582486 -0.81284 0
    outer loop
      vertex -6.08761 -7.93353 0
      vertex -5.5557 -8.3147 2
      vertex -6.08761 -7.93353 2
    endloop
  endfacet
  facet normal -0.582486 -0.81284 -0
    outer loop
      vertex -5.5557 -8.3147 2
      vertex -6.08761 -7.93353 0
      vertex -5.5557 -8.3147 0
    endloop
  endfacet
  facet normal -0.773018 0.634384 0
    outer loop
      vertex -7.93353 6.08761 0
      vertex -7.5184 6.59346 2
      vertex -7.5184 6.59346 0
    endloop
  endfacet
  facet normal -0.773018 0.634384 0
    outer loop
      vertex -7.5184 6.59346 2
      vertex -7.93353 6.08761 0
      vertex -7.93353 6.08761 2
    endloop
  endfacet
  facet normal -0.290291 -0.956939 0
    outer loop
      vertex -3.21439 -9.4693 0
      vertex -2.58819 -9.65926 2
      vertex -3.21439 -9.4693 2
    endloop
  endfacet
  facet normal -0.290291 -0.956939 -0
    outer loop
      vertex -2.58819 -9.65926 2
      vertex -3.21439 -9.4693 0
      vertex -2.58819 -9.65926 0
    endloop
  endfacet
  facet normal 0.935909 -0.352242 0
    outer loop
      vertex 9.2388 -3.82683 2
      vertex 9.4693 -3.21439 0
      vertex 9.4693 -3.21439 2
    endloop
  endfacet
  facet normal 0.935909 -0.352242 0
    outer loop
      vertex 9.4693 -3.21439 0
      vertex 9.2388 -3.82683 2
      vertex 9.2388 -3.82683 0
    endloop
  endfacet
  facet normal -0.528061 0.849207 0
    outer loop
      vertex -5 8.66025 0
      vertex -5.5557 8.3147 2
      vertex -5 8.66025 2
    endloop
  endfacet
  facet normal -0.528061 0.849207 0
    outer loop
      vertex -5.5557 8.3147 2
      vertex -5 8.66025 0
      vertex -5.5557 8.3147 0
    endloop
  endfacet
  facet normal -0.528061 -0.849207 0
    outer loop
      vertex -5.5557 -8.3147 0
      vertex -5 -8.66025 2
      vertex -5.5557 -8.3147 2
    endloop
  endfacet
  facet normal -0.528061 -0.849207 -0
    outer loop
      vertex -5 -8.66025 2
      vertex -5.5557 -8.3147 0
      vertex -5 -8.66025 0
    endloop
  endfacet
  facet normal 0.910865 -0.412705 0
    outer loop
      vertex 8.96873 -4.42289 2
      vertex 9.2388 -3.82683 0
      vertex 9.2388 -3.82683 2
    endloop
  endfacet
  facet normal 0.910865 -0.412705 0
    outer loop
      vertex 9.2388 -3.82683 0
      vertex 8.96873 -4.42289 2
      vertex 8.96873 -4.42289 0
    endloop
  endfacet
  facet normal 0.634384 -0.773018 0
    outer loop
      vertex 6.08761 -7.93353 0
      vertex 6.59346 -7.5184 2
      vertex 6.08761 -7.93353 2
    endloop
  endfacet
  facet normal 0.634384 -0.773018 0
    outer loop
      vertex 6.59346 -7.5184 2
      vertex 6.08761 -7.93353 0
      vertex 6.59346 -7.5184 0
    endloop
  endfacet
  facet normal -0.412705 -0.910865 0
    outer loop
      vertex -4.42289 -8.96873 0
      vertex -3.82683 -9.2388 2
      vertex -4.42289 -8.96873 2
    endloop
  endfacet
  facet normal -0.412705 -0.910865 -0
    outer loop
      vertex -3.82683 -9.2388 2
      vertex -4.42289 -8.96873 0
      vertex -3.82683 -9.2388 0
    endloop
  endfacet
  facet normal -0.227068 0.973879 0
    outer loop
      vertex 1.3588 -5.07111 0
      vertex 1.02422 -5.14912 2
      vertex 1.3588 -5.07111 2
    endloop
  endfacet
  facet normal -0.227068 0.973879 0
    outer loop
      vertex 1.02422 -5.14912 2
      vertex 1.3588 -5.07111 0
      vertex 1.02422 -5.14912 0
    endloop
  endfacet
  facet normal -0.995183 -0.098035 0
    outer loop
      vertex 5.23876 0.343366 0
      vertex 5.20508 0.685262 2
      vertex 5.20508 0.685262 0
    endloop
  endfacet
  facet normal -0.995183 -0.098035 0
    outer loop
      vertex 5.20508 0.685262 2
      vertex 5.23876 0.343366 0
      vertex 5.23876 0.343366 2
    endloop
  endfacet
  facet normal -0.999465 -0.0327172 0
    outer loop
      vertex 5.25 0 0
      vertex 5.23876 0.343366 2
      vertex 5.23876 0.343366 0
    endloop
  endfacet
  facet normal -0.999465 -0.0327172 0
    outer loop
      vertex 5.23876 0.343366 2
      vertex 5.25 0 0
      vertex 5.25 0 2
    endloop
  endfacet
  facet normal -0.986644 -0.162889 0
    outer loop
      vertex 5.20508 0.685262 0
      vertex 5.14912 1.02422 2
      vertex 5.14912 1.02422 0
    endloop
  endfacet
  facet normal -0.986644 -0.162889 0
    outer loop
      vertex 5.14912 1.02422 2
      vertex 5.20508 0.685262 0
      vertex 5.20508 0.685262 2
    endloop
  endfacet
  facet normal -0.352236 -0.935911 0
    outer loop
      vertex 1.68756 4.97138 0
      vertex 2.00909 4.85037 2
      vertex 1.68756 4.97138 2
    endloop
  endfacet
  facet normal -0.352236 -0.935911 -0
    outer loop
      vertex 2.00909 4.85037 2
      vertex 1.68756 4.97138 0
      vertex 2.00909 4.85037 0
    endloop
  endfacet
  facet normal -0.935911 -0.352236 0
    outer loop
      vertex 4.97138 1.68756 0
      vertex 4.85037 2.00909 2
      vertex 4.85037 2.00909 0
    endloop
  endfacet
  facet normal -0.935911 -0.352236 0
    outer loop
      vertex 4.85037 2.00909 2
      vertex 4.97138 1.68756 0
      vertex 4.97138 1.68756 2
    endloop
  endfacet
  facet normal -0.973879 -0.227068 0
    outer loop
      vertex 5.14912 1.02422 0
      vertex 5.07111 1.3588 2
      vertex 5.07111 1.3588 0
    endloop
  endfacet
  facet normal -0.973879 -0.227068 0
    outer loop
      vertex 5.07111 1.3588 2
      vertex 5.14912 1.02422 0
      vertex 5.14912 1.02422 2
    endloop
  endfacet
  facet normal -0.935911 0.352236 0
    outer loop
      vertex 4.85037 -2.00909 0
      vertex 4.97138 -1.68756 2
      vertex 4.97138 -1.68756 0
    endloop
  endfacet
  facet normal -0.935911 0.352236 0
    outer loop
      vertex 4.97138 -1.68756 2
      vertex 4.85037 -2.00909 0
      vertex 4.85037 -2.00909 2
    endloop
  endfacet
  facet normal 0.162889 0.986644 -0
    outer loop
      vertex -0.685262 -5.20508 0
      vertex -1.02422 -5.14912 2
      vertex -0.685262 -5.20508 2
    endloop
  endfacet
  facet normal 0.162889 0.986644 0
    outer loop
      vertex -1.02422 -5.14912 2
      vertex -0.685262 -5.20508 0
      vertex -1.02422 -5.14912 0
    endloop
  endfacet
  facet normal -0.528056 -0.849209 0
    outer loop
      vertex 2.625 4.54663 0
      vertex 2.91674 4.36522 2
      vertex 2.625 4.54663 2
    endloop
  endfacet
  facet normal -0.528056 -0.849209 -0
    outer loop
      vertex 2.91674 4.36522 2
      vertex 2.625 4.54663 0
      vertex 2.91674 4.36522 0
    endloop
  endfacet
  facet normal 0.0327172 0.999465 -0
    outer loop
      vertex 0 -5.25 0
      vertex -0.343366 -5.23876 2
      vertex 0 -5.25 2
    endloop
  endfacet
  facet normal 0.0327172 0.999465 0
    outer loop
      vertex -0.343366 -5.23876 2
      vertex 0 -5.25 0
      vertex -0.343366 -5.23876 0
    endloop
  endfacet
  facet normal 0.471393 0.881923 -0
    outer loop
      vertex -2.32201 -4.70858 0
      vertex -2.625 -4.54663 2
      vertex -2.32201 -4.70858 2
    endloop
  endfacet
  facet normal 0.471393 0.881923 0
    outer loop
      vertex -2.625 -4.54663 2
      vertex -2.32201 -4.70858 0
      vertex -2.625 -4.54663 0
    endloop
  endfacet
  facet normal -0.0327172 0.999465 0
    outer loop
      vertex 0.343366 -5.23876 0
      vertex 0 -5.25 2
      vertex 0.343366 -5.23876 2
    endloop
  endfacet
  facet normal -0.0327172 0.999465 0
    outer loop
      vertex 0 -5.25 2
      vertex 0.343366 -5.23876 0
      vertex 0 -5.25 0
    endloop
  endfacet
  facet normal -0.973879 0.227068 0
    outer loop
      vertex 5.07111 -1.3588 0
      vertex 5.14912 -1.02422 2
      vertex 5.14912 -1.02422 0
    endloop
  endfacet
  facet normal -0.973879 0.227068 0
    outer loop
      vertex 5.14912 -1.02422 2
      vertex 5.07111 -1.3588 0
      vertex 5.07111 -1.3588 2
    endloop
  endfacet
  facet normal 0.683602 -0.729855 0
    outer loop
      vertex -3.71231 3.71231 0
      vertex -3.46157 3.94716 2
      vertex -3.71231 3.71231 2
    endloop
  endfacet
  facet normal 0.683602 -0.729855 0
    outer loop
      vertex -3.46157 3.94716 2
      vertex -3.71231 3.71231 0
      vertex -3.46157 3.94716 0
    endloop
  endfacet
  facet normal -0.773021 -0.63438 0
    outer loop
      vertex 4.1651 3.196 0
      vertex 3.94716 3.46157 2
      vertex 3.94716 3.46157 0
    endloop
  endfacet
  facet normal -0.773021 -0.63438 0
    outer loop
      vertex 3.94716 3.46157 2
      vertex 4.1651 3.196 0
      vertex 4.1651 3.196 2
    endloop
  endfacet
  facet normal 0.412726 -0.910855 0
    outer loop
      vertex -2.32201 4.70858 0
      vertex -2.00909 4.85037 2
      vertex -2.32201 4.70858 2
    endloop
  endfacet
  facet normal 0.412726 -0.910855 0
    outer loop
      vertex -2.00909 4.85037 2
      vertex -2.32201 4.70858 0
      vertex -2.00909 4.85037 0
    endloop
  endfacet
  facet normal -0.910855 0.412726 0
    outer loop
      vertex 4.70858 -2.32201 0
      vertex 4.85037 -2.00909 2
      vertex 4.85037 -2.00909 0
    endloop
  endfacet
  facet normal -0.910855 0.412726 0
    outer loop
      vertex 4.85037 -2.00909 2
      vertex 4.70858 -2.32201 0
      vertex 4.70858 -2.32201 2
    endloop
  endfacet
  facet normal 0.986644 0.162889 0
    outer loop
      vertex -5.14912 -1.02422 2
      vertex -5.20508 -0.685262 0
      vertex -5.20508 -0.685262 2
    endloop
  endfacet
  facet normal 0.986644 0.162889 0
    outer loop
      vertex -5.20508 -0.685262 0
      vertex -5.14912 -1.02422 2
      vertex -5.14912 -1.02422 0
    endloop
  endfacet
  facet normal 0.881923 -0.471393 0
    outer loop
      vertex -4.70858 2.32201 2
      vertex -4.54663 2.625 0
      vertex -4.54663 2.625 2
    endloop
  endfacet
  facet normal 0.881923 -0.471393 0
    outer loop
      vertex -4.54663 2.625 0
      vertex -4.70858 2.32201 2
      vertex -4.70858 2.32201 0
    endloop
  endfacet
  facet normal -0.773021 0.63438 0
    outer loop
      vertex 3.94716 -3.46157 0
      vertex 4.1651 -3.196 2
      vertex 4.1651 -3.196 0
    endloop
  endfacet
  facet normal -0.773021 0.63438 0
    outer loop
      vertex 4.1651 -3.196 2
      vertex 3.94716 -3.46157 0
      vertex 3.94716 -3.46157 2
    endloop
  endfacet
  facet normal 0.881923 0.471393 0
    outer loop
      vertex -4.54663 -2.625 2
      vertex -4.70858 -2.32201 0
      vertex -4.70858 -2.32201 2
    endloop
  endfacet
  facet normal 0.881923 0.471393 0
    outer loop
      vertex -4.70858 -2.32201 0
      vertex -4.54663 -2.625 2
      vertex -4.54663 -2.625 0
    endloop
  endfacet
  facet normal -0.986644 0.162889 0
    outer loop
      vertex 5.14912 -1.02422 0
      vertex 5.20508 -0.685262 2
      vertex 5.20508 -0.685262 0
    endloop
  endfacet
  facet normal -0.986644 0.162889 0
    outer loop
      vertex 5.20508 -0.685262 2
      vertex 5.14912 -1.02422 0
      vertex 5.14912 -1.02422 2
    endloop
  endfacet
  facet normal -0.881923 -0.471393 0
    outer loop
      vertex 4.70858 2.32201 0
      vertex 4.54663 2.625 2
      vertex 4.54663 2.625 0
    endloop
  endfacet
  facet normal -0.881923 -0.471393 0
    outer loop
      vertex 4.54663 2.625 2
      vertex 4.70858 2.32201 0
      vertex 4.70858 2.32201 2
    endloop
  endfacet
  facet normal -0.910855 -0.412726 0
    outer loop
      vertex 4.85037 2.00909 0
      vertex 4.70858 2.32201 2
      vertex 4.70858 2.32201 0
    endloop
  endfacet
  facet normal -0.910855 -0.412726 0
    outer loop
      vertex 4.70858 2.32201 2
      vertex 4.85037 2.00909 0
      vertex 4.85037 2.00909 2
    endloop
  endfacet
  facet normal -0.849209 0.528056 0
    outer loop
      vertex 4.36522 -2.91674 0
      vertex 4.54663 -2.625 2
      vertex 4.54663 -2.625 0
    endloop
  endfacet
  facet normal -0.849209 0.528056 0
    outer loop
      vertex 4.54663 -2.625 2
      vertex 4.36522 -2.91674 0
      vertex 4.36522 -2.91674 2
    endloop
  endfacet
  facet normal 0.935911 0.352236 0
    outer loop
      vertex -4.85037 -2.00909 2
      vertex -4.97138 -1.68756 0
      vertex -4.97138 -1.68756 2
    endloop
  endfacet
  facet normal 0.935911 0.352236 0
    outer loop
      vertex -4.97138 -1.68756 0
      vertex -4.85037 -2.00909 2
      vertex -4.85037 -2.00909 0
    endloop
  endfacet
  facet normal 0.995183 -0.098035 0
    outer loop
      vertex -5.23876 0.343366 2
      vertex -5.20508 0.685262 0
      vertex -5.20508 0.685262 2
    endloop
  endfacet
  facet normal 0.995183 -0.098035 0
    outer loop
      vertex -5.20508 0.685262 0
      vertex -5.23876 0.343366 2
      vertex -5.23876 0.343366 0
    endloop
  endfacet
  facet normal 0.352236 -0.935911 0
    outer loop
      vertex -2.00909 4.85037 0
      vertex -1.68756 4.97138 2
      vertex -2.00909 4.85037 2
    endloop
  endfacet
  facet normal 0.352236 -0.935911 0
    outer loop
      vertex -1.68756 4.97138 2
      vertex -2.00909 4.85037 0
      vertex -1.68756 4.97138 0
    endloop
  endfacet
  facet normal 0.162889 -0.986644 0
    outer loop
      vertex -1.02422 5.14912 0
      vertex -0.685262 5.20508 2
      vertex -1.02422 5.14912 2
    endloop
  endfacet
  facet normal 0.162889 -0.986644 0
    outer loop
      vertex -0.685262 5.20508 2
      vertex -1.02422 5.14912 0
      vertex -0.685262 5.20508 0
    endloop
  endfacet
  facet normal -0.995183 0.098035 0
    outer loop
      vertex 5.20508 -0.685262 0
      vertex 5.23876 -0.343366 2
      vertex 5.23876 -0.343366 0
    endloop
  endfacet
  facet normal -0.995183 0.098035 0
    outer loop
      vertex 5.23876 -0.343366 2
      vertex 5.20508 -0.685262 0
      vertex 5.20508 -0.685262 2
    endloop
  endfacet
  facet normal 0.098035 -0.995183 0
    outer loop
      vertex -0.685262 5.20508 0
      vertex -0.343366 5.23876 2
      vertex -0.685262 5.20508 2
    endloop
  endfacet
  facet normal 0.098035 -0.995183 0
    outer loop
      vertex -0.343366 5.23876 2
      vertex -0.685262 5.20508 0
      vertex -0.343366 5.23876 0
    endloop
  endfacet
  facet normal 0.910855 -0.412726 0
    outer loop
      vertex -4.85037 2.00909 2
      vertex -4.70858 2.32201 0
      vertex -4.70858 2.32201 2
    endloop
  endfacet
  facet normal 0.910855 -0.412726 0
    outer loop
      vertex -4.70858 2.32201 0
      vertex -4.85037 2.00909 2
      vertex -4.85037 2.00909 0
    endloop
  endfacet
  facet normal -0.956939 -0.290289 0
    outer loop
      vertex 5.07111 1.3588 0
      vertex 4.97138 1.68756 2
      vertex 4.97138 1.68756 0
    endloop
  endfacet
  facet normal -0.956939 -0.290289 0
    outer loop
      vertex 4.97138 1.68756 2
      vertex 5.07111 1.3588 0
      vertex 5.07111 1.3588 2
    endloop
  endfacet
  facet normal -0.956939 0.290289 0
    outer loop
      vertex 4.97138 -1.68756 0
      vertex 5.07111 -1.3588 2
      vertex 5.07111 -1.3588 0
    endloop
  endfacet
  facet normal -0.956939 0.290289 0
    outer loop
      vertex 5.07111 -1.3588 2
      vertex 4.97138 -1.68756 0
      vertex 4.97138 -1.68756 2
    endloop
  endfacet
  facet normal -0.471393 0.881923 0
    outer loop
      vertex 2.625 -4.54663 0
      vertex 2.32201 -4.70858 2
      vertex 2.625 -4.54663 2
    endloop
  endfacet
  facet normal -0.471393 0.881923 0
    outer loop
      vertex 2.32201 -4.70858 2
      vertex 2.625 -4.54663 0
      vertex 2.32201 -4.70858 0
    endloop
  endfacet
  facet normal 0.290289 -0.956939 0
    outer loop
      vertex -1.68756 4.97138 0
      vertex -1.3588 5.07111 2
      vertex -1.68756 4.97138 2
    endloop
  endfacet
  facet normal 0.290289 -0.956939 0
    outer loop
      vertex -1.3588 5.07111 2
      vertex -1.68756 4.97138 0
      vertex -1.3588 5.07111 0
    endloop
  endfacet
  facet normal -0.63438 -0.773021 0
    outer loop
      vertex 3.196 4.1651 0
      vertex 3.46157 3.94716 2
      vertex 3.196 4.1651 2
    endloop
  endfacet
  facet normal -0.63438 -0.773021 -0
    outer loop
      vertex 3.46157 3.94716 2
      vertex 3.196 4.1651 0
      vertex 3.46157 3.94716 0
    endloop
  endfacet
  facet normal 0.956939 -0.290289 0
    outer loop
      vertex -5.07111 1.3588 2
      vertex -4.97138 1.68756 0
      vertex -4.97138 1.68756 2
    endloop
  endfacet
  facet normal 0.956939 -0.290289 0
    outer loop
      vertex -4.97138 1.68756 0
      vertex -5.07111 1.3588 2
      vertex -5.07111 1.3588 0
    endloop
  endfacet
  facet normal -0.81284 -0.582488 0
    outer loop
      vertex 4.36522 2.91674 0
      vertex 4.1651 3.196 2
      vertex 4.1651 3.196 0
    endloop
  endfacet
  facet normal -0.81284 -0.582488 0
    outer loop
      vertex 4.1651 3.196 2
      vertex 4.36522 2.91674 0
      vertex 4.36522 2.91674 2
    endloop
  endfacet
  facet normal 0.995183 0.098035 0
    outer loop
      vertex -5.20508 -0.685262 2
      vertex -5.23876 -0.343366 0
      vertex -5.23876 -0.343366 2
    endloop
  endfacet
  facet normal 0.995183 0.098035 0
    outer loop
      vertex -5.23876 -0.343366 0
      vertex -5.20508 -0.685262 2
      vertex -5.20508 -0.685262 0
    endloop
  endfacet
  facet normal 0.910855 0.412726 0
    outer loop
      vertex -4.70858 -2.32201 2
      vertex -4.85037 -2.00909 0
      vertex -4.85037 -2.00909 2
    endloop
  endfacet
  facet normal 0.910855 0.412726 0
    outer loop
      vertex -4.85037 -2.00909 0
      vertex -4.70858 -2.32201 2
      vertex -4.70858 -2.32201 0
    endloop
  endfacet
  facet normal 0.973879 0.227068 0
    outer loop
      vertex -5.07111 -1.3588 2
      vertex -5.14912 -1.02422 0
      vertex -5.14912 -1.02422 2
    endloop
  endfacet
  facet normal 0.973879 0.227068 0
    outer loop
      vertex -5.14912 -1.02422 0
      vertex -5.07111 -1.3588 2
      vertex -5.07111 -1.3588 0
    endloop
  endfacet
  facet normal 0.986644 -0.162889 0
    outer loop
      vertex -5.20508 0.685262 2
      vertex -5.14912 1.02422 0
      vertex -5.14912 1.02422 2
    endloop
  endfacet
  facet normal 0.986644 -0.162889 0
    outer loop
      vertex -5.14912 1.02422 0
      vertex -5.20508 0.685262 2
      vertex -5.20508 0.685262 0
    endloop
  endfacet
  facet normal -0.683602 -0.729855 0
    outer loop
      vertex 3.46157 3.94716 0
      vertex 3.71231 3.71231 2
      vertex 3.46157 3.94716 2
    endloop
  endfacet
  facet normal -0.683602 -0.729855 -0
    outer loop
      vertex 3.71231 3.71231 2
      vertex 3.46157 3.94716 0
      vertex 3.71231 3.71231 0
    endloop
  endfacet
  facet normal -0.098035 0.995183 0
    outer loop
      vertex 0.685262 -5.20508 0
      vertex 0.343366 -5.23876 2
      vertex 0.685262 -5.20508 2
    endloop
  endfacet
  facet normal -0.098035 0.995183 0
    outer loop
      vertex 0.343366 -5.23876 2
      vertex 0.685262 -5.20508 0
      vertex 0.343366 -5.23876 0
    endloop
  endfacet
  facet normal -0.849209 -0.528056 0
    outer loop
      vertex 4.54663 2.625 0
      vertex 4.36522 2.91674 2
      vertex 4.36522 2.91674 0
    endloop
  endfacet
  facet normal -0.849209 -0.528056 0
    outer loop
      vertex 4.36522 2.91674 2
      vertex 4.54663 2.625 0
      vertex 4.54663 2.625 2
    endloop
  endfacet
  facet normal 0.935911 -0.352236 0
    outer loop
      vertex -4.97138 1.68756 2
      vertex -4.85037 2.00909 0
      vertex -4.85037 2.00909 2
    endloop
  endfacet
  facet normal 0.935911 -0.352236 0
    outer loop
      vertex -4.85037 2.00909 0
      vertex -4.97138 1.68756 2
      vertex -4.97138 1.68756 0
    endloop
  endfacet
  facet normal -0.290289 0.956939 0
    outer loop
      vertex 1.68756 -4.97138 0
      vertex 1.3588 -5.07111 2
      vertex 1.68756 -4.97138 2
    endloop
  endfacet
  facet normal -0.290289 0.956939 0
    outer loop
      vertex 1.3588 -5.07111 2
      vertex 1.68756 -4.97138 0
      vertex 1.3588 -5.07111 0
    endloop
  endfacet
  facet normal -0.412726 -0.910855 0
    outer loop
      vertex 2.00909 4.85037 0
      vertex 2.32201 4.70858 2
      vertex 2.00909 4.85037 2
    endloop
  endfacet
  facet normal -0.412726 -0.910855 -0
    outer loop
      vertex 2.32201 4.70858 2
      vertex 2.00909 4.85037 0
      vertex 2.32201 4.70858 0
    endloop
  endfacet
  facet normal -0.0327172 -0.999465 0
    outer loop
      vertex 0 5.25 0
      vertex 0.343366 5.23876 2
      vertex 0 5.25 2
    endloop
  endfacet
  facet normal -0.0327172 -0.999465 -0
    outer loop
      vertex 0.343366 5.23876 2
      vertex 0 5.25 0
      vertex 0.343366 5.23876 0
    endloop
  endfacet
  facet normal 0.729855 0.683602 0
    outer loop
      vertex -3.71231 -3.71231 2
      vertex -3.94716 -3.46157 0
      vertex -3.94716 -3.46157 2
    endloop
  endfacet
  facet normal 0.729855 0.683602 0
    outer loop
      vertex -3.94716 -3.46157 0
      vertex -3.71231 -3.71231 2
      vertex -3.71231 -3.71231 0
    endloop
  endfacet
  facet normal 0.0327172 -0.999465 0
    outer loop
      vertex -0.343366 5.23876 0
      vertex 0 5.25 2
      vertex -0.343366 5.23876 2
    endloop
  endfacet
  facet normal 0.0327172 -0.999465 0
    outer loop
      vertex 0 5.25 2
      vertex -0.343366 5.23876 0
      vertex 0 5.25 0
    endloop
  endfacet
  facet normal -0.582488 0.81284 0
    outer loop
      vertex 3.196 -4.1651 0
      vertex 2.91674 -4.36522 2
      vertex 3.196 -4.1651 2
    endloop
  endfacet
  facet normal -0.582488 0.81284 0
    outer loop
      vertex 2.91674 -4.36522 2
      vertex 3.196 -4.1651 0
      vertex 2.91674 -4.36522 0
    endloop
  endfacet
  facet normal -0.582488 -0.81284 0
    outer loop
      vertex 2.91674 4.36522 0
      vertex 3.196 4.1651 2
      vertex 2.91674 4.36522 2
    endloop
  endfacet
  facet normal -0.582488 -0.81284 -0
    outer loop
      vertex 3.196 4.1651 2
      vertex 2.91674 4.36522 0
      vertex 3.196 4.1651 0
    endloop
  endfacet
  facet normal -0.471393 -0.881923 0
    outer loop
      vertex 2.32201 4.70858 0
      vertex 2.625 4.54663 2
      vertex 2.32201 4.70858 2
    endloop
  endfacet
  facet normal -0.471393 -0.881923 -0
    outer loop
      vertex 2.625 4.54663 2
      vertex 2.32201 4.70858 0
      vertex 2.625 4.54663 0
    endloop
  endfacet
  facet normal -0.528056 0.849209 0
    outer loop
      vertex 2.91674 -4.36522 0
      vertex 2.625 -4.54663 2
      vertex 2.91674 -4.36522 2
    endloop
  endfacet
  facet normal -0.528056 0.849209 0
    outer loop
      vertex 2.625 -4.54663 2
      vertex 2.91674 -4.36522 0
      vertex 2.625 -4.54663 0
    endloop
  endfacet
  facet normal -0.352236 0.935911 0
    outer loop
      vertex 2.00909 -4.85037 0
      vertex 1.68756 -4.97138 2
      vertex 2.00909 -4.85037 2
    endloop
  endfacet
  facet normal -0.352236 0.935911 0
    outer loop
      vertex 1.68756 -4.97138 2
      vertex 2.00909 -4.85037 0
      vertex 1.68756 -4.97138 0
    endloop
  endfacet
  facet normal -0.290289 -0.956939 0
    outer loop
      vertex 1.3588 5.07111 0
      vertex 1.68756 4.97138 2
      vertex 1.3588 5.07111 2
    endloop
  endfacet
  facet normal -0.290289 -0.956939 -0
    outer loop
      vertex 1.68756 4.97138 2
      vertex 1.3588 5.07111 0
      vertex 1.68756 4.97138 0
    endloop
  endfacet
  facet normal 0.773021 0.63438 0
    outer loop
      vertex -3.94716 -3.46157 2
      vertex -4.1651 -3.196 0
      vertex -4.1651 -3.196 2
    endloop
  endfacet
  facet normal 0.773021 0.63438 0
    outer loop
      vertex -4.1651 -3.196 0
      vertex -3.94716 -3.46157 2
      vertex -3.94716 -3.46157 0
    endloop
  endfacet
  facet normal -0.227068 -0.973879 0
    outer loop
      vertex 1.02422 5.14912 0
      vertex 1.3588 5.07111 2
      vertex 1.02422 5.14912 2
    endloop
  endfacet
  facet normal -0.227068 -0.973879 -0
    outer loop
      vertex 1.3588 5.07111 2
      vertex 1.02422 5.14912 0
      vertex 1.3588 5.07111 0
    endloop
  endfacet
  facet normal 0.729855 -0.683602 0
    outer loop
      vertex -3.94716 3.46157 2
      vertex -3.71231 3.71231 0
      vertex -3.71231 3.71231 2
    endloop
  endfacet
  facet normal 0.729855 -0.683602 0
    outer loop
      vertex -3.71231 3.71231 0
      vertex -3.94716 3.46157 2
      vertex -3.94716 3.46157 0
    endloop
  endfacet
  facet normal 0.999465 0.0327172 0
    outer loop
      vertex -5.23876 -0.343366 2
      vertex -5.25 0 0
      vertex -5.25 0 2
    endloop
  endfacet
  facet normal 0.999465 0.0327172 0
    outer loop
      vertex -5.25 0 0
      vertex -5.23876 -0.343366 2
      vertex -5.23876 -0.343366 0
    endloop
  endfacet
  facet normal 0.999465 -0.0327172 0
    outer loop
      vertex -5.25 0 2
      vertex -5.23876 0.343366 0
      vertex -5.23876 0.343366 2
    endloop
  endfacet
  facet normal 0.999465 -0.0327172 0
    outer loop
      vertex -5.23876 0.343366 0
      vertex -5.25 0 2
      vertex -5.25 0 0
    endloop
  endfacet
  facet normal -0.881923 0.471393 0
    outer loop
      vertex 4.54663 -2.625 0
      vertex 4.70858 -2.32201 2
      vertex 4.70858 -2.32201 0
    endloop
  endfacet
  facet normal -0.881923 0.471393 0
    outer loop
      vertex 4.70858 -2.32201 2
      vertex 4.54663 -2.625 0
      vertex 4.54663 -2.625 2
    endloop
  endfacet
  facet normal -0.729855 0.683602 0
    outer loop
      vertex 3.71231 -3.71231 0
      vertex 3.94716 -3.46157 2
      vertex 3.94716 -3.46157 0
    endloop
  endfacet
  facet normal -0.729855 0.683602 0
    outer loop
      vertex 3.94716 -3.46157 2
      vertex 3.71231 -3.71231 0
      vertex 3.71231 -3.71231 2
    endloop
  endfacet
  facet normal 0.81284 0.582488 0
    outer loop
      vertex -4.1651 -3.196 2
      vertex -4.36522 -2.91674 0
      vertex -4.36522 -2.91674 2
    endloop
  endfacet
  facet normal 0.81284 0.582488 0
    outer loop
      vertex -4.36522 -2.91674 0
      vertex -4.1651 -3.196 2
      vertex -4.1651 -3.196 0
    endloop
  endfacet
  facet normal -0.098035 -0.995183 0
    outer loop
      vertex 0.343366 5.23876 0
      vertex 0.685262 5.20508 2
      vertex 0.343366 5.23876 2
    endloop
  endfacet
  facet normal -0.098035 -0.995183 -0
    outer loop
      vertex 0.685262 5.20508 2
      vertex 0.343366 5.23876 0
      vertex 0.685262 5.20508 0
    endloop
  endfacet
  facet normal -0.729855 -0.683602 0
    outer loop
      vertex 3.94716 3.46157 0
      vertex 3.71231 3.71231 2
      vertex 3.71231 3.71231 0
    endloop
  endfacet
  facet normal -0.729855 -0.683602 0
    outer loop
      vertex 3.71231 3.71231 2
      vertex 3.94716 3.46157 0
      vertex 3.94716 3.46157 2
    endloop
  endfacet
  facet normal -0.162889 0.986644 0
    outer loop
      vertex 1.02422 -5.14912 0
      vertex 0.685262 -5.20508 2
      vertex 1.02422 -5.14912 2
    endloop
  endfacet
  facet normal -0.162889 0.986644 0
    outer loop
      vertex 0.685262 -5.20508 2
      vertex 1.02422 -5.14912 0
      vertex 0.685262 -5.20508 0
    endloop
  endfacet
  facet normal 0.956939 0.290289 0
    outer loop
      vertex -4.97138 -1.68756 2
      vertex -5.07111 -1.3588 0
      vertex -5.07111 -1.3588 2
    endloop
  endfacet
  facet normal 0.956939 0.290289 0
    outer loop
      vertex -5.07111 -1.3588 0
      vertex -4.97138 -1.68756 2
      vertex -4.97138 -1.68756 0
    endloop
  endfacet
  facet normal 0.849209 0.528056 0
    outer loop
      vertex -4.36522 -2.91674 2
      vertex -4.54663 -2.625 0
      vertex -4.54663 -2.625 2
    endloop
  endfacet
  facet normal 0.849209 0.528056 0
    outer loop
      vertex -4.54663 -2.625 0
      vertex -4.36522 -2.91674 2
      vertex -4.36522 -2.91674 0
    endloop
  endfacet
  facet normal 0.412726 0.910855 -0
    outer loop
      vertex -2.00909 -4.85037 0
      vertex -2.32201 -4.70858 2
      vertex -2.00909 -4.85037 2
    endloop
  endfacet
  facet normal 0.412726 0.910855 0
    outer loop
      vertex -2.32201 -4.70858 2
      vertex -2.00909 -4.85037 0
      vertex -2.32201 -4.70858 0
    endloop
  endfacet
  facet normal 0.582488 -0.81284 0
    outer loop
      vertex -3.196 4.1651 0
      vertex -2.91674 4.36522 2
      vertex -3.196 4.1651 2
    endloop
  endfacet
  facet normal 0.582488 -0.81284 0
    outer loop
      vertex -2.91674 4.36522 2
      vertex -3.196 4.1651 0
      vertex -2.91674 4.36522 0
    endloop
  endfacet
  facet normal 0.528056 -0.849209 0
    outer loop
      vertex -2.91674 4.36522 0
      vertex -2.625 4.54663 2
      vertex -2.91674 4.36522 2
    endloop
  endfacet
  facet normal 0.528056 -0.849209 0
    outer loop
      vertex -2.625 4.54663 2
      vertex -2.91674 4.36522 0
      vertex -2.625 4.54663 0
    endloop
  endfacet
  facet normal 0.352236 0.935911 -0
    outer loop
      vertex -1.68756 -4.97138 0
      vertex -2.00909 -4.85037 2
      vertex -1.68756 -4.97138 2
    endloop
  endfacet
  facet normal 0.352236 0.935911 0
    outer loop
      vertex -2.00909 -4.85037 2
      vertex -1.68756 -4.97138 0
      vertex -2.00909 -4.85037 0
    endloop
  endfacet
  facet normal -0.81284 0.582488 0
    outer loop
      vertex 4.1651 -3.196 0
      vertex 4.36522 -2.91674 2
      vertex 4.36522 -2.91674 0
    endloop
  endfacet
  facet normal -0.81284 0.582488 0
    outer loop
      vertex 4.36522 -2.91674 2
      vertex 4.1651 -3.196 0
      vertex 4.1651 -3.196 2
    endloop
  endfacet
  facet normal -0.63438 0.773021 0
    outer loop
      vertex 3.46157 -3.94716 0
      vertex 3.196 -4.1651 2
      vertex 3.46157 -3.94716 2
    endloop
  endfacet
  facet normal -0.63438 0.773021 0
    outer loop
      vertex 3.196 -4.1651 2
      vertex 3.46157 -3.94716 0
      vertex 3.196 -4.1651 0
    endloop
  endfacet
  facet normal 0.63438 0.773021 -0
    outer loop
      vertex -3.196 -4.1651 0
      vertex -3.46157 -3.94716 2
      vertex -3.196 -4.1651 2
    endloop
  endfacet
  facet normal 0.63438 0.773021 0
    outer loop
      vertex -3.46157 -3.94716 2
      vertex -3.196 -4.1651 0
      vertex -3.46157 -3.94716 0
    endloop
  endfacet
  facet normal -0.162889 -0.986644 0
    outer loop
      vertex 0.685262 5.20508 0
      vertex 1.02422 5.14912 2
      vertex 0.685262 5.20508 2
    endloop
  endfacet
  facet normal -0.162889 -0.986644 -0
    outer loop
      vertex 1.02422 5.14912 2
      vertex 0.685262 5.20508 0
      vertex 1.02422 5.14912 0
    endloop
  endfacet
  facet normal -0.999465 0.0327172 0
    outer loop
      vertex 5.23876 -0.343366 0
      vertex 5.25 0 2
      vertex 5.25 0 0
    endloop
  endfacet
  facet normal -0.999465 0.0327172 0
    outer loop
      vertex 5.25 0 2
      vertex 5.23876 -0.343366 0
      vertex 5.23876 -0.343366 2
    endloop
  endfacet
  facet normal -0.412726 0.910855 0
    outer loop
      vertex 2.32201 -4.70858 0
      vertex 2.00909 -4.85037 2
      vertex 2.32201 -4.70858 2
    endloop
  endfacet
  facet normal -0.412726 0.910855 0
    outer loop
      vertex 2.00909 -4.85037 2
      vertex 2.32201 -4.70858 0
      vertex 2.00909 -4.85037 0
    endloop
  endfacet
  facet normal 0.098035 0.995183 -0
    outer loop
      vertex -0.343366 -5.23876 0
      vertex -0.685262 -5.20508 2
      vertex -0.343366 -5.23876 2
    endloop
  endfacet
  facet normal 0.098035 0.995183 0
    outer loop
      vertex -0.685262 -5.20508 2
      vertex -0.343366 -5.23876 0
      vertex -0.685262 -5.20508 0
    endloop
  endfacet
  facet normal 0.683602 0.729855 -0
    outer loop
      vertex -3.46157 -3.94716 0
      vertex -3.71231 -3.71231 2
      vertex -3.46157 -3.94716 2
    endloop
  endfacet
  facet normal 0.683602 0.729855 0
    outer loop
      vertex -3.71231 -3.71231 2
      vertex -3.46157 -3.94716 0
      vertex -3.71231 -3.71231 0
    endloop
  endfacet
  facet normal 0.973879 -0.227068 0
    outer loop
      vertex -5.14912 1.02422 2
      vertex -5.07111 1.3588 0
      vertex -5.07111 1.3588 2
    endloop
  endfacet
  facet normal 0.973879 -0.227068 0
    outer loop
      vertex -5.07111 1.3588 0
      vertex -5.14912 1.02422 2
      vertex -5.14912 1.02422 0
    endloop
  endfacet
  facet normal 0.227068 -0.973879 0
    outer loop
      vertex -1.3588 5.07111 0
      vertex -1.02422 5.14912 2
      vertex -1.3588 5.07111 2
    endloop
  endfacet
  facet normal 0.227068 -0.973879 0
    outer loop
      vertex -1.02422 5.14912 2
      vertex -1.3588 5.07111 0
      vertex -1.02422 5.14912 0
    endloop
  endfacet
  facet normal 0.227068 0.973879 -0
    outer loop
      vertex -1.02422 -5.14912 0
      vertex -1.3588 -5.07111 2
      vertex -1.02422 -5.14912 2
    endloop
  endfacet
  facet normal 0.227068 0.973879 0
    outer loop
      vertex -1.3588 -5.07111 2
      vertex -1.02422 -5.14912 0
      vertex -1.3588 -5.07111 0
    endloop
  endfacet
  facet normal 0.81284 -0.582488 0
    outer loop
      vertex -4.36522 2.91674 2
      vertex -4.1651 3.196 0
      vertex -4.1651 3.196 2
    endloop
  endfacet
  facet normal 0.81284 -0.582488 0
    outer loop
      vertex -4.1651 3.196 0
      vertex -4.36522 2.91674 2
      vertex -4.36522 2.91674 0
    endloop
  endfacet
  facet normal 0.773021 -0.63438 0
    outer loop
      vertex -4.1651 3.196 2
      vertex -3.94716 3.46157 0
      vertex -3.94716 3.46157 2
    endloop
  endfacet
  facet normal 0.773021 -0.63438 0
    outer loop
      vertex -3.94716 3.46157 0
      vertex -4.1651 3.196 2
      vertex -4.1651 3.196 0
    endloop
  endfacet
  facet normal 0.63438 -0.773021 0
    outer loop
      vertex -3.46157 3.94716 0
      vertex -3.196 4.1651 2
      vertex -3.46157 3.94716 2
    endloop
  endfacet
  facet normal 0.63438 -0.773021 0
    outer loop
      vertex -3.196 4.1651 2
      vertex -3.46157 3.94716 0
      vertex -3.196 4.1651 0
    endloop
  endfacet
  facet normal 0.290289 0.956939 -0
    outer loop
      vertex -1.3588 -5.07111 0
      vertex -1.68756 -4.97138 2
      vertex -1.3588 -5.07111 2
    endloop
  endfacet
  facet normal 0.290289 0.956939 0
    outer loop
      vertex -1.68756 -4.97138 2
      vertex -1.3588 -5.07111 0
      vertex -1.68756 -4.97138 0
    endloop
  endfacet
  facet normal -0.683602 0.729855 0
    outer loop
      vertex 3.71231 -3.71231 0
      vertex 3.46157 -3.94716 2
      vertex 3.71231 -3.71231 2
    endloop
  endfacet
  facet normal -0.683602 0.729855 0
    outer loop
      vertex 3.46157 -3.94716 2
      vertex 3.71231 -3.71231 0
      vertex 3.46157 -3.94716 0
    endloop
  endfacet
  facet normal 0.528056 0.849209 -0
    outer loop
      vertex -2.625 -4.54663 0
      vertex -2.91674 -4.36522 2
      vertex -2.625 -4.54663 2
    endloop
  endfacet
  facet normal 0.528056 0.849209 0
    outer loop
      vertex -2.91674 -4.36522 2
      vertex -2.625 -4.54663 0
      vertex -2.91674 -4.36522 0
    endloop
  endfacet
  facet normal 0.849209 -0.528056 0
    outer loop
      vertex -4.54663 2.625 2
      vertex -4.36522 2.91674 0
      vertex -4.36522 2.91674 2
    endloop
  endfacet
  facet normal 0.849209 -0.528056 0
    outer loop
      vertex -4.36522 2.91674 0
      vertex -4.54663 2.625 2
      vertex -4.54663 2.625 0
    endloop
  endfacet
  facet normal 0.471393 -0.881923 0
    outer loop
      vertex -2.625 4.54663 0
      vertex -2.32201 4.70858 2
      vertex -2.625 4.54663 2
    endloop
  endfacet
  facet normal 0.471393 -0.881923 0
    outer loop
      vertex -2.32201 4.70858 2
      vertex -2.625 4.54663 0
      vertex -2.32201 4.70858 0
    endloop
  endfacet
  facet normal 0.582488 0.81284 -0
    outer loop
      vertex -2.91674 -4.36522 0
      vertex -3.196 -4.1651 2
      vertex -2.91674 -4.36522 2
    endloop
  endfacet
  facet normal 0.582488 0.81284 0
    outer loop
      vertex -3.196 -4.1651 2
      vertex -2.91674 -4.36522 0
      vertex -3.196 -4.1651 0
    endloop
  endfacet
endsolid OpenSCAD_Model
